-1.46148404941002,-2.61993594832394
-1.46148407459259,-2.61993598937988
-1.46148407459259,-2.61993598937988
-1.46148407459259,-2.61993598937988
-1.46148407459259,-2.61993598937988
-1.46148407459259,-2.61993598937988
-1.46148407459259,-2.61993598937988
-1.46148407459259,-2.61993598937988
-1.46148407459259,-2.61993598937988
-1.46148407459259,-2.61993598937988
-1.46148407459259,-2.61993598937988
-1.46148407459259,-2.61993598937988
-1.46148407459259,-2.61993598937988
-1.46148407459259,-2.61993598937988
-1.46148407459259,-2.61993598937988
-1.46148407459259,-2.61993598937988
-1.46148407459259,-2.61993598937988
-1.46148407459259,-2.61993598937988
-1.46148407459259,-2.61993598937988
-1.46148407459259,-2.61993598937988
-1.46148407459259,-2.61993598937988
-1.46148407459259,-2.61993598937988
-1.46148407459259,-2.61993598937988
-1.46148407459259,-2.61993598937988
-1.46148407459259,-2.61993598937988
-1.46148407459259,-2.61993598937988
-1.46148407459259,-2.61993598937988
-1.46148407459259,-2.61993598937988
-1.46148407459259,-2.61993598937988
-1.46148407459259,-2.61993598937988
-1.46148407459259,-2.61993598937988
-1.46148407459259,-2.61993598937988
-1.46148407459259,-2.61993598937988
-1.46148407459259,-2.61993598937988
-1.46148407459259,-2.61993598937988
-1.46148407459259,-2.61993598937988
-1.46148407459259,-2.61993598937988
-1.46148407459259,-2.61993598937988
-1.46148407459259,-2.61993598937988
-1.46148407459259,-2.61993598937988
-1.46148407459259,-2.61993598937988
-1.46148407459259,-2.61993598937988
-1.46148407459259,-2.61993598937988
-1.26618432998657,-2.66307663917542
0.198620051145554,-2.98664283752441
0.393958210945129,-3.02979183197021
0.393958210945129,-3.02979183197021
0.393958210945129,-3.02979183197021
0.393958210945129,-3.02979183197021
0.844020545482635,-3.02747821807861
1.44408476352692,-3.02439308166504
1.69410181045532,-3.0231077671051
2.19411182403564,-3.02053666114807
2.54414367675781,-3.01873707771301
2.8942186832428,-3.0169370174408
2.8942186832428,-3.0169370174408
2.8942186832428,-3.0169370174408
2.8942186832428,-3.0169370174408
2.8942186832428,-3.0169370174408
3.74290251731873,-2.96519446372986
3.74290251731873,-2.88182401657104
3.74290251731873,-2.87320280075073
3.74290251731873,-2.87320280075073
4.79454660415649,-2.29508376121521
5.10136795043945,-2.12641525268555
5.10136795043945,-2.12641525268555
5.10136795043945,-2.12641525268555
5.63680696487427,-2.25204515457153
6.65912008285522,-2.49190998077393
6.65912008285522,-2.49190998077393
6.65912008285522,-2.49190998077393
6.65912008285522,-2.49190998077393
6.65912008285522,-2.49190998077393
6.65912008285522,-2.49190998077393
6.65912008285522,-2.49190998077393
6.65912008285522,-2.49190998077393
6.65912008285522,-2.49190998077393
6.65912008285522,-2.49190998077393
6.65912008285522,-2.49190998077393
6.89181852340698,-2.58335399627686
6.89181852340698,-2.58335399627686
6.89181852340698,-2.58335399627686
6.89181852340698,-2.58335399627686
8.12075138092041,-3.14216589927673
9.48632431030273,-3.76310992240906
10.1691493988037,-4.1564040184021
10.1691493988037,-4.1564040184021
10.4423131942749,-4.37527465820312
11.6519985198975,-5.34452867507935
11.6910190582275,-5.37579345703125
11.6910190582275,-5.37579345703125
11.6910190582275,-5.37579345703125
11.6910190582275,-5.37579345703125
11.6910190582275,-5.37579345703125
11.6910190582275,-5.37579345703125
11.6910190582275,-5.37579345703125
11.6910190582275,-5.37579345703125
11.6910190582275,-5.37579345703125
11.6910190582275,-5.37579345703125
11.6910190582275,-5.37579345703125
11.6910190582275,-5.37579345703125
11.6910190582275,-5.37579345703125
11.6910190582275,-5.37579345703125
11.6910190582275,-5.37579345703125
11.6910190582275,-5.37579345703125
11.6120939254761,-5.31425905227661
10.9811849594116,-4.54567193984985
10.8234386444092,-4.54567193984985
10.6971588134766,-4.54567193984985
10.5139865875244,-4.51032638549805
10.384895324707,-4.41724348068237
9.66780757904053,-4.26607608795166
8.47285270690918,-3.35927748680115
7.27785587310791,-2.45244550704956
6.08288955688477,-1.54563653469086
4.88788080215454,-0.638795495033264
4.29043531417847,-0.185419380664825
4.29043531417847,-0.185419380664825
4.17095613479614,-0.0947515591979027
4.17095613479614,-0.0947515591979027
4.17095613479614,-0.0947515591979027
4.17095613479614,-0.0947515591979027
3.25480484962463,0.600476443767548
2.05979633331299,1.50731682777405
0.864791512489319,2.41415452957153
0.864791512489319,2.41415452957153
0.864791512489319,2.41415452957153
0.864791512489319,2.41415452957153
0.864791512489319,2.41415452957153
0.864791512489319,2.41415452957153
0.864791512489319,2.41415452957153
0.864791512489319,2.41415452957153
0.864791512489319,2.41415452957153
0.864791512489319,2.41415452957153
0.350292325019836,2.60848236083984
-0.164188921451569,2.80280327796936
-0.351371556520462,2.87350273132324
-0.351371556520462,2.87350273132324
-1.30733132362366,3.59892129898071
-1.30733132362366,3.59892129898071
-1.30733132362366,3.59892129898071
-1.30733132362366,3.59892129898071
-1.97797119617462,4.94078302383423
-2.15678858757019,5.29857444763184
-2.15678858757019,5.29857444763184
-2.15678858757019,5.29857444763184
-2.15678858757019,5.29857444763184
-2.15678858757019,5.29857444763184
-2.15678858757019,5.29857444763184
-2.15678858757019,5.29857444763184
-2.15678858757019,5.29857444763184
-2.15678858757019,5.29857444763184
-2.15678858757019,5.29857444763184
-2.35281920433044,5.52563428878784
-2.35281920433044,5.52563428878784
-2.35281920433044,5.52563428878784
-2.35281920433044,5.52563428878784
-2.35281920433044,5.52563428878784
-2.35281920433044,5.52563428878784
-2.35281920433044,5.52563428878784
-2.35281920433044,5.52563428878784
-2.35281920433044,5.52563428878784
-2.35281920433044,5.52563428878784
-2.35281920433044,5.52563428878784
-2.35281920433044,5.52563428878784
-2.35281920433044,5.52563428878784
-2.35281920433044,5.52563428878784
-2.35281920433044,5.52563428878784
-2.35281920433044,5.52563428878784
-2.35281920433044,5.52563428878784
-2.35281920433044,5.52563428878784
-2.35281920433044,5.52563428878784
-2.35281920433044,5.52563428878784
-2.35281920433044,5.52563428878784
-2.35281920433044,5.52563428878784
-2.35281920433044,5.52563428878784
-2.35281920433044,5.52563428878784
-2.35281920433044,5.52563428878784
-2.35281920433044,5.52563428878784
-2.35281920433044,5.52563428878784
-2.35281920433044,5.52563428878784
-2.51582932472229,5.99826955795288
-2.5321946144104,6.04571962356567
-3.0212070941925,7.46357440948486
-3.42882084846497,8.64541912078857
-3.42882084846497,8.64541912078857
-3.47797060012817,8.78792572021484
-3.95063042640686,10.2054986953735
-4.43968725204468,11.6234865188599
-4.92879962921143,13.0416316986084
-5.10812759399414,13.5615797042847
-5.10812759399414,13.5615797042847
-5.10812759399414,13.5615797042847
-5.10812759399414,13.5615797042847
-5.10812759399414,13.5615797042847
-5.10812759399414,13.5615797042847
-5.10812759399414,13.5615797042847
-5.10812759399414,13.5615797042847
-5.10812759399414,13.5615797042847
-5.26740264892578,12.4225330352783
-5.29509496688843,12.2244930267334
-5.29509496688843,12.2244930267334
-5.29509496688843,12.2244930267334
-5.29509496688843,12.2244930267334
-5.29509496688843,12.2244930267334
-5.29509496688843,12.2244930267334
-5.29509496688843,12.2244930267334
-5.103440284729,11.3450498580933
-4.7840256690979,9.87935733795166
-4.46461963653564,8.75514316558838
-4.14520454406738,8.70624542236328
-3.83644604682922,8.55985355377197
-3.55966758728027,8.55985355377197
-3.2509229183197,7.38731527328491
-3.14447402954102,6.89885568618774
-2.8430609703064,5.42982959747314
-2.73329639434814,3.93384528160095
-2.62743782997131,2.43747019767761
-2.52157974243164,0.941096007823944
-2.46512269973755,0.143039345741272
-2.46512269973755,0.143039345741272
-2.46512269973755,0.143039345741272
-2.46512269973755,0.143039345741272
-2.52477169036865,-0.454032868146896
-2.52477169036865,-0.454032868146896
-2.52477169036865,-0.454032868146896
-2.52477169036865,-0.454032868146896
-2.52477169036865,-0.454032868146896
-2.52477169036865,-0.454032868146896
-2.52477169036865,-0.454032868146896
-2.52477169036865,-0.454032868146896
-2.52477169036865,-0.454032868146896
-2.52477169036865,-0.454032868146896
-2.52477169036865,-0.454032868146896
-2.52477169036865,-0.454032868146896
-2.52477169036865,-0.454032868146896
-2.52477169036865,-0.454032868146896
-2.52477169036865,-0.454032868146896
-2.52477169036865,-0.454032868146896
-1.91969478130341,-0.691748023033142
-1.50079917907715,-0.856318712234497
-1.50079917907715,-0.856318712234497
-1.50079917907715,-0.856318712234497
-1.50079917907715,-0.856318712234497
-1.50079917907715,-0.856318712234497
-0.756142437458038,-1.14887058734894
-0.290664613246918,-1.33174180984497
-0.290664613246918,-1.33174180984497
-0.290664613246918,-1.33174180984497
-0.290664613246918,-1.33174180984497
-0.290664613246918,-1.33174180984497
-0.290664613246918,-1.33174180984497
-0.290664613246918,-1.33174180984497
-0.190277352929115,-2.52761697769165
-0.0647829994559288,-4.02258348464966
0.0356061011552811,-5.21848011016846
0.0356061011552811,-5.21848011016846
0.0356061011552811,-5.21848011016846
0.0356061011552811,-5.21848011016846
0.0356061011552811,-5.21848011016846
0.0356061011552811,-5.21848011016846
0.0356061011552811,-5.21848011016846
0.0356061011552811,-5.21848011016846
0.0356061011552811,-5.21848011016846
0.0356061011552811,-5.21848011016846
0.0356061011552811,-5.21848011016846
-0.0962353721261024,-5.85499048233032
-0.400489330291748,-7.32387828826904
-0.562760293483734,-8.10729503631592
-0.562760293483734,-8.10729503631592
-0.562760293483734,-8.10729503631592
-0.562760293483734,-8.10729503631592
-0.562760293483734,-8.10729503631592
-0.562760293483734,-8.10729503631592
-0.562760293483734,-8.10729503631592
-0.562760293483734,-8.10729503631592
-0.562760293483734,-8.10729503631592
-0.562760293483734,-8.10729503631592
-0.562760293483734,-8.10729503631592
-0.562760293483734,-8.10729503631592
-0.800253689289093,-9.33453750610352
-1.08461904525757,-10.8074369430542
-1.13622951507568,-12.3043537139893
-1.12841057777405,-13.8043413162231
-1.12684607505798,-14.1044502258301
-1.12684607505798,-14.1044502258301
-1.12684607505798,-14.1044502258301
-1.12684607505798,-14.1044502258301
-1.12684607505798,-14.1044502258301
-1.12684607505798,-14.1044502258301
-1.12684607505798,-14.1044502258301
-1.12684607505798,-14.1044502258301
-1.12684607505798,-14.1044502258301
-1.12684607505798,-14.1044502258301
-1.12684607505798,-14.1044502258301
-1.12684607505798,-14.1044502258301
-1.12684607505798,-14.1044502258301
-1.12684607505798,-14.1044502258301
-1.12684607505798,-14.1044502258301
-1.12684607505798,-14.1044502258301
-1.12684607505798,-14.1044502258301
-1.19743251800537,-13.9719247817993
-1.57342481613159,-13.2660026550293
-1.57342481613159,-13.2660026550293
-1.57342481613159,-13.2660026550293
-1.57342481613159,-13.2660026550293
-1.57342481613159,-13.2660026550293
-1.57342481613159,-13.2660026550293
-1.92453694343567,-11.9107723236084
-2.26604199409485,-10.452036857605
-2.48232650756836,-8.96803569793701
-2.85647249221802,-7.51534938812256
-3.23252749443054,-6.0631275177002
-3.60857009887695,-4.61094808578491
-3.98461651802063,-3.15875911712646
-4.36066293716431,-1.70656633377075
-4.41080856323242,-1.51291799545288
-4.41080856323242,-1.51291799545288
-4.47310066223145,-0.76646089553833
-4.47310066223145,-0.76646089553833
-4.47310066223145,-0.76646089553833
-4.47310066223145,-0.76646089553833
-4.47310066223145,-0.76646089553833
-4.47310066223145,-0.76646089553833
-4.47310066223145,-0.76646089553833
-4.47310066223145,-0.76646089553833
-4.47310066223145,-0.76646089553833
-4.72225475311279,-0.787212371826172
-4.72225475311279,-0.787212371826172
-6.06772375106812,-0.899273216724396
-7.56267213821411,-1.02378368377686
-9.05876159667969,-1.11899936199188
-10.5281620025635,-0.83397388458252
-11.4986085891724,-0.592452883720398
-11.4986085891724,-0.592452883720398
-11.4986085891724,-0.592452883720398
-11.4986085891724,-0.592452883720398
-11.8548469543457,0.28831821680069
-11.8548469543457,0.28831821680069
-11.8548469543457,0.28831821680069
-11.8548469543457,0.28831821680069
-11.8548469543457,0.28831821680069
-11.8548469543457,0.28831821680069
-11.8548469543457,0.28831821680069
-11.8548469543457,0.28831821680069
-11.8548469543457,0.28831821680069
-11.8548469543457,0.28831821680069
-11.8548469543457,0.28831821680069
-11.8548469543457,0.28831821680069
-11.8548469543457,0.28831821680069
-11.5237646102905,0.905254423618317
-11.5237646102905,0.905254423618317
-11.5237646102905,0.905254423618317
-11.5237646102905,0.905254423618317
-11.5237646102905,0.905254423618317
-11.5237646102905,0.905254423618317
-11.5237646102905,0.905254423618317
-10.7499685287476,1.25486874580383
-10.2478857040405,1.48171830177307
-10.2478857040405,1.48171830177307
-10.2478857040405,1.48171830177307
-10.2478857040405,1.48171830177307
-10.2478857040405,1.48171830177307
-10.2478857040405,1.48171830177307
-10.2478857040405,1.48171830177307
-10.2478857040405,1.48171830177307
-10.2478857040405,1.48171830177307
-10.2478857040405,1.48171830177307
-10.2478857040405,1.48171830177307
-10.2478857040405,1.48171830177307
-10.2478857040405,1.48171830177307
-10.2478857040405,1.48171830177307
-10.2478857040405,1.48171830177307
-10.2478857040405,1.48171830177307
-10.2478857040405,1.48171830177307
-10.2478857040405,1.48171830177307
-10.2478857040405,1.48171830177307
-10.2478857040405,1.48171830177307
-10.2478857040405,1.48171830177307
-10.2478857040405,1.48171830177307
-10.2478857040405,1.48171830177307
-10.2478857040405,1.48171830177307
-10.2478857040405,1.48171830177307
-10.2478857040405,1.48171830177307
-10.2478857040405,1.48171830177307
-10.2478857040405,1.48171830177307
-10.2478857040405,1.48171830177307
-10.2478857040405,1.48171830177307
-10.2478857040405,1.48171830177307
-10.2478857040405,1.48171830177307
-10.2478857040405,1.48171830177307
-10.8496074676514,1.23796617984772
-12.0219173431396,0.315913647413254
-12.751145362854,-0.982867419719696
-12.9280023574829,-2.46407437324524
-12.5585384368896,-3.91104698181152
-12.0587501525879,-5.32637119293213
-11.269868850708,-6.59719181060791
-10.4132356643677,-7.82869386672974
-9.49576759338379,-9.01447486877441
-8.43070220947266,-10.0669260025024
-7.91383361816406,-10.5390892028809
-7.00806713104248,-11.3264923095703
-5.67863941192627,-12.0164070129395
-4.32174444198608,-12.6537580490112
-2.90339994430542,-13.13330078125
-1.42974472045898,-13.4029064178467
0.067427009344101,-13.4563817977905
0.268382102251053,-13.4525957107544
0.268382102251053,-13.4525957107544
1.05791223049164,-13.3230848312378
1.93360197544098,-13.1211948394775
3.14821481704712,-12.6647958755493
4.43511629104614,-11.8940486907959
4.60725593566895,-11.7903385162354
4.60725593566895,-11.7903385162354
4.60725593566895,-11.7903385162354
4.60725593566895,-11.7903385162354
4.60725593566895,-11.7903385162354
4.60725593566895,-11.7903385162354
4.60725593566895,-11.7903385162354
4.60725593566895,-11.7903385162354
4.60725593566895,-11.7903385162354
4.60725593566895,-11.7903385162354
4.60725593566895,-11.7903385162354
4.60725593566895,-11.7903385162354
4.60725593566895,-11.7903385162354
4.60725593566895,-11.7903385162354
4.60725593566895,-11.7903385162354
4.60725593566895,-11.7903385162354
4.60725593566895,-11.7903385162354
4.60725593566895,-11.7903385162354
4.60725593566895,-11.7903385162354
5.77211618423462,-11.3456630706787
7.06732034683228,-10.5890588760376
8.29739856719971,-9.73359680175781
9.45174026489258,-8.77640628814697
9.76958274841309,-8.45783424377441
9.76958274841309,-8.45783424377441
9.76958274841309,-8.45783424377441
9.76958274841309,-8.45783424377441
9.76958274841309,-8.45783424377441
9.76958274841309,-8.45783424377441
9.76958274841309,-8.45783424377441
9.76958274841309,-8.45783424377441
9.76958274841309,-8.45783424377441
9.76958274841309,-8.45783424377441
10.365870475769,-7.8521523475647
11.2867383956909,-6.66857624053955
12.1692247390747,-5.45661163330078
12.7567253112793,-4.07807683944702
13.2334594726562,-2.6581871509552
13.4844074249268,-1.18413281440735
13.4273414611816,-0.0862905457615852
13.4273414611816,-0.0862905457615852
13.4273414611816,-0.0862905457615852
13.4273414611816,-0.0862905457615852
13.4273414611816,-0.0862905457615852
13.4273414611816,-0.0862905457615852
13.4273414611816,-0.0862905457615852
13.4152784347534,-0.0373027622699738
13.0034399032593,1.40291178226471
12.4576692581177,2.80021238327026
11.8421726226807,4.16601657867432
11.1358489990234,5.48966360092163
10.3311882019043,6.75465393066406
9.47080993652344,7.98186254501343
8.51899909973145,9.14223384857178
7.94168519973755,9.7651424407959
7.94168519973755,9.7651424407959
7.94168519973755,9.7651424407959
7.94168519973755,9.7651424407959
7.94168519973755,9.7651424407959
7.94168519973755,9.7651424407959
7.94168519973755,9.7651424407959
7.94168519973755,9.7651424407959
7.94168519973755,9.7651424407959
7.94168519973755,9.7651424407959
7.94168519973755,9.7651424407959
7.94168519973755,9.7651424407959
7.94168519973755,9.7651424407959
7.94168519973755,9.7651424407959
7.94168519973755,9.7651424407959
7.94168519973755,9.7651424407959
7.94168519973755,9.7651424407959
7.94168519973755,9.7651424407959
7.63355398178101,10.6636657714844
6.80603265762329,11.903733253479
5.56723833084106,12.7324237823486
4.10899543762207,13.0597906112671
2.61850500106812,13.2067756652832
1.12864005565643,13.0353260040283
0.235526636242867,12.9242782592773
0.235526636242867,12.9242782592773
-0.155827909708023,12.702054977417
-0.851702630519867,12.3069162368774
-0.851702630519867,12.3069162368774
-0.851702630519867,12.3069162368774
-0.851702630519867,12.3069162368774
-0.851702630519867,12.3069162368774
-0.851702630519867,12.3069162368774
-0.851702630519867,12.3069162368774
-1.7505396604538,12.2623815536499
-3.22114729881287,11.9708776473999
-4.68066644668579,11.6275815963745
-6.09832334518433,11.137020111084
-7.46205186843872,10.5201644897461
-8.73059272766113,9.72312545776367
-9.57777976989746,8.94914531707764
-9.57777976989746,8.94914531707764
-9.57777976989746,8.94914531707764
-10.0181512832642,8.28134822845459
-10.8434362411499,7.02867221832275
-11.4733085632324,5.66888236999512
-12.0571985244751,4.28720140457153
-12.3782558441162,2.82799768447876
-12.5589179992676,1.33909904956818
-12.576361656189,-0.160651490092278
-12.4875030517578,-1.6538063287735
-12.1927394866943,-2.66190028190613
-12.1927394866943,-2.66190028190613
-12.1927394866943,-2.66190028190613
-12.1927394866943,-2.66190028190613
-12.1927394866943,-2.66190028190613
-12.1927394866943,-2.66190028190613
-12.1927394866943,-2.66190028190613
-12.1927394866943,-2.66190028190613
-12.1927394866943,-2.66190028190613
-12.1927394866943,-2.66190028190613
-12.1927394866943,-2.66190028190613
-12.1927394866943,-2.66190028190613
-12.1927394866943,-2.66190028190613
-12.1927394866943,-2.66190028190613
-12.1927394866943,-2.66190028190613
-12.1927394866943,-2.66190028190613
-12.1927394866943,-2.66190028190613
-12.1927394866943,-2.66190028190613
-12.1927394866943,-2.66190028190613
-12.1927394866943,-2.66190028190613
-12.1927394866943,-2.66190028190613
-12.1927394866943,-2.66190028190613
-12.1927394866943,-2.66190028190613
-12.1927394866943,-2.66190028190613
-12.1927394866943,-2.66190028190613
-12.1927394866943,-2.66190028190613
-12.1927394866943,-2.66190028190613
-12.1927394866943,-2.66190028190613
-12.1927394866943,-2.66190028190613
-11.8148555755615,-3.80082678794861
-11.217945098877,-5.17474603652954
-10.547308921814,-6.5164155960083
-9.7422571182251,-7.78065204620361
-9.47781085968018,-8.08032417297363
-9.47781085968018,-8.08032417297363
-9.47781085968018,-8.08032417297363
-8.52925205230713,-9.03898620605469
-7.74441480636597,-9.73667335510254
-7.74441480636597,-9.73667335510254
-7.74441480636597,-9.73667335510254
-6.7237720489502,-10.6194915771484
-5.47341251373291,-11.4482040405273
-4.19508171081543,-12.2296342849731
-2.75916171073914,-12.6571922302246
-1.2767596244812,-12.860408782959
0.221157029271126,-12.8743305206299
1.69373965263367,-12.6294536590576
1.69373965263367,-12.6294536590576
1.69373965263367,-12.6294536590576
1.69373965263367,-12.6294536590576
1.69373965263367,-12.6294536590576
1.69373965263367,-12.6294536590576
1.69373965263367,-12.6294536590576
1.69373965263367,-12.6294536590576
1.74121391773224,-12.6136894226074
3.16499733924866,-12.1409158706665
4.58848428726196,-11.6682415008545
5.95800542831421,-11.0585861206055
7.26707315444946,-10.3323516845703
7.92356967926025,-9.8748664855957
8.63685035705566,-9.32760524749756
8.63685035705566,-9.32760524749756
8.63685035705566,-9.32760524749756
9.39816379547119,-8.40002822875977
9.39816379547119,-8.40002822875977
9.39816379547119,-8.40002822875977
9.53752040863037,-8.25698566436768
10.4456739425659,-7.06391286849976
11.3354301452637,-5.85612440109253
12.158974647522,-4.6062445640564
12.6817684173584,-3.20054268836975
13.0456771850586,-1.75206673145294
13.0656251907349,-1.20238792896271
12.9760046005249,-0.659650027751923
12.7316112518311,0.820385873317719
12.6501016616821,1.314000248909
12.3228540420532,2.7748966217041
12.1427402496338,3.29424715042114
11.5514755249023,4.67030763626099
10.8792200088501,6.01122426986694
10.1403589248657,7.3144383430481
9.19330215454102,8.470458984375
8.11197853088379,9.51009750366211
7.93173551559448,9.68339252471924
7.93173551559448,9.68339252471924
7.93173551559448,9.68339252471924
7.93173551559448,9.68339252471924
7.93173551559448,9.68339252471924
7.93173551559448,9.68339252471924
7.93173551559448,9.68339252471924
7.93173551559448,9.68339252471924
7.93173551559448,9.68339252471924
7.93173551559448,9.68339252471924
7.93173551559448,9.68339252471924
7.93173551559448,9.68339252471924
7.93173551559448,9.68339252471924
7.93173551559448,9.68339252471924
7.93173551559448,9.68339252471924
7.15950393676758,10.2367391586304
5.94005393981934,11.1105394363403
4.68897867202759,11.9339084625244
3.27576160430908,12.4342136383057
1.80256962776184,12.6904220581055
1.00623536109924,12.7687587738037
1.00623536109924,12.7687587738037
0.958702206611633,12.7529621124268
-0.180035024881363,12.3745231628418
-0.180035024881363,12.3745231628418
-0.180035024881363,12.3745231628418
-0.180035024881363,12.3745231628418
-0.180035024881363,12.3745231628418
-0.180035024881363,12.3745231628418
-0.180035024881363,12.3745231628418
-0.180035024881363,12.3745231628418
-0.180035024881363,12.3745231628418
-0.180035024881363,12.3745231628418
-0.180035024881363,12.3745231628418
-0.180035024881363,12.3745231628418
-0.180035024881363,12.3745231628418
-0.775295078754425,12.1133403778076
-2.09269595146179,11.3970651626587
-3.5095009803772,10.932448387146
-4.97734498977661,10.6315622329712
-6.40431690216064,10.1711206436157
-7.76664447784424,9.54279232025146
-9.0656213760376,8.79848957061768
-10.2569446563721,7.89389801025391
-11.234748840332,6.75865936279297
-12.0597972869873,5.50562047958374
-12.7396841049194,4.17046451568604
-13.1827898025513,2.73809218406677
-13.386757850647,1.25252401828766
-13.411581993103,1.05373394489288
-13.2089939117432,-0.12414525449276
-13.0484848022461,-0.544796049594879
-12.5015335083008,-1.9414918422699
-12.2644329071045,-2.54695129394531
-12.2644329071045,-2.54695129394531
-12.2644329071045,-2.54695129394531
-12.2644329071045,-2.54695129394531
-12.2644329071045,-2.54695129394531
-11.9309167861938,-3.69974184036255
-11.5008859634399,-5.1366810798645
-10.8585710525513,-6.49179744720459
-10.0979681015015,-7.7824125289917
-9.17795562744141,-8.96463966369629
-8.69442844390869,-9.53804874420166
-8.69442844390869,-9.53804874420166
-8.13997936248779,-10.0436134338379
-7.0312819480896,-11.0536689758301
-5.74730920791626,-11.8154535293579
-4.37663173675537,-12.4252433776855
-2.91791915893555,-12.7688007354736
-1.44487345218658,-13.0472354888916
0.0544109791517258,-13.0407285690308
0.0544109791517258,-13.0407285690308
0.0544109791517258,-13.0407285690308
0.0544109791517258,-13.0407285690308
0.0544109791517258,-13.0407285690308
0.0544109791517258,-13.0407285690308
1.44446277618408,-12.9131813049316
1.63706493377686,-12.8587789535522
1.63706493377686,-12.8587789535522
1.63706493377686,-12.8587789535522
2.04689025878906,-12.6727743148804
3.45837712287903,-12.0321483612061
4.82469081878662,-11.4120292663574
6.16280555725098,-10.7394123077393
7.39284801483154,-9.88090419769287
8.55562496185303,-8.93799114227295
8.84735107421875,-8.664381980896
8.84735107421875,-8.664381980896
8.84735107421875,-8.664381980896
8.84735107421875,-8.664381980896
8.84735107421875,-8.664381980896
8.84735107421875,-8.664381980896
8.84735107421875,-8.664381980896
9.33019065856934,-8.30822658538818
10.4810781478882,-7.35149574279785
11.5028266906738,-6.25319719314575
12.2301225662231,-4.95212411880493
12.5603179931641,-3.95539236068726
12.5603179931641,-3.95539236068726
12.5603179931641,-3.95539236068726
12.5603179931641,-3.95539236068726
12.5603179931641,-3.95539236068726
12.5603179931641,-3.95539236068726
12.5603179931641,-3.95539236068726
12.5603179931641,-3.95539236068726
12.7127962112427,-2.61591792106628
12.7410001754761,-1.11607420444489
12.7626571655273,0.38377457857132
12.5210647583008,1.86311113834381
12.1948289871216,3.32560515403748
11.6836624145508,4.73581886291504
11.1020660400391,6.11622714996338
10.3418006896973,7.4058985710144
10.2273435592651,7.56985092163086
10.2273435592651,7.56985092163086
10.2273435592651,7.56985092163086
10.2273435592651,7.56985092163086
10.2273435592651,7.56985092163086
10.2273435592651,7.56985092163086
10.2273435592651,7.56985092163086
10.2273435592651,7.56985092163086
10.2273435592651,7.56985092163086
10.2273435592651,7.56985092163086
10.2273435592651,7.56985092163086
10.2273435592651,7.56985092163086
10.2273435592651,7.56985092163086
10.2273435592651,7.56985092163086
10.2273435592651,7.56985092163086
10.2273435592651,7.56985092163086
10.2273435592651,7.56985092163086
10.2273435592651,7.56985092163086
10.2273435592651,7.56985092163086
10.2273435592651,7.56985092163086
10.2273435592651,7.56985092163086
10.2273435592651,7.56985092163086
10.2273435592651,7.56985092163086
10.2273435592651,7.56985092163086
9.9614429473877,7.8686351776123
8.96410179138184,8.98931694030762
8.00801181793213,9.93984794616699
8.00801181793213,9.93984794616699
8.00801181793213,9.93984794616699
8.00801181793213,9.93984794616699
8.00801181793213,9.93984794616699
8.00801181793213,9.93984794616699
8.00801181793213,9.93984794616699
8.00801181793213,9.93984794616699
8.00801181793213,9.93984794616699
8.00801181793213,9.93984794616699
8.00801181793213,9.93984794616699
8.00801181793213,9.93984794616699
8.00801181793213,9.93984794616699
8.00801181793213,9.93984794616699
8.00801181793213,9.93984794616699
8.00801181793213,9.93984794616699
8.00801181793213,9.93984794616699
7.6456937789917,10.2063074111938
7.6456937789917,10.2063074111938
7.6456937789917,10.2063074111938
7.6456937789917,10.2063074111938
7.6456937789917,10.2063074111938
7.60561561584473,10.2357816696167
6.39716672897339,11.1245069503784
5.16080331802368,11.9705839157104
3.76078844070435,12.5068521499634
2.31490230560303,12.8837928771973
0.821965396404266,13.0297250747681
0.821965396404266,13.0297250747681
0.821965396404266,13.0297250747681
0.676351845264435,12.993631362915
0.239539071917534,12.8853559494019
0.239539071917534,12.8853559494019
0.239539071917534,12.8853559494019
0.139399513602257,12.889214515686
-1.33902263641357,12.6703176498413
-2.80024647712708,12.328426361084
-4.23309707641602,11.8897848129272
-5.6089391708374,11.2952394485474
-6.86614847183228,10.4914636611938
-7.98669910430908,9.49425411224365
-9.00901508331299,8.40106010437012
-9.10408878326416,8.28503322601318
-9.99148464202881,7.20205974578857
-10.9010581970215,6.01163911819458
-11.5355348587036,4.65282583236694
-12.1317329406738,3.27708959579468
-12.3292903900146,1.79668295383453
-12.3771553039551,0.29730412364006
-12.3013887405396,-1.19914698600769
-12.237021446228,-1.9464465379715
-12.237021446228,-1.9464465379715
-12.237021446228,-1.9464465379715
-12.237021446228,-1.9464465379715
-12.237021446228,-1.9464465379715
-12.237021446228,-1.9464465379715
-12.237021446228,-1.9464465379715
-12.237021446228,-1.9464465379715
-12.237021446228,-1.9464465379715
-12.1628894805908,-2.69279909133911
-11.9435691833496,-4.17416095733643
-11.5254077911377,-5.61352920532227
-10.9077119827271,-6.97388410568237
-9.9330472946167,-8.11302185058594
-8.89998531341553,-9.19974040985107
-8.25063896179199,-9.82295894622803
-8.12863254547119,-9.91022491455078
-6.90856599807739,-10.7828960418701
-6.29851484298706,-11.2192440032959
-6.29851484298706,-11.2192440032959
-6.29851484298706,-11.2192440032959
-6.29851484298706,-11.2192440032959
-6.29851484298706,-11.2192440032959
-6.29851484298706,-11.2192440032959
-6.29851484298706,-11.2192440032959
-6.29851484298706,-11.2192440032959
-6.29851484298706,-11.2192440032959
-6.29851484298706,-11.2192440032959
-6.29851484298706,-11.2192440032959
-6.29851484298706,-11.2192440032959
-6.29851484298706,-11.2192440032959
-6.29851484298706,-11.2192440032959
-5.07618474960327,-12.0887060165405
-4.03418684005737,-12.5668525695801
-3.56160449981689,-12.7302503585815
-2.51323986053467,-12.7930974960327
-1.76466810703278,-12.8365631103516
-1.22000801563263,-12.7607231140137
0.0677681267261505,-12.58141040802
0.513484477996826,-12.5193490982056
1.45445466041565,-12.3883256912231
1.45445466041565,-12.3883256912231
1.45445466041565,-12.3883256912231
1.45445466041565,-12.3883256912231
1.45445466041565,-12.3883256912231
1.45445466041565,-12.3883256912231
1.45445466041565,-12.3883256912231
1.45445466041565,-12.3883256912231
0.932550489902496,-12.5622253417969
-0.371339917182922,-13.2895975112915
-1.64039897918701,-13.9777889251709
-3.0808641910553,-14.4994554519653
-3.66170525550842,-14.4994554519653
-3.66170525550842,-14.4994554519653
-3.62942337989807,-14.46107006073
-2.46037435531616,-13.5373191833496
-1.04560506343842,-13.0443344116211
0.389444082975388,-12.6073589324951
1.82449054718018,-12.1703853607178
3.25952076911926,-11.7334156036377
4.69455718994141,-11.296443939209
6.00824785232544,-10.815110206604
7.35472965240479,-10.1625938415527
8.61702823638916,-9.35200214385986
9.16033840179443,-8.91197109222412
9.93718528747559,-8.13446426391602
10.2910203933716,-7.71375322341919
10.2910203933716,-7.71375322341919
10.5482950210571,-7.34395313262939
10.6054553985596,-7.26179313659668
10.6054553985596,-7.26179313659668
11.4335794448853,-6.07147121429443
11.7763376235962,-5.5787992477417
11.7763376235962,-5.5787992477417
11.7763376235962,-5.5787992477417
11.7763376235962,-5.5787992477417
11.7763376235962,-5.5787992477417
11.7763376235962,-5.5787992477417
11.7763376235962,-5.5787992477417
11.7763376235962,-5.5787992477417
11.7763376235962,-5.5787992477417
11.7763376235962,-5.5787992477417
11.7763376235962,-5.5787992477417
11.7763376235962,-5.5787992477417
11.7763376235962,-5.5787992477417
11.7763376235962,-5.5787992477417
11.7763376235962,-5.5787992477417
11.7763376235962,-5.5787992477417
11.9035234451294,-5.30703592300415
12.4651527404785,-3.91697931289673
12.6584062576294,-3.40208148956299
12.6584062576294,-3.40208148956299
12.6584062576294,-3.40208148956299
12.6584062576294,-3.40208148956299
12.6584062576294,-3.40208148956299
12.8122062683105,-2.71935820579529
12.9173173904419,-1.22361695766449
12.9636564254761,-0.424828201532364
12.9162158966064,-0.179302170872688
12.8687467575073,0.0663746893405914
12.8687467575073,0.0663746893405914
12.8687467575073,0.0663746893405914
12.8687467575073,0.0663746893405914
12.8687467575073,0.0663746893405914
12.481635093689,1.14913141727448
12.1365823745728,2.14086318016052
12.1365823745728,2.14086318016052
12.1365823745728,2.14086318016052
12.1365823745728,2.14086318016052
12.1365823745728,2.14086318016052
12.1365823745728,2.14086318016052
12.1365823745728,2.14086318016052
12.1365823745728,2.14086318016052
12.1365823745728,2.14086318016052
12.1365823745728,2.14086318016052
12.1365823745728,2.14086318016052
12.1365823745728,2.14086318016052
12.1365823745728,2.14086318016052
12.1365823745728,2.14086318016052
12.1365823745728,2.14086318016052
12.1365823745728,2.14086318016052
12.1365823745728,2.14086318016052
12.1365823745728,2.14086318016052
12.1365823745728,2.14086318016052
12.1365823745728,2.14086318016052
12.4865198135376,2.13444709777832
12.8860454559326,2.127121925354
11.4362106323242,2.15370535850525
11.4362106323242,2.15370535850525
11.4362106323242,2.15370535850525
11.4362106323242,2.15370535850525
11.4362106323242,2.15370535850525
11.4362106323242,2.15370535850525
11.4362106323242,2.15370535850525
11.4362106323242,2.15370535850525
11.7020587921143,3.27194714546204
11.6901998519897,4.76881504058838
11.4892416000366,6.25040340423584
10.8950252532959,7.62791728973389
10.1553611755371,8.92437076568604
9.00220584869385,9.87288951873779
8.20143795013428,10.3837442398071
8.20143795013428,10.3837442398071
8.20143795013428,10.3837442398071
7.77966117858887,10.6528196334839
6.51506567001343,11.4595746994019
5.22897911071777,12.2288484573364
3.83688187599182,12.7872838973999
2.37771320343018,13.1291875839233
0.901172876358032,13.3807945251465
-0.448606163263321,13.3562231063843
-0.448606163263321,13.3562231063843
-0.448606163263321,13.3562231063843
-0.545648097991943,13.3320999145508
-2.00168609619141,12.9701557159424
-3.44256925582886,12.5601472854614
-4.83124303817749,11.9931526184082
-6.16673803329468,11.3167562484741
-7.44944763183594,10.5395975112915
-8.6109561920166,9.59605026245117
-9.71759510040283,8.58336353302002
-10.7421951293945,7.49095773696899
-11.6839838027954,6.32449340820312
-12.4296932220459,5.02729606628418
-12.9560127258301,3.6225426197052
-13.110221862793,3.19983291625977
-13.110221862793,3.19983291625977
-13.110221862793,3.19983291625977
-13.110221862793,3.19983291625977
-13.2084980010986,2.25528240203857
-13.0757446289062,0.762354075908661
-12.9070529937744,-0.728492259979248
-12.8958368301392,-0.827624499797821
-12.8958368301392,-0.827624499797821
-12.8958368301392,-0.827624499797821
-12.8958368301392,-0.827624499797821
-12.8958368301392,-0.827624499797821
-12.8958368301392,-0.827624499797821
-12.6419191360474,-1.79524922370911
-12.4896879196167,-2.37535762786865
-12.4896879196167,-2.37535762786865
-12.4896879196167,-2.37535762786865
-12.4896879196167,-2.37535762786865
-12.4896879196167,-2.37535762786865
-12.4896879196167,-2.37535762786865
-12.4896879196167,-2.37535762786865
-12.4896879196167,-2.37535762786865
-12.4896879196167,-2.37535762786865
-12.4896879196167,-2.37535762786865
-12.4896879196167,-2.37535762786865
-12.4896879196167,-2.37535762786865
-12.4896879196167,-2.37535762786865
-12.4896879196167,-2.37535762786865
-12.4896879196167,-2.37535762786865
-12.4896879196167,-2.37535762786865
-12.4896879196167,-2.37535762786865
-12.4896879196167,-2.37535762786865
-12.4896879196167,-2.37535762786865
-12.4896879196167,-2.37535762786865
-12.1882543563843,-3.06220746040344
-11.5854301452637,-4.43581199645996
-10.9825801849365,-5.80946111679077
-10.3092079162598,-7.14726209640503
-9.5123233795166,-8.41800689697266
-8.56853008270264,-9.58279609680176
-7.43267297744751,-10.5583562850952
-6.18989419937134,-11.3984231948853
-4.86235332489014,-12.0816440582275
-3.43826270103455,-12.5528173446655
-1.98054051399231,-12.8789167404175
-0.484270751476288,-12.9850940704346
1.00835788249969,-12.9135971069336
1.99690639972687,-12.762469291687
1.99690639972687,-12.762469291687
1.99690639972687,-12.762469291687
2.27625274658203,-12.6527786254883
3.67256093025208,-12.1044960021973
5.0262131690979,-11.4649343490601
6.32925128936768,-10.7219038009644
7.63266897201538,-9.97865104675293
8.8978328704834,-9.17834758758545
9.22856426239014,-8.87322998046875
10.2446880340576,-7.7742748260498
11.1642608642578,-6.58906412124634
11.9340362548828,-5.30817174911499
12.4862146377563,-3.91755604743958
12.8058824539185,-2.45180320739746
12.981954574585,-0.965252637863159
13.0619621276855,0.532499432563782
13.0455369949341,0.882121682167053
13.0455369949341,0.882121682167053
13.0455369949341,0.882121682167053
12.4721307754517,1.36421120166779
11.4769802093506,2.20087957382202
11.4769802093506,2.20087957382202
11.4769802093506,2.20087957382202
11.4769802093506,2.20087957382202
11.4769802093506,2.20087957382202
11.4769802093506,2.20087957382202
11.4769802093506,2.20087957382202
11.2207527160645,3.52639722824097
10.9360513687134,4.9992151260376
10.3877582550049,6.38627862930298
9.6447057723999,7.68938875198364
8.88986206054688,8.9854211807251
8.5478401184082,9.41556739807129
8.5478401184082,9.41556739807129
8.5478401184082,9.41556739807129
8.5478401184082,9.41556739807129
8.05634021759033,9.98208808898926
8.05634021759033,9.98208808898926
7.82691860198975,10.2465295791626
6.81269598007202,11.349760055542
5.63088464736938,12.2716197967529
4.276611328125,12.9147529602051
3.51378870010376,13.1505546569824
3.36415600776672,13.1611557006836
1.86773085594177,13.2671728134155
0.620424926280975,13.3457069396973
0.620424926280975,13.3457069396973
0.620424926280975,13.3457069396973
0.620424926280975,13.3457069396973
0.620424926280975,13.3457069396973
0.620424926280975,13.3457069396973
0.620424926280975,13.3457069396973
0.620424926280975,13.3457069396973
0.620424926280975,13.3457069396973
0.620424926280975,13.3457069396973
0.910466909408569,13.1498527526855
2.20624494552612,12.3933048248291
3.62391352653503,11.9313497543335
5.08646535873413,11.6131954193115
6.3483419418335,10.8200769424438
7.32402181625366,9.68166542053223
8.27751541137695,8.52391529083252
9.03648567199707,7.35133266448975
9.03648567199707,7.35133266448975
9.03648567199707,7.35133266448975
9.03648567199707,7.35133266448975
9.03648567199707,7.35133266448975
9.03648567199707,7.35133266448975
9.03648567199707,7.35133266448975
9.03648567199707,7.35133266448975
9.03648567199707,7.35133266448975
9.03648567199707,7.35133266448975
8.81400489807129,7.62157201766968
7.83427858352661,8.75611305236816
6.7513575553894,9.79410171508789
5.58271503448486,10.725058555603
4.2586464881897,11.4302082061768
2.89855408668518,12.0539436340332
1.41380298137665,12.2468366622925
-0.0847910866141319,12.280252456665
-1.56728625297546,12.1036100387573
-2.9725489616394,11.5789356231689
-4.37555170059204,11.0481176376343
-5.73045825958252,10.4134740829468
-6.24357795715332,10.1024265289307
-7.47748994827271,9.25523567199707
-8.49670696258545,8.36999130249023
-8.49670696258545,8.36999130249023
-9.3652229309082,7.61563968658447
-9.78027629852295,7.2551441192627
-9.78027629852295,7.2551441192627
-9.78027629852295,7.2551441192627
-9.78027629852295,7.2551441192627
-9.78027629852295,7.2551441192627
-9.78027629852295,7.2551441192627
-9.78027629852295,7.2551441192627
-9.78027629852295,7.2551441192627
-9.78027629852295,7.2551441192627
-9.43900394439697,6.53121948242188
-9.24726009368896,6.1244797706604
-9.19642543792725,5.87987375259399
-9.02723503112793,5.09793186187744
-8.90881443023682,4.87746429443359
-8.88526058197021,4.83361339569092
-8.88526058197021,4.83361339569092
-8.88526058197021,4.83361339569092
-8.88526058197021,4.83361339569092
-8.88526058197021,4.83361339569092
-8.88526058197021,4.83361339569092
-8.88526058197021,4.83361339569092
-8.88526058197021,4.83361339569092
-8.88526058197021,4.83361339569092
-8.88526058197021,4.83361339569092
-8.88526058197021,4.83361339569092
-8.88526058197021,4.83361339569092
-8.88526058197021,4.83361339569092
-8.88526058197021,4.83361339569092
-8.88526058197021,4.83361339569092
-8.88526058197021,4.83361339569092
-8.88526058197021,4.83361339569092
-8.46840572357178,4.47449779510498
-7.33197927474976,3.49548506736755
-6.16470766067505,2.55628347396851
-4.89956045150757,1.75046849250793
-3.63429665565491,0.94457882642746
-2.58899140357971,0.174269020557404
-2.58899140357971,0.174269020557404
-2.58899140357971,0.174269020557404
-2.58899140357971,0.174269020557404
-2.58899140357971,0.174269020557404
-2.58899140357971,0.174269020557404
-1.56602346897125,-0.706804215908051
-0.382760614156723,-1.62276005744934
0.411683887243271,-2.04582524299622
0.411683887243271,-2.04582524299622
0.411683887243271,-2.04582524299622
0.411683887243271,-2.04582524299622
0.411683887243271,-2.04582524299622
0.411683887243271,-2.04582524299622
0.411683887243271,-2.04582524299622
0.411683887243271,-2.04582524299622
0.411683887243271,-2.04582524299622
0.411683887243271,-2.04582524299622
0.411683887243271,-2.04582524299622
0.411683887243271,-2.04582524299622
0.411683887243271,-2.04582524299622
0.411683887243271,-2.04582524299622
0.411683887243271,-2.04582524299622
0.411683887243271,-2.04582524299622
0.411683887243271,-2.04582524299622
0.411683887243271,-2.04582524299622
0.411683887243271,-2.04582524299622
0.411683887243271,-2.04582524299622
0.411683887243271,-2.04582524299622
0.411683887243271,-2.04582524299622
0.411683887243271,-2.04582524299622
0.411683887243271,-2.04582524299622
0.411683887243271,-2.04582524299622
0.411683887243271,-2.04582524299622
0.411683887243271,-2.04582524299622
0.411683887243271,-2.04582524299622
0.411683887243271,-2.04582524299622
0.411683887243271,-2.04582524299622
0.181633949279785,-1.43779397010803
-0.331498622894287,-0.0815636441111565
-0.172340705990791,-0.502224504947662
-0.0308328382670879,-0.876235604286194
-0.0308328382670879,-0.876235604286194
-0.0308328382670879,-0.876235604286194
-0.0308328382670879,-0.876235604286194
-0.0308328382670879,-0.876235604286194
-0.0308328382670879,-0.876235604286194
-0.0308328382670879,-0.876235604286194
-0.0308328382670879,-0.876235604286194
-0.0308328382670879,-0.876235604286194
-0.0308328382670879,-0.876235604286194
-0.0308328382670879,-0.876235604286194
-0.0308328382670879,-0.876235604286194
-0.0308328382670879,-0.876235604286194
-0.0308328382670879,-0.876235604286194
-0.0308328382670879,-0.876235604286194
-0.0308328382670879,-0.876235604286194
-0.0308328382670879,-0.876235604286194
-0.0308328382670879,-0.876235604286194
-0.0308328382670879,-0.876235604286194
-0.0308328382670879,-0.876235604286194
-0.0308328382670879,-0.876235604286194
-0.0308328382670879,-0.876235604286194
-0.0308328382670879,-0.876235604286194
-0.0308328382670879,-0.876235604286194
-0.0308328382670879,-0.876235604286194
-0.0308328382670879,-0.876235604286194
-0.0308328382670879,-0.876235604286194
-0.0308328382670879,-0.876235604286194
-0.0308328382670879,-0.876235604286194
-0.0308328382670879,-0.876235604286194
-0.0308328382670879,-0.876235604286194
-0.0308328382670879,-0.876235604286194
-0.0308328382670879,-0.876235604286194
-0.0308328382670879,-0.876235604286194
-0.0308328382670879,-0.876235604286194
-0.0308328382670879,-0.876235604286194
-0.0308328382670879,-0.876235604286194
-0.0308328382670879,-0.876235604286194
-0.0308328382670879,-0.876235604286194
-0.0308328382670879,-0.876235604286194
-0.0308328382670879,-0.876235604286194
-0.0308328382670879,-0.876235604286194
-0.0308328382670879,-0.876235604286194
-0.0308328382670879,-0.876235604286194
-0.0308328382670879,-0.876235604286194
-0.0308328382670879,-0.876235604286194
-0.0308328382670879,-0.876235604286194
-0.0308328382670879,-0.876235604286194
-0.0308328382670879,-0.876235604286194
-0.0308328382670879,-0.876235604286194
-0.0308328382670879,-0.876235604286194
-0.0308328382670879,-0.876235604286194
-0.0308328382670879,-0.876235604286194
-0.0308328382670879,-0.876235604286194
-0.0308328382670879,-0.876235604286194
-0.0308328382670879,-0.876235604286194
-0.0308328382670879,-0.876235604286194
-0.0308328382670879,-0.876235604286194
-0.0308328382670879,-0.876235604286194
-0.0308328382670879,-0.876235604286194
-0.0308328382670879,-0.876235604286194
-0.0308328382670879,-0.876235604286194
-0.0308328382670879,-0.876235604286194
-0.0308328382670879,-0.876235604286194
-0.0308328382670879,-0.876235604286194
-0.0308328382670879,-0.876235604286194
-0.0308328382670879,-0.876235604286194
-0.0308328382670879,-0.876235604286194
-0.0308328382670879,-0.876235604286194
-0.0308328382670879,-0.876235604286194
-0.0308328382670879,-0.876235604286194
-0.0308328382670879,-0.876235604286194
-0.0308328382670879,-0.876235604286194
-0.0308328382670879,-0.876235604286194
-0.0308328382670879,-0.876235604286194
-0.0308328382670879,-0.876235604286194
-0.0308328382670879,-0.876235604286194
-0.0308328382670879,-0.876235604286194
-0.0308328382670879,-0.876235604286194
-0.0308328382670879,-0.876235604286194
-0.0308328382670879,-0.876235604286194
-0.0308328382670879,-0.876235604286194
-0.0308328382670879,-0.876235604286194
-0.0308328382670879,-0.876235604286194
-0.0308328382670879,-0.876235604286194
-0.0308328382670879,-0.876235604286194
-0.0308328382670879,-0.876235604286194
-0.0308328382670879,-0.876235604286194
-0.0308328382670879,-0.876235604286194
-0.0308328382670879,-0.876235604286194
0.673369705677032,0.0326845198869705
1.59212470054626,1.21852910518646
2.51088190078735,2.40437722206116
3.42955780029297,3.5901198387146
4.34835624694824,4.7760214805603
5.26704025268555,5.96177434921265
5.6040825843811,6.3967981338501
5.6040825843811,6.3967981338501
5.6040825843811,6.3967981338501
5.6040825843811,6.3967981338501
5.6040825843811,6.3967981338501
5.6040825843811,6.3967981338501
5.6040825843811,6.3967981338501
5.6040825843811,6.3967981338501
5.6040825843811,6.3967981338501
5.6040825843811,6.3967981338501
5.6040825843811,6.3967981338501
5.6040825843811,6.3967981338501
5.6040825843811,6.3967981338501
5.6040825843811,6.3967981338501
5.6040825843811,6.3967981338501
5.6040825843811,6.3967981338501
5.6040825843811,6.3967981338501
5.6040825843811,6.3967981338501
5.59401559829712,6.19712400436401
5.50141334533691,5.60486936569214
5.12951326370239,5.0128755569458
4.63844299316406,4.76554346084595
3.43237137794495,4.08923673629761
2.86369180679321,3.23745083808899
1.88968753814697,2.53683042526245
0.874609470367432,1.80666446685791
0.306478261947632,1.39799630641937
-0.0182878263294697,1.16438555717468
-0.455787420272827,0.922103106975555
-0.455787420272827,0.922103106975555
-0.455787420272827,0.922103106975555
-0.455787420272827,0.922103106975555
-0.455787420272827,0.922103106975555
-0.455787420272827,0.922103106975555
-0.455787420272827,0.922103106975555
-0.455787420272827,0.922103106975555
-0.455787420272827,0.922103106975555
-0.455787420272827,0.922103106975555
-0.455787420272827,0.922103106975555
-0.455787420272827,0.922103106975555
-0.455787420272827,0.922103106975555
1.70197311277936,-5.75354564797883
1.70197308063507,-5.7535457611084
1.70197308063507,-5.7535457611084
1.70197308063507,-5.7535457611084
1.70197308063507,-5.7535457611084
1.70197308063507,-5.7535457611084
1.70197308063507,-5.7535457611084
1.70197308063507,-5.7535457611084
1.70197308063507,-5.7535457611084
1.70197308063507,-5.7535457611084
1.70197308063507,-5.7535457611084
1.70197308063507,-5.7535457611084
1.70197308063507,-5.7535457611084
1.70197308063507,-5.7535457611084
1.70197308063507,-5.7535457611084
1.70197308063507,-5.7535457611084
1.70197308063507,-5.7535457611084
1.70197308063507,-5.7535457611084
1.70197308063507,-5.7535457611084
1.70197308063507,-5.7535457611084
1.70197308063507,-5.7535457611084
1.70197308063507,-5.7535457611084
1.70197308063507,-5.7535457611084
1.70197308063507,-5.7535457611084
1.70197308063507,-5.7535457611084
1.70197308063507,-5.7535457611084
1.70197308063507,-5.7535457611084
1.70197308063507,-5.7535457611084
1.70197308063507,-5.7535457611084
1.70197308063507,-5.7535457611084
1.70197308063507,-5.7535457611084
1.70197308063507,-5.7535457611084
1.70197308063507,-5.7535457611084
1.70197308063507,-5.7535457611084
1.70197308063507,-5.7535457611084
1.70197308063507,-5.7535457611084
1.70197308063507,-5.7535457611084
1.70197308063507,-5.7535457611084
1.70197308063507,-5.7535457611084
1.70197308063507,-5.7535457611084
1.70197308063507,-5.7535457611084
1.70197308063507,-5.7535457611084
1.70197308063507,-5.7535457611084
1.70197308063507,-5.7535457611084
1.11631739139557,-4.70610857009888
0.543205976486206,-3.70925545692444
0.543205976486206,-3.70925545692444
0.543205976486206,-3.70925545692444
0.543205976486206,-3.70925545692444
0.543205976486206,-3.70925545692444
0.839303731918335,-3.52267909049988
2.06617665290833,-2.74960470199585
1.43157529830933,-3.1494779586792
0.191893860697746,-3.99084138870239
-0.915030002593994,-5.00303316116333
-2.2019407749176,-5.76750946044922
-3.52989530563354,-6.46513080596924
-4.10535144805908,-6.76743698120117
-4.10535144805908,-6.76743698120117
-4.10535144805908,-6.76743698120117
-4.26632881164551,-7.2407808303833
-4.26632881164551,-7.2407808303833
-4.26632881164551,-7.2407808303833
-4.26632881164551,-7.2407808303833
-4.26632881164551,-7.2407808303833
-4.26632881164551,-7.2407808303833
-4.26632881164551,-7.2407808303833
-4.65589570999146,-7.0155200958252
-5.30521154403687,-6.64006376266479
-5.30521154403687,-6.64006376266479
-5.84829235076904,-5.98617792129517
-6.04000091552734,-5.75535583496094
-6.04000091552734,-5.75535583496094
-6.04000091552734,-5.75535583496094
-6.04000091552734,-5.75535583496094
-6.04000091552734,-5.75535583496094
-5.74603414535522,-5.48403692245483
-4.66928434371948,-4.44131565093994
-4.32667922973633,-3.94936394691467
-4.00128793716431,-3.38673520088196
-4.00128793716431,-3.38673520088196
-4.00128793716431,-3.38673520088196
-3.47448539733887,-2.71952867507935
-2.54487347602844,-1.54215550422668
-1.61529147624969,-0.364819586277008
-0.685699999332428,0.812527716159821
-0.530824959278107,1.00868034362793
-0.437797367572784,1.12650179862976
-0.344914317131042,1.24414014816284
0.0578860454261303,1.75429534912109
0.305797606706619,2.0682806968689
0.522713482379913,2.34300947189331
0.522713482379913,2.34300947189331
0.522713482379913,2.34300947189331
0.522713482379913,2.34300947189331
0.522713482379913,2.34300947189331
0.522713482379913,2.34300947189331
0.522713482379913,2.34300947189331
0.522713482379913,2.34300947189331
0.522713482379913,2.34300947189331
0.522713482379913,2.34300947189331
0.522713482379913,2.34300947189331
0.522713482379913,2.34300947189331
0.522713482379913,2.34300947189331
0.522713482379913,2.34300947189331
0.522713482379913,2.34300947189331
0.522713482379913,2.34300947189331
0.32301664352417,3.42481112480164
0.0507107637822628,4.89995193481445
-0.0263576433062553,6.38996171951294
0.463019222021103,7.79781246185303
1.37453150749207,8.85036945343018
1.37453150749207,8.85036945343018
1.37453150749207,8.85036945343018
1.37453150749207,8.85036945343018
1.37453150749207,8.85036945343018
1.37453150749207,8.85036945343018
1.37453150749207,8.85036945343018
1.37453150749207,8.85036945343018
1.37453150749207,8.85036945343018
1.37453150749207,8.85036945343018
1.37453150749207,8.85036945343018
1.37453150749207,8.85036945343018
1.37453150749207,8.85036945343018
1.37453150749207,8.85036945343018
1.37453150749207,8.85036945343018
1.37453150749207,8.85036945343018
1.37453150749207,8.85036945343018
1.37453150749207,8.85036945343018
1.37453150749207,8.85036945343018
1.47152543067932,8.87492084503174
2.92571020126343,9.24300003051758
4.39859342575073,9.50090408325195
5.8620810508728,9.21847820281982
7.10609006881714,8.39743709564209
7.96329307556152,7.35566234588623
7.96329307556152,7.35566234588623
8.70549583435059,6.41352653503418
9.79959678649902,5.39066219329834
10.6508226394653,4.16703033447266
10.9755086898804,2.81180500984192
10.9755086898804,2.81180500984192
11.1329803466797,1.47089982032776
11.1571340560913,-0.0223496202379465
10.6308107376099,-1.41688883304596
10.0292835235596,-2.78700089454651
9.44597625732422,-4.16599702835083
8.66092777252197,-5.44432783126831
7.78576183319092,-6.65657711029053
6.65062141418457,-7.63704490661621
5.60647630691528,-8.71242046356201
4.50088357925415,-9.72432708740234
3.20426440238953,-10.4756145477295
1.86950886249542,-11.1576261520386
0.398737847805023,-11.3988256454468
-0.948489129543304,-11.3110256195068
-0.948489129543304,-11.3110256195068
-0.948489129543304,-11.3110256195068
-0.948489129543304,-11.3110256195068
-0.948489129543304,-11.3110256195068
-0.948489129543304,-11.3110256195068
-1.11492145061493,-11.560718536377
-2.04649782180786,-12.7294645309448
-3.24837493896484,-13.4291248321533
-4.7249584197998,-13.6317014694214
-6.16681241989136,-13.2537136077881
-7.3541522026062,-12.3527402877808
-8.10628414154053,-11.0659828186035
-8.30872058868408,-9.58933162689209
-7.96427917480469,-8.13491630554199
-7.49894380569458,-6.70880031585693
-7.03360462188721,-5.28266954421997
-6.56827926635742,-3.85657954216003
-6.26426935195923,-2.39493298530579
-6.52449321746826,-0.927298784255981
-7.00499725341797,-0.0534811392426491
-7.38311338424683,0.345914989709854
-8.48915958404541,1.3521625995636
-8.5739688873291,1.40503716468811
-8.87783718109131,1.66518223285675
-9.40961647033691,2.12044763565063
-9.40961647033691,2.12044763565063
-9.40961647033691,2.12044763565063
-10.1142892837524,1.74478268623352
-11.1624126434326,0.685154914855957
-11.725266456604,-0.695085167884827
-11.7170343399048,-2.18549513816833
-11.6312618255615,-2.52467179298401
-11.6312618255615,-2.52467179298401
-11.6312618255615,-2.52467179298401
-11.6312618255615,-2.52467179298401
-11.0503072738647,-3.63148403167725
-10.3531064987183,-4.95976066589355
-9.54068851470947,-6.21359920501709
-8.50911521911621,-7.30272388458252
-7.78700113296509,-8.06512451171875
-7.78700113296509,-8.06512451171875
-7.33991670608521,-8.53715133666992
-6.31317615509033,-9.63068771362305
-5.47177791595459,-10.8713693618774
-4.39830303192139,-11.9054765701294
-3.01079297065735,-12.4500093460083
-1.51763594150543,-12.5872592926025
-0.034078411757946,-12.4418601989746
1.34769296646118,-11.860297203064
2.6619508266449,-11.1429967880249
3.93192410469055,-10.3432807922363
5.20077800750732,-9.54426860809326
6.47014617919922,-8.74493312835693
7.73991060256958,-7.94534778594971
8.91460418701172,-7.02089738845825
10.0666952133179,-6.06691551208496
11.3519382476807,-5.29934453964233
12.2984704971313,-4.14805030822754
12.7323541641235,-2.72214126586914
12.628101348877,-1.3831239938736
12.628101348877,-1.3831239938736
11.8393297195435,-0.166323289275169
11.1321563720703,0.924600720405579
11.1321563720703,0.924600720405579
10.2435874938965,2.13296175003052
9.65997791290283,3.50952816009521
9.15690326690674,4.92207145690918
8.4199914932251,6.22825908660889
7.67093515396118,7.52799272537231
6.78862428665161,8.73762702941895
6.48828792572021,9.07269096374512
6.231360912323,9.50151824951172
5.46534967422485,10.7915124893188
4.5427827835083,11.9638423919678
3.29494023323059,12.6855964660645
3.29494023323059,12.6855964660645
3.29494023323059,12.6855964660645
3.29494023323059,12.6855964660645
2.39763426780701,12.6156415939331
1.00949513912201,12.4497928619385
1.00949513912201,12.4497928619385
-0.258816540241241,12.1638088226318
-0.697859346866608,12.0648126602173
-1.72220575809479,11.8338384628296
-3.18501353263855,11.5019903182983
-4.55274200439453,10.8963489532471
-5.86907482147217,10.1784677505493
-6.71327257156372,9.55393886566162
-7.19553709030151,9.04648685455322
-7.95345401763916,8.24898815155029
-8.36679458618164,7.8140606880188
-9.45977210998535,6.79179763793945
-10.6536731719971,5.88696718215942
-11.6884937286377,4.80087757110596
-12.4764413833618,3.53571057319641
-12.7202177047729,2.06529664993286
-12.6780643463135,1.56715154647827
-12.4931659698486,0.0794946402311325
-11.9906826019287,-1.3326587677002
-11.9370079040527,-1.47276782989502
-11.9370079040527,-1.47276782989502
-11.9370079040527,-1.47276782989502
-11.9370079040527,-1.47276782989502
-11.9370079040527,-1.47276782989502
-11.9370079040527,-1.47276782989502
-11.9370079040527,-1.47276782989502
-11.9370079040527,-1.47276782989502
-11.6329030990601,-2.26657795906067
-11.3645830154419,-2.96698522567749
-10.8279237747192,-4.36783742904663
-10.1880569458008,-5.72079992294312
-9.43882465362549,-7.02045583724976
-8.53528118133545,-8.21456050872803
-7.49841833114624,-9.29439640045166
-7.12701034545898,-9.62925434112549
-6.05002450942993,-10.6002511978149
-4.89329481124878,-11.5509042739868
-3.49185061454773,-12.0585470199585
-1.99481594562531,-12.1418609619141
-0.498508810997009,-12.1147766113281
0.683923840522766,-11.9143295288086
0.758683741092682,-11.8479719161987
1.64335107803345,-10.6483192443848
2.00151515007019,-9.20154666900635
1.78059232234955,-7.72720289230347
1.32714211940765,-6.29753828048706
1.03135657310486,-4.82691240310669
0.739415884017944,-3.35548806190491
0.465568363666534,-1.88112413883209
0.524522364139557,-0.384548783302307
0.548780262470245,1.11327123641968
0.535206735134125,1.46300232410431
0.535206735134125,1.46300232410431
0.535206735134125,1.46300232410431
0.535206735134125,1.46300232410431
0.535206735134125,1.46300232410431
0.535206735134125,1.46300232410431
0.535206735134125,1.46300232410431
0.535206735134125,1.46300232410431
0.535206735134125,1.46300232410431
0.535206735134125,1.46300232410431
0.535206735134125,1.46300232410431
0.535206735134125,1.46300232410431
0.864847004413605,1.08691453933716
1.16148138046265,0.748483121395111
1.16148138046265,0.748483121395111
1.16148138046265,0.748483121395111
1.16148138046265,0.748483121395111
1.16148138046265,0.748483121395111
-1.95505388080506,-0.421621065826963
-1.95505392551422,-0.421621054410934
-1.95505392551422,-0.421621054410934
-1.95505392551422,-0.421621054410934
-1.95505392551422,-0.421621054410934
-1.95505392551422,-0.421621054410934
-1.95505392551422,-0.421621054410934
-1.95505392551422,-0.421621054410934
-1.95505392551422,-0.421621054410934
-1.95505392551422,-0.421621054410934
-1.95505392551422,-0.421621054410934
-1.95505392551422,-0.421621054410934
-1.95505392551422,-0.421621054410934
-1.95505392551422,-0.421621054410934
-0.92948979139328,-0.632227659225464
-0.929560601711273,-0.632220923900604
-2.42268180847168,-0.488503783941269
-3.89521980285645,-0.216946691274643
-5.35228729248047,0.139545485377312
-6.80945205688477,0.49606117606163
-7.47701263427734,0.703769028186798
-7.47701263427734,0.703769028186798
-7.47701263427734,0.703769028186798
-7.47701263427734,0.703769028186798
-7.47701263427734,0.703769028186798
-7.47701263427734,0.703769028186798
-7.47701263427734,0.703769028186798
-7.47701263427734,0.703769028186798
-7.47701263427734,0.703769028186798
-7.47701263427734,0.703769028186798
-7.3781042098999,0.688970029354095
-5.89449453353882,0.466988235712051
-4.41088819503784,0.24500672519207
-2.92730402946472,0.0230285543948412
-1.44368600845337,-0.198954731225967
0.039960440248251,-0.42094224691391
1.2266389131546,-0.598496496677399
1.2266389131546,-0.598496496677399
1.2266389131546,-0.598496496677399
1.2266389131546,-0.598496496677399
1.2266389131546,-0.598496496677399
1.2266389131546,-0.598496496677399
1.2266389131546,-0.598496496677399
9.83166634973979,-6.88028609778651
9.83166599273682,-6.88028621673584
9.83166599273682,-6.88028621673584
9.83166599273682,-6.88028621673584
9.65555191040039,-6.97490835189819
8.26502704620361,-7.53522491455078
8.03753662109375,-7.63889169692993
8.41791725158691,-7.24153280258179
8.69457340240479,-6.95252799987793
3.95998700048816,-0.564360661248439
3.95998692512512,-0.564360678195953
3.95998692512512,-0.564360678195953
5.45435094833374,-0.695100605487823
6.30119752883911,-0.769190013408661
6.30119752883911,-0.769190013408661
6.66098737716675,-0.94323718547821
8.05757808685303,-1.03854119777679
9.55191326141357,-1.00606203079224
10.7175903320312,-0.570244669914246
10.7175903320312,-0.570244669914246
10.7175903320312,-0.570244669914246
10.7175903320312,-0.570244669914246
