"V1","V2","V3","V4","V5","V6","V7","V8","V9","V10","V11","V12","V13","V14","V15","V16","V17","V18","V19","V20","V21","V22","V23","V24","V25","V26","V27","V28","V29","V30","V31","V32","V33","V34","V35","V36","V37","V38","V39","V40","V41","V42","V43","V44","V45","V46","V47","V48","V49","V50","V51","V52","V53","V54","V55","V56","V57","V58","V59","V60","V61","V62","V63","V64","V65","V66","V67","V68","V69","V70","V71","V72","V73","V74","V75","V76","V77","V78","V79","V80","V81","V82","V83","V84","V85","V86","V87","V88","V89","V90","V91","V92","V93","V94","V95","V96","V97","V98","V99","V100"
0.216598168934138,0.221842206520212,0.227176389404115,0.232600493950251,0.238114203106346,0.243717103777171,0.249408684337303,0.255188332298233,0.26105533214515,0.267008863358754,0.273047998637246,0.279171702333468,0.285378829121782,0.291668122908851,0.298038216001886,0.30448762854728,0.311014768251701,0.317617930396856,0.324295298158042,0.331044943235526,0.337864826806474,0.344752800803861,0.351706609527274,0.358723891589043,0.365802182197461,0.372938915777188,0.380131428925188,0.387376963698729,0.394672671230168,0.402015615661389,0.40940277838891,0.416831062608828,0.424297298148997,0.431798246574013,0.439330606546928,0.446891019429954,0.454476075104902,0.462082317992644,0.46970625324962,0.477344353118188,0.484993063406636,0.492648810073744,0.500308005892145,0.507967057164131,0.515622370463239,0.523270359374756,0.530907451208295,0.538530093655777,0.546134761368541,0.553717962427835,0.561276244683682,0.56880620193799,0.576304479948803,0.583767782233817,0.591192875652559,0.59857659574808,0.605915851830587,0.613207631787016,0.620449006602315,0.627637134579942,0.6347692652509,0.641842742962482,0.648855010139736,0.655803610214523,0.66268619021884,0.669500503040906,0.676244409344232,0.682915879151597,0.689512993097444,0.696033943353786,0.702477034236117,0.708840682497188,0.715123417317756,0.721323880004543,0.727440823406661,0.733473111062668,0.739419716091223,0.745279719838958,0.751052310299772,0.756736780320163,0.762332525605598,0.767839042543088,0.773255925855305,0.77858286610161,0.783819647041242,0.788966142873847,0.794022315372236,0.798988210921986,0.803863957482143,0.808649761480831,0.81334590465913,0.817952740876034,0.822470692886759,0.82690024910609,0.831241960367801,0.835496436690597,0.839664344060336,0.843746401237655,0.847743376599466,0.851656085022098
0.194478477294359,0.199567202029016,0.204755232601487,0.210042741860685,0.215429804468152,0.220916393002099,0.226502374163487,0.232187505104058,0.23797142989682,0.243853676169904,0.249833651925079,0.255910642562416,0.262083808132682,0.268352180838992,0.27471466280903,0.281170024158787,0.287716901368234,0.294353795988633,0.301079073700296,0.307890963738566,0.314787558704514,0.321766814775442,0.328826552328683,0.335964456990403,0.343178081119174,0.350464845732024,0.357822042878383,0.365246838465046,0.372736275532738,0.38028727798235,0.387896654746227,0.395561104397234,0.403277220185559,0.411041495490527,0.418850329671945,0.426700034302876,0.434586839763108,0.442506902170128,0.450456310622027,0.45843109472453,0.466427232372332,0.474440657753042,0.482467269540412,0.490502939242141,0.498543519666361,0.506584853470061,0.514622781752072,0.522653152652882,0.530671829923547,0.538674701426141,0.546657687528748,0.554616749358756,0.562547896879298,0.570447196754972,0.578310779974537,0.58613484920006,0.593915685813952,0.601649656637505,0.609333220296842,0.616962933214662,0.624535455208701,0.632047554680483,0.639496113380625,0.646878130739692,0.654190727756307,0.661431150436976,0.668596772784688,0.675685099336012,0.682693767248875,0.689620547945647,0.696463348318402,0.703220211505419,0.709889317249921,0.716468981853936,0.722957657741795,0.729353932649287,0.735656528455789,0.741864299677837,0.747976231643529,0.753991438367953,0.759909160150397,0.765728760914556,0.771449725313191,0.777071655618832,0.78259426842205,0.78801739115868,0.793340958487064,0.798565008535972,0.803689679043344,0.808715203405378,0.813641906654814,0.81847020138648,0.823200583647347,0.827833628807497,0.83236998742744,0.836810381136339,0.841155598534696,0.845406491134098,0.849563969345653,0.853628998527757
0.295465577981079,0.299956806763247,0.304486799934245,0.309055002941421,0.313660834060756,0.318303684442863,0.322982918195862,0.327697872505805,0.332447857795297,0.337232157920823,0.342050030409269,0.346900706733971,0.351783392630597,0.356697268453032,0.361641489569345,0.366615186797841,0.371617466883062,0.37664741301153,0.381704085366893,0.386786521724047,0.391893738081694,0.397024729332672,0.402178469971313,0.407353914836958,0.412549999892648,0.417765643037932,0.422999744954584,0.428251189983978,0.433518847034712,0.438801570519032,0.44409820131647,0.44940756776306,0.454728486664389,0.460059764330674,0.465400197631988,0.470748575071673,0.476103677875952,0.481464281097657,0.486829154731976,0.492197064842073,0.497566774692387,0.50293704588741,0.508306639513725,0.513674317283045,0.519038842674043,0.524398982070706,0.529753505895013,0.535101189731713,0.540440815443044,0.54577117227122,0.55109105792661,0.556399279659533,0.561694655313671,0.566976014359164,0.572242198903494,0.577492064678379,0.582724482000925,0.587938336707412,0.593132531058144,0.598305984611907,0.603457635068656,0.608586439079169,0.61369137302048,0.618771433736045,0.623825639239659,0.628853029382272,0.633852666480973,0.638823635909465,0.643765046649545,0.64867603180312,0.653555749064474,0.658403381152557,0.663218136203199,0.667999248121229,0.672745976892612,0.677457608856782,0.682133456939462,0.686772860846344,0.691375187218097,0.695939829747247,0.700466209257559,0.704953773746615,0.709401998392373,0.713810385524531,0.718178464561612,0.722505791914715,0.726791950858954,0.731036551373631,0.735239229952252,0.739399649383528,0.743517498504514,0.747592491927118,0.751624369739171,0.75561289718133,0.759557864301055,0.763459085584942,0.767316399570678,0.771129668439911,0.774898777593303,0.778623635209039
0.263178347210573,0.268396739443206,0.273680170785002,0.279027940508888,0.284439284160554,0.289913373011539,0.295449313626005,0.301046147546244,0.306702851101621,0.312418335345427,0.318191446123734,0.324020964280008,0.329905605998822,0.335844023291598,0.341834804626819,0.347876475706707,0.353967500391798,0.360106281774348,0.366291163400927,0.372520430643959,0.378792312221425,0.385104981863262,0.391456560122452,0.397845116328112,0.404268670677308,0.410725196461677,0.417212622424339,0.423728835241965,0.430271682126282,0.436838973538736,0.443428486011463,0.450037965067226,0.456665128230469,0.46330766812118,0.469963255622851,0.476629543115454,0.483304167763977,0.489984754852845,0.496668921156249,0.503354278334268,0.510038436344501,0.516719006858882,0.523393606675273,0.530059861113519,0.536715407385668,0.543357897930246,0.549985003700622,0.556594417397774,0.563183856638002,0.569751067046525,0.576293825268232,0.582809941887283,0.58929726424773,0.595753679167797,0.602177115540978,0.608565546817686,0.614916993361716,0.621229524676409,0.627501261495991,0.633730377738176,0.639915102314753,0.646053720797489,0.652144576937307,0.658186074035321,0.664176676164905,0.670114909244586,0.675999361962104,0.681828686550573,0.687601599418195,0.693316881633503,0.698973379268581,0.704570003603208,0.71010573119324,0.715579603807018,0.720990728233873,0.726338275969208,0.731621482780879,0.736839648161882,0.741992134674592,0.747078367191972,0.752097832041346,0.757050076056462,0.761934705543658,0.766751385168008,0.771499836765376,0.776179838086302,0.780791221477618,0.785333872507672,0.789807728540936,0.794212777267716,0.798549055194545,0.802816646100733,0.807015679466375,0.811146328876995,0.815208810409786,0.819203381006248,0.823130336835839,0.826990011655009,0.83078277516582,0.834509031378124
0.244797511209645,0.249794824051035,0.25485972500028,0.259991732302825,0.265190302355131,0.27045482877312,0.275784641556802,0.281179006356932,0.286637123849379,0.292158129222701,0.297741091784247,0.303385014689796,0.309088834801501,0.314851422678574,0.320671582704782,0.326548053356435,0.332479507614139,0.338464553521107,0.344501734890341,0.350589532162504,0.356726363415717,0.362910585527988,0.36914049549238,0.375414331884397,0.381730276480489,0.388086456025906,0.394480944149519,0.400911763422555,0.407376887557584,0.413874243743427,0.420401715111034,0.426957143324782,0.43353833129301,0.440143045991065,0.446769021389547,0.453413961479961,0.460075543389448,0.466751420575857,0.473439226093992,0.480136575923501,0.486841072348557,0.493550307379231,0.500261866204202,0.506973330664322,0.513682282736428,0.52038630801673,0.527082999193133,0.533769959495879,0.540444806116029,0.547105173581473,0.553748717080353,0.560373115722095,0.566976075726539,0.573555333532029,0.58010865881375,0.58663385740405,0.593128774106951,0.599591295399626,0.606019352014113,0.612410921393174,0.618764030014766,0.625076755580227,0.631347229061911,0.637573636606637,0.643754221291971,0.64988728473299,0.655971188537829,0.662004355610934,0.667985271303572,0.673912484411744,0.679784608022241,0.685600320208141,0.691358364575597,0.697057550664258,0.702696754204176,0.708274917232489,0.713791048073596,0.719244221186923,0.724633576886754,0.729958320938891,0.735217724039209,0.740411121179416,0.745537910905543,0.750597554474856,0.755589574917037,0.760513556005594,0.765369141145513,0.770156032183246,0.77487398814512,0.779522823910243,0.784102408823967,0.788612665257856,0.793053567122087,0.797425138336034,0.801727451262705,0.805960625112542,0.810124824321917,0.814220256911502,0.818247172829493,0.822205862284456
0.276630320471845,0.281510664500321,0.286443014037003,0.291426730556641,0.296461131631326,0.301545490761248,0.306679037274927,0.311860956301158,0.317090388814687,0.322366431757539,0.327688138237676,0.333054517806508,0.338464536816554,0.343917118860319,0.349411145291266,0.35494545582745,0.360518849238199,0.366130084113924,0.371777879718886,0.377460916926465,0.383177839236222,0.388927253871728,0.394707732957869,0.400517814776056,0.406356005095459,0.412220778578125,0.418110580255553,0.424023827074009,0.429958909505629,0.43591419322206,0.441888020827174,0.447878713645127,0.45388457355983,0.459903884901662,0.465934916377095,0.471975923036687,0.478025148276757,0.484080825869918,0.490141182019503,0.496204437432841,0.502268809408232,0.508332513930444,0.514393767769485,0.520450790577419,0.526501806977978,0.532545048643771,0.538578756355941,0.544601182041175,0.550610590781115,0.556605262789271,0.562583495350743,0.568543604720152,0.574483927973406,0.580402824809082,0.586298679295431,0.592169901559234,0.598014929412958,0.603832229916929,0.609620300873477,0.615377672250281,0.621102907530423,0.626794604986921,0.632451398879809,0.638071960574111,0.643654999577338,0.649199264495433,0.654703543906362,0.660166667150836,0.665587505039919,0.670964970479554,0.676298019012292,0.681585649276771,0.68682690338573,0.692020867223587,0.69716667066481,0.702263487714567,0.707310536573275,0.71230707962692,0.717252423365141,0.722145918229263,0.726986958392591,0.731774981475404,0.736509468197228,0.741189941969036,0.745815968428137,0.75038715491858,0.754903149919946,0.759363642427477,0.763768361286492,0.768117074484096,0.772409588401148,0.776645747027514,0.780825431143563,0.784948557470868,0.789015077795038,0.793024978063553,0.796978277461445,0.800875027467578,0.804715310894245,0.80849924091271
0.268762645626866,0.272917507255671,0.277112258638282,0.281346535308456,0.2856199482418,0.289932083708992,0.294282503156487,0.298670743115628,0.303096315141052,0.307558705779206,0.312057376567788,0.316591764066826,0.321161279922089,0.325765310961449,0.330403219324752,0.335074342627691,0.339777994160107,0.344513463119066,0.349280014876982,0.354076891284994,0.358903311011699,0.363758469917276,0.368641541462952,0.373551677155655,0.378488007027636,0.383449640150732,0.388435665184854,0.393445150960204,0.398477147092622,0.403530684631371,0.408604776738594,0.413698419399558,0.41881059216275,0.423940258908763,0.429086368646853,0.434247856337957,0.439423643742879,0.444612640294283,0.449813743991045,0.455025842313468,0.460247813157781,0.465478525788285,0.470716841805467,0.475961616128344,0.481211697989237,0.486465931939174,0.491723158862048,0.496982216995655,0.502241942957694,0.50750117277482,0.512758742912798,0.518013491305841,0.523264258383182,0.528509888090965,0.533749228907535,0.538981134850249,0.544204466471939,0.549418091845196,0.554620887532697,0.559811739541814,0.564989544261819,0.570153209382044,0.575301654789409,0.580433813443801,0.585548632229863,0.590645072783807,0.59572211229395,0.600778744273759,0.605813979306256,0.610826845758731,0.615816390466797,0.620781679386898,0.625721798216483,0.630635852981155,0.635522970588164,0.640382299345749,0.64521300944789,0.650014293424139,0.654785366554283,0.659525467247692,0.664233857387269,0.668909822638037,0.673552672720455,0.678161741648647,0.682736387933811,0.687275994753149,0.691779970084721,0.696247746808719,0.700678782775698,0.705072560842387,0.709428588875746,0.713746399726001,0.718025551169438,0.722265625821779,0.726466231023024,0.730626998694664,0.734747585170216,0.738827671000066,0.742866960731632,0.746865182665872
0.314168085423494,0.318592132128691,0.323049132695761,0.327538513956015,0.332059680738178,0.336612016022572,0.341194881124501,0.345807615907098,0.350449539023837,0.355119948190852,0.359818120489134,0.364543312696615,0.369294761650086,0.374071684636797,0.378873279815561,0.383698726667064,0.388547186473053,0.393417802823969,0.398309702154529,0.403221994306709,0.40815377311946,0.413104117044472,0.418072089787191,0.423056740972235,0.428057106832301,0.433072210919571,0.438101064838565,0.443142668999338,0.448196013389845,0.45326007836626,0.458333835459958,0.463416248199838,0.468506272948628,0.473602859751735,0.478704953197212,0.483811493285338,0.488921416306313,0.49403365572452,0.499147143067797,0.504260808820157,0.509373583316346,0.514484397636684,0.51959218450057,0.524695879157079,0.529794420271071,0.534886750803246,0.539971818882602,0.545048578669777,0.550115991209765,0.555173025272571,0.560218658180343,0.565251876619633,0.570271677437408,0.57527706841955,0.58026706905057,0.585240711253384,0.590197040107987,0.595135114547975,0.600054008033906,0.604952809202554,0.60983062249118,0.614686568736028,0.619519785744293,0.62432942883891,0.629114671375574,0.633874705231457,0.638608741265198,0.643316009747784,0.647995760764015,0.65264726458434,0.657269812006903,0.661862714669715,0.666425305332927,0.67095693813128,0.675456988796821,0.679924854852088,0.684359955774009,0.688761733128799,0.693129650678243,0.697463194457769,0.701761872826778,0.706025216491757,0.710252778502737,0.714444134223712,0.718598881277656,0.722716639466841,0.726797050669174,0.7308397787113,0.734844509219272,0.738810949447578,0.742738828087371,0.746627895054744,0.750477921259924,0.754288698358264,0.758060038483919,0.761791773967123,0.765483757035948,0.769135859503478,0.772747972441287,0.776320005840135
0.251120776348258,0.256250997420512,0.261449435050387,0.266715512522242,0.272048587715764,0.277447952260991,0.282912830802976,0.288442380382073,0.294035689935675,0.299691779926965,0.305409602105953,0.311188039407779,0.31702590599287,0.322921947433166,0.328874841048185,0.334883196394226,0.34094555590951,0.347060395717524,0.353226126590252,0.359441095072407,0.365703584767122,0.372011817782966,0.378363956341436,0.384758104543447,0.391192310292632,0.397664567372584,0.404172817674467,0.410714953570752,0.417288820430128,0.423892219267975,0.430522909526152,0.437178611975168,0.443857011731258,0.450555761380259,0.457272484199662,0.464004777469718,0.470750215863984,0.477506354909325,0.484270734504984,0.491040882490045,0.497814318248345,0.504588556339701,0.511361110146161,0.518129495521942,0.524891234435642,0.531643858593421,0.538384913031898,0.545111959669681,0.551822580806698,0.558514382560729,0.565184998230899,0.571832091578269,0.578453360014084,0.585046537686725,0.591609398458921,0.598139758767343,0.604635480357269,0.611094472885665,0.617514696386621,0.623894163593785,0.630230942115087,0.636523156455749,0.642768989886252,0.648966686152641,0.655114551027232,0.661210953698462,0.667254327999291,0.673243173474236,0.679176056285736,0.685051609961146,0.690868535982286,0.69662560421997,0.70232165321652,0.707955590319724,0.713526391672173,0.719033102060322,0.724474834628026,0.729850770459611,0.735160158037883,0.740402312582722,0.745576615276162,0.750682512380008,0.75571951425226,0.760687194268662,0.765585187655831,0.770413190242447,0.775170957134997,0.779858301324565,0.784475092231122,0.789021254191666,0.793496764898517,0.797901653793906,0.80223600042689,0.806499932778447,0.810693625560439,0.814817298493934,0.81887121457217,0.822855678313242,0.826771034007345,0.830617663963198
0.406383037214527,0.407766365381408,0.40915115681819,0.410537391068543,0.411925047586046,0.413314105735332,0.41470454479324,0.41609634394998,0.417489482310315,0.418883938894746,0.420279692640709,0.421676722403791,0.42307500695895,0.424474525001743,0.425875255149573,0.427277175942939,0.428680265846702,0.430084503251355,0.43148986647431,0.432896333761186,0.434303883287115,0.435712493158055,0.437122141412108,0.438532806020852,0.43994446489068,0.441357095864152,0.442770676721344,0.444185185181221,0.445600598903007,0.447016895487568,0.448434052478798,0.449852047365024,0.451270857580403,0.452690460506341,0.454110833472906,0.455531953760261,0.456953798600095,0.458376345177061,0.459799570630227,0.461223452054525,0.462647966502213,0.464073090984335,0.465498802472199,0.466925077898847,0.468351894160539,0.469779228118237,0.471207056599099,0.472635356397974,0.474064104278902,0.47549327697662,0.476922851198067,0.478352803623903,0.47978311091002,0.481213749689061,0.48264469657195,0.48407592814941,0.485507420993495,0.486939151659124,0.488371096685611,0.4898032325982,0.491235535909608,0.492667983121561,0.494100550726337,0.495533215208304,0.49696595304547,0.498398740711025,0.499831554674884,0.501264371405236,0.502697167370086,0.504129919038804,0.505562602883673,0.506995195381426,0.508427673014799,0.509860012274072,0.51129218965861,0.512724181678406,0.514155964855622,0.515587515726126,0.517018810841028,0.518449826768216,0.519880540093887,0.521310927424077,0.522740965386185,0.524170630630501,0.525599899831723,0.527028749690477,0.528457156934827,0.529885098321789,0.531312550638831,0.53273949070538,0.534165895374317,0.535591741533469,0.537017006107095,0.538441666057373,0.539865698385871,0.541289080135027,0.542711788389606,0.544133800278167,0.545555092974517,0.546975643699153
0.446812911246535,0.448287601575799,0.449763201870235,0.451239686701904,0.452717030580891,0.454195207957029,0.455674193221651,0.457153960709333,0.458634484699654,0.460115739418963,0.461597699042155,0.46308033769445,0.464563629453189,0.466047548349621,0.467532068370716,0.469017163460972,0.47050280752423,0.471988974425498,0.473475637992781,0.474962772018915,0.476450350263403,0.477938346454265,0.479426734289884,0.480915487440858,0.482404579551862,0.483893984243507,0.485383675114207,0.486873625742046,0.488363809686651,0.489854200491068,0.491344771683636,0.492835496779867,0.494326349284331,0.495817302692533,0.497308330492803,0.498799406168177,0.500290503198287,0.501781595061243,0.503272655235525,0.504763657201866,0.50625457444514,0.50774538045625,0.509236048734009,0.510726552787026,0.512216866135588,0.513706962313541,0.515196814870169,0.516686397372067,0.51817568340502,0.519664646575867,0.521153260514374,0.522641498875097,0.52412933533924,0.525616743616513,0.527103697446984,0.528590170602924,0.530076136890656,0.531561570152384,0.53304644426803,0.534530733157062,0.536014410780311,0.537497451141784,0.538979828290478,0.540461516322174,0.541942489381237,0.5434227216624,0.544902187412542,0.546380860932462,0.547858716578642,0.549335728765002,0.550811871964647,0.552287120711603,0.55376144960255,0.555234833298538,0.556707246526698,0.558178664081943,0.559649060828659,0.561118411702382,0.562586691711472,0.56405387593877,0.565519939543245,0.566984857761632,0.568448605910058,0.569911159385655,0.571372493668164,0.572832584321523,0.574291406995445,0.575748937426986,0.577205151442095,0.578660024957157,0.580113533980516,0.581565654613993,0.583016363054385,0.584465635594948,0.585913448626879,0.587359778640763,0.588804602228029,0.590247896082373,0.591689637001179,0.593129801886916
0.331680971900203,0.335553933559537,0.339449149117744,0.343366214803529,0.347304715635487,0.351264225538053,0.355244307468839,0.359244513557383,0.363264385255304,0.367303453497841,0.371361238876729,0.375437251824362,0.379530992809152,0.383641952541981,0.387769612193639,0.391913443623089,0.396072909616407,0.400247464136214,0.404436552581389,0.408639612056862,0.412856071653212,0.417085352735842,0.42132686924343,0.425580027995364,0.429844229007836,0.434118865818277,0.438403325817755,0.442696990590992,0.446999236263596,0.451309433856116,0.45562694964451,0.459951145526577,0.464281379393942,0.468617005509113,0.472957374887159,0.477301835681533,0.481649733573554,0.48600041216506,0.490353213373728,0.494707477830562,0.499062545279034,0.503417754975376,0.50777244608949,0.512125958105977,0.516477631224757,0.520826806760769,0.525172827542233,0.529515038306964,0.533852786096238,0.538185420645697,0.542512294772806,0.546832764760378,0.551146190735676,0.555451937044635,0.559749372620744,0.564037871348132,0.568316812418435,0.572585580681019,0.576843566986144,0.581090168520696,0.585324789136089,0.589546839667996,0.593755738247546,0.597950910603686,0.602131790356382,0.606297819300372,0.610448447679213,0.614583134449362,0.618701347534056,0.622802564066798,0.626886270624236,0.630951963448276,0.634999148657286,0.639027342446243,0.643036071275725,0.647024872049653,0.650993292281721,0.654940890250454,0.658867235142867,0.662771907186715,0.666654497771343,0.670514609557159,0.674351856573774,0.678165864306875,0.681956269773902,0.685722721588641,0.689464880014819,0.693182417008861,0.696875016251918,0.700542373171345,0.7041841949518,0.707800200536124,0.711390120616223,0.714953697614153,0.718490685653607,0.72200085052206,0.725483969623789,0.728939831924024,0.732368237884477,0.735768999390513
0.290663548984541,0.295370003036562,0.300120421112376,0.304914179046317,0.309750618661829,0.314629047787674,0.319548740324772,0.324508936364793,0.329508842361515,0.334547631355832,0.339624443255179,0.344738385168,0.349888531793741,0.355073925868738,0.360293578668163,0.365546470564086,0.370831551639539,0.376147742358279,0.381493934289833,0.386868990889177,0.392271748330304,0.397701016392691,0.40315557939958,0.408634197206753,0.414135606240364,0.419658520582205,0.425201633100612,0.430763616625097,0.436343125162587,0.441938795153064,0.447549246762209,0.45317308520855,0.45880890212249,0.464455276934453,0.470110778289307,0.475773965484103,0.481443389926108,0.487117596608,0.492795125597064,0.498474513535164,0.5041542951462,0.509833004747785,0.515509177763799,0.521181352234529,0.526848070321064,0.532507879800688,0.538159335549994,0.543801001012527,0.549431449647801,0.555049266358629,0.560653048893735,0.566241409222777,0.571812974880954,0.577366390280501,0.582900317986514,0.588413439954635,0.593904458728309,0.599372098593422,0.604815106688319,0.610232254067326,0.615622336716065,0.620984176517033,0.626316622164049,0.631618550024369,0.636888864947414,0.642126501019255,0.647330422262136,0.652499623278499,0.657633129839155,0.66272999941538,0.6677893216549,0.672810218801869,0.677791846061119,0.682733391907079,0.687634078337926,0.692493161075658,0.697309929712914,0.702083707807481,0.70681385292555,0.711499756634899,0.716140844449266,0.72073657572529,0.72528644351346,0.729789974364617,0.734246728093605,0.738656297501731,0.743018308059766,0.747332417553241,0.751598315691857,0.755815723684832,0.759984393784057,0.764104108796947,0.768174681570856,0.772195954450972,0.776167798713578,0.780090113976548,0.783962827588975,0.787785894001747,0.791559294120929,0.795283034645724
0.336954519166914,0.340142640669022,0.343345306644369,0.3465622900708,0.349793358977133,0.353038276489175,0.35629680087913,0.359568685618421,0.362853679433892,0.366151526367408,0.369461965838831,0.372784732712359,0.376119557366207,0.379466165765614,0.382824279539139,0.386193616058224,0.389573888519985,0.392964806033193,0.396366073707402,0.399777392745178,0.403198460537372,0.406628970761395,0.410068613482421,0.413517075257468,0.416974039242284,0.420439185300963,0.423912190118232,0.427392727314316,0.430880467562309,0.434375078707959,0.43787622589179,0.441383571673458,0.444896776158254,0.448415497125653,0.451939390159813,0.455468108781914,0.459001304584239,0.462538627365882,0.466079725269978,0.469624244922338,0.473171831571376,0.476722129229213,0.480274780813835,0.483829428292191,0.487385712824104,0.490943274906873,0.494501754520451,0.498060791273064,0.501620024547147,0.505179093645477,0.50873763793738,0.512295297004871,0.515851710788618,0.519406519733593,0.522959364934292,0.526509888279397,0.530057732595752,0.53360254179154,0.537143960998532,0.540681636713284,0.544215216937182,0.547744351315192,0.551268691273224,0.554787890153981,0.558301603351185,0.561809488442085,0.56531120531812,0.568806416313647,0.572294786332632,0.575775982973205,0.579249676649983,0.582715540714068,0.586173251570642,0.589622488794057,0.593062935240353,0.596494277157124,0.599916204290648,0.603328409990222,0.606730591309626,0.610122449105662,0.613503688133701,0.616874017140186,0.62023314895204,0.623580800562931,0.62691669321635,0.630240552485464,0.633552108349712,0.636851095268101,0.64013725224919,0.643410322917729,0.646670055577939,0.649916203273407,0.653148523843609,0.656366779977017,0.659570739260826,0.662760174227271,0.665934862396551,0.669094586316369,0.672239133598092,0.675368296949553
0.275528425651377,0.279793268768564,0.284098239133575,0.288442918789688,0.292826863916278,0.297249604722373,0.301710645371126,0.306209463936085,0.31074551239017,0.315318216628134,0.319926976523272,0.324571166019083,0.329250133256477,0.333963200737104,0.33870966552327,0.343488799474835,0.348299849523416,0.353142037984125,0.358014562904976,0.362916598454025,0.367847295344195,0.372805781295655,0.377791161535513,0.382802519334508,0.387838916580253,0.392899394386517,0.39798297373791,0.403088656169237,0.408215424478713,0.413362243474091,0.4185280607507,0.423711807500263,0.428912399349299,0.434128737225799,0.439359708252794,0.444604186667357,0.449861034763471,0.455129103857155,0.460407235272153,0.465694261344421,0.470989006443593,0.476290288009558,0.481596917602218,0.486907701962464,0.492221444082363,0.497536944282533,0.502853001294631,0.508168413346905,0.513481979250701,0.518792499485855,0.524098777282887,0.529399619699906,0.534693838692201,0.539980252172454,0.545257685059603,0.550524970314372,0.555780949959553,0.561024476083182,0.566254411822772,0.571469632328865,0.576669025706207,0.581851493930929,0.587015953742197,0.59216133750686,0.59728659405572,0.602390689490139,0.607472607957767,0.612531352396293,0.617565945244205,0.622575429117628,0.627558867452436,0.632515345110908,0.637443968952313,0.642343868366892,0.647214195772834,0.652054127075898,0.656862862091483,0.661639624928998,0.666383664338504,0.671094254019692,0.67577069289334,0.680412305335488,0.685018441374655,0.689588476852498,0.694121813548402,0.698617879268544,0.70307612790007,0.70749603943108,0.711877119937165,0.716218901535328,0.720520942306144,0.724782826185096,0.729004162824035,0.733184587423789,0.73732376053895,0.741421367855931,0.745477119945387,0.749490751990142,0.753462023489756,0.757390717942921
0.494715624694278,0.494475641104614,0.494235660060511,0.493995681672519,0.493755706051186,0.493515733307054,0.493275763550658,0.49303579689253,0.492795833443195,0.492555873313172,0.492315916612974,0.492075963453108,0.491836013944075,0.491596068196367,0.491356126320472,0.491116188426869,0.49087625462603,0.49063632502842,0.490396399744496,0.490156478884706,0.489916562559492,0.489676650879285,0.489436743954511,0.489196841895583,0.488956944812908,0.488717052816883,0.488477166017896,0.488237284526324,0.487997408452537,0.487757537906891,0.487517672999736,0.487277813841408,0.487037960542236,0.486798113212535,0.486558271962611,0.486318436902758,0.486078608143259,0.485838785794384,0.485598969966394,0.485359160769535,0.485119358314043,0.48487956271014,0.484639774068037,0.484399992497931,0.484160218110006,0.483920451014432,0.483680691321369,0.48344093914096,0.483201194583334,0.482961457758608,0.482721728776885,0.482482007748251,0.48224229478278,0.482002589990529,0.481762893481541,0.481523205365844,0.481283525753451,0.481043854754358,0.480804192478546,0.48056453903598,0.480324894536608,0.480085259090362,0.479845632807158,0.479606015796894,0.479366408169452,0.479126810034696,0.478887221502473,0.478647642682612,0.478408073684924,0.478168514619203,0.477928965595224,0.477689426722743,0.477449898111497,0.477210379871207,0.476970872111572,0.476731374942272,0.47649188847297,0.476252412813306,0.476012948072902,0.47577349436136,0.475534051788261,0.475294620463166,0.475055200495616,0.47481579199513,0.474576395071206,0.474337009833322,0.474097636390932,0.473858274853472,0.473618925330353,0.473379587930965,0.473140262764675,0.472900949940831,0.472661649568753,0.472422361757742,0.472183086617075,0.471943824256005,0.471704574783763,0.471465338309555,0.471226114942563,0.470986904791946
0.582576724309512,0.580744419645502,0.578909885509093,0.577073169933532,0.575234321190202,0.573393387783769,0.571550418447271,0.569705462137162,0.567858568028299,0.566009785508882,0.564159164175342,0.562306753827181,0.560452604461765,0.558596766269075,0.556739289626406,0.554880225093028,0.5530196234048,0.551157535468747,0.549294012357592,0.547429105304253,0.5455628656963,0.543695345070377,0.541826595106586,0.539956667622841,0.538085614569187,0.536213488022084,0.534340340178671,0.532466223350989,0.530591189960187,0.528715292530694,0.526838583684374,0.524961116134649,0.523082942680607,0.521204116201087,0.519324689648747,0.517444716044107,0.515564248469587,0.513683340063518,0.511802044014153,0.509920413553651,0.508038501952065,0.506156362511309,0.504274048559124,0.502391613443037,0.500509110524313,0.498626593171906,0.496744114756407,0.494861728643992,0.492979488190368,0.491097446734729,0.489215657593709,0.487334174055343,0.485453049373033,0.483572336759528,0.481692089380905,0.479812360350569,0.477933202723264,0.476054669489092,0.474176813567558,0.472299687801621,0.470423344951773,0.468547837690128,0.466673218594546,0.464799540142761,0.462926854706552,0.461055214545924,0.459184671803324,0.457315278497886,0.455447086519697,0.453580147624102,0.451714513426039,0.449850235394405,0.447987364846455,0.446125952942247,0.444266050679109,0.442407708886156,0.440550978218844,0.438695909153561,0.436842551982262,0.43499095680715,0.4331411735354,0.431293251873922,0.429447241324183,0.427603191177064,0.425761150507774,0.423921168170814,0.422083292794984,0.420247572778451,0.418414056283866,0.416582791233533,0.414753825304638,0.412927205924529,0.411102980266054,0.409281195242961,0.407461897505349,0.405645133435185,0.403830949141878,0.402019390457913,0.400210502934551,0.398404331837589
0.240828887862678,0.244967911828406,0.249154725213973,0.25338908168472,0.257670704925664,0.261999288210752,0.266374494002838,0.270795953586131,0.275263266732834,0.279776001405651,0.284333693497819,0.288935846612265,0.293581931881449,0.298271387829367,0.303003620277171,0.307778002293731,0.312593874192436,0.317450543575399,0.322347285426177,0.327283342251977,0.332257924276241,0.337270209682369,0.34231934490923,0.347404444998968,0.352524593997508,0.35767884540799,0.36286622269725,0.368085719855309,0.373336302007677,0.378616906080137,0.383926441515511,0.389263791041766,0.394627811490638,0.400017334665826,0.40543116825963,0.410868096816748,0.416326882743814,0.421806267363095,0.427304972008605,0.432821699162776,0.438355133631682,0.443903943756642,0.449466782659969,0.455042289522441,0.46062909089001,0.466225802007136,0.471831028174032,0.477443366125046,0.483061405425297,0.488683729882645,0.494308918971995,0.4999355492689,0.505562195889402,0.511187433933009,0.516809839925707,0.522427993259908,0.528040477628229,0.533645882448048,0.539242804273784,0.544829848193919,0.550405629209832,0.55596877359356,0.561517920221712,0.567051721882808,0.572568846555465,0.578067978654879,0.583547820245258,0.589007092215886,0.59444453541871,0.599858911765402,0.605249005282048,0.610613623119713,0.615951596519309,0.621261781729321,0.626543060875126,0.631794342778768,0.637014563728226,0.642202688195366,0.647357709501923,0.65247865043301,0.657564563797817,0.662614532937312,0.667627672178892,0.672603127238088,0.677540075567585,0.682437726653924,0.687295322262399,0.692112136630811,0.696887476612818,0.701620681771774,0.706311124426037,0.710958209646845,0.71556137520992,0.720120091502098,0.724633861384329,0.729102220012455,0.733524734617291,0.737901004245531,0.742230659463099,0.746513362022591
0.289754499217482,0.29412733766364,0.298538430079674,0.302987280764053,0.307473368453911,0.311996146323592,0.316555042015878,0.321149457706619,0.325778770203393,0.330442331078806,0.335139466838913,0.339869479127231,0.344631644964678,0.349425217025747,0.354249423951098,0.359103470696702,0.363986538919552,0.368897787399886,0.373836352499778,0.378801348657836,0.383791868919691,0.388806985503818,0.393845750402179,0.398907196015054,0.403990335819345,0.409094165069525,0.414217661530338,0.419359786240246,0.424519484304514,0.429695685716777,0.434887306207804,0.440093248120121,0.445312401307058,0.450543644054715,0.455785844025289,0.461037859220085,0.46629853896055,0.471566724885523,0.47684125196293,0.482120949514029,0.487404642248327,0.492691151307219,0.497979295314399,0.50326789143105,0.508555756413806,0.513841707673493,0.519124564332619,0.524403148279617,0.529676285217834,0.534942805707291,0.540201546197259,0.545451350047711,0.550691068537775,0.555919561859327,0.561135700093923,0.566338364171331,0.571526446807953,0.576698853423534,0.58185450303458,0.586992329123009,0.592111280478616,0.597210322014037,0.60228843555095,0.607344620576361,0.612377894967905,0.617387295687176,0.622371879440208,0.6273307233043,0.632262925320504,0.637167605051157,0.642043904101965,0.64689098660821,0.651708039684788,0.656494273839828,0.661248923351782,0.665971246609944,0.670660526418439,0.67531607026383,0.679937210546558,0.684523304776523,0.689073735733181,0.693587911590628,0.698065266008178,0.702505258187054,0.706907372893844,0.711271120451446,0.715596036698282,0.719881682916613,0.72412764573084,0.728333536976712,0.732498993542412,0.736623677182516,0.74070727430587,0.744749495738439,0.748750076462218,0.752708775331311,0.756625374766297,0.760499680428029,0.764331520871992,0.76812074718438
0.347860540243585,0.351315341681375,0.354785788057019,0.358271582584979,0.361772422290221,0.365287998088725,0.368817994872983,0.372362091602472,0.37591996139909,0.379491271647487,0.383075684100288,0.386672854988129,0.390282435134467,0.3939040700751,0.397537400182328,0.401182060793673,0.404837682345092,0.408503890508579,0.412180306334064,0.415866546395519,0.419562222941144,0.423266944047542,0.426980313777732,0.43070193234291,0.434431396267793,0.438168298559429,0.44191222887932,0.445662773718716,0.449419516576912,0.453182038142413,0.456949916476779,0.460722727200998,0.464500043684213,0.468281437234614,0.472066477292341,0.475854731624188,0.479645766519945,0.483439146990171,0.487234436965221,0.491031199495329,0.494828996951549,0.498627391227369,0.502425943940779,0.506224216636627,0.510021770989032,0.513818169003678,0.51761297321978,0.521405746911529,0.525196054288815,0.528983460697038,0.532767532815801,0.536547838856315,0.540323948757294,0.544095434379188,0.547861869696541,0.551622830988301,0.555377897025914,0.559126649259011,0.562868671998527,0.566603552597087,0.570330881626486,0.574050253052119,0.577761264404197,0.581463516945617,0.585156615836321,0.588840170294026,0.592513793751198,0.596177104008121,0.599829723381969,0.60347127885175,0.607101402199033,0.610719730144333,0.61432590447909,0.617919572193134,0.621500385597564,0.625068002442972,0.628622086032928,0.632162305332697,0.635688335073098,0.639199855849494,0.642696554215843,0.646178122773802,0.649644260256843,0.653094671609363,0.656529068060786,0.659947167194638,0.663348693012597,0.666733375993535,0.670100953147547,0.673451168065006,0.676783770960649,0.680098518712733,0.683395174897302,0.686673509817596,0.689933300528653,0.693174330857154,0.696396391416577,0.699599279617699,0.702782799674538,0.705946762605785
0.332044188696075,0.336332625809517,0.340648202968748,0.344990369558254,0.349358558220588,0.353752185055329,0.358170649838953,0.362613336265624,0.367079612208874,0.371568830004097,0.376080326751757,0.380613424641123,0.385167431294357,0.389741640130679,0.39433533075032,0.398947769337931,0.403578209085049,0.408225890631192,0.412890042523107,0.417569881691654,0.422264613945759,0.426973434482824,0.431695528414968,0.436430071310384,0.441176229749118,0.445933161892478,0.450700018065305,0.455475941350255,0.460260068193239,0.465051529019128,0.469849448856814,0.474652947972668,0.479461142511444,0.484273145143639,0.489088065718305,0.4939050119203,0.498723089930948,0.503541405091068,0.508359062565329,0.513175168006883,0.517988828221229,0.522799151828258,0.527605249921436,0.532406236723101,0.537201230234837,0.54198935288192,0.546769732150852,0.551541501218983,0.556303799575296,0.561055773631397,0.565796577321824,0.570525372692785,0.575241330478491,0.579943630664249,0.584631463035563,0.58930402771247,0.593960535668425,0.598600209233053,0.603222282578159,0.607826002186382,0.612410627301979,0.616975430363221,0.621519697415952,0.626042728507901,0.630543838063372,0.635022355238013,0.63947762425336,0.643909004710953,0.64831587188582,0.652697616999209,0.65705364747045,0.661383387147918,0.665686276519067,0.669961772899596,0.674209350601788,0.678428501082169,0.68261873306862,0.686779572667137,0.690910563448478,0.695011266514942,0.699081260547585,0.703120141834202,0.707127524278426,0.711103039390329,0.715046336258942,0.718957081507125,0.722834959229254,0.726679670912191,0.730490935340057,0.73426848848331,0.738012083372664,0.741721489958407,0.745396494955669,0.7490369016762,0.752642529847271,0.75621321541824,0.759748810355415,0.76324918242578,0.766714214970202,0.770143806666708
0.427416754975421,0.428126253570241,0.428836047838482,0.429546134981599,0.430256512196274,0.430967176674462,0.431678125603431,0.432389356165807,0.433100865539615,0.433812650898327,0.434524709410899,0.435237038241819,0.43594963455115,0.436662495494575,0.437375618223438,0.438088999884791,0.438802637621439,0.439516528571982,0.440230669870861,0.440945058648404,0.441659692030867,0.442374567140486,0.443089681095516,0.44380503101028,0.444520613995211,0.445236427156903,0.445952467598154,0.446668732418008,0.447385218711809,0.448101923571242,0.448818844084381,0.449535977335733,0.450253320406289,0.450970870373568,0.451688624311664,0.452406579291292,0.453124732379839,0.453843080641406,0.45456162113686,0.455280350923877,0.455999267056995,0.456718366587654,0.457437646564254,0.458157104032192,0.458876736033918,0.459596539608979,0.46031651179407,0.46103664962308,0.461756950127139,0.462477410334671,0.46319802727144,0.463918797960599,0.464639719422736,0.46536078867593,0.46608200273579,0.466803358615514,0.467524853325932,0.468246483875555,0.468968247270629,0.46969014051518,0.470412160611064,0.471134304558018,0.47185656935371,0.472578951993786,0.473301449471923,0.474024058779876,0.474746776907528,0.475469600842943,0.476192527572414,0.476915554080512,0.477638677350137,0.478361894362569,0.479085202097518,0.479808597533173,0.480532077646254,0.481255639412061,0.481979279804527,0.482702995796263,0.483426784358616,0.484150642461715,0.48487456707452,0.485598555164878,0.486322603699571,0.487046709644364,0.48777086996406,0.48849508162255,0.489219341582863,0.489943646807216,0.490667994257066,0.491392380893162,0.492116803675594,0.492841259563847,0.493565745516846,0.494290258493014,0.495014795450321,0.49573935334633,0.496463929138257,0.497188519783013,0.497913122237263,0.498637733457472
0.253532611064119,0.258858280389986,0.264256216876908,0.269725750641221,0.275266137260234,0.280876556855633,0.286556113312968,0.29230383364456,0.298118667502837,0.303999486850813,0.309945085795987,0.315954180593521,0.322025409824045,0.32815733475091,0.334348439861097,0.340597133593368,0.346901749256557,0.353260546140174,0.359671710818756,0.366133358650571,0.372643535470501,0.379200219476051,0.385801323304598,0.392444696299079,0.399128126958474,0.405849345568519,0.412606027007214,0.419395793718819,0.426216218849177,0.433064829534352,0.439939110333804,0.446836506798515,0.45375442916378,0.460690256155711,0.467641338899835,0.474605004919659,0.481578562212536,0.48855930338974,0.495544509867313,0.502531456093939,0.509517413801905,0.516499656267069,0.523475462563709,0.530442121800153,0.537396937321203,0.544337230863548,0.551260346650637,0.558163655413806,0.565044558326896,0.571900490842048,0.57872892641493,0.585527380108252,0.592293412063091,0.599024630828241,0.605718696538592,0.612373323934299,0.618986285213362,0.625555412711047,0.632078601400495,0.63855381120971,0.644979069151005,0.651352471259909,0.657672184341375,0.663936447522006,0.670143573607905,0.676291950248522,0.68238004090772,0.688406385644031,0.694369601702796,0.700268383923598,0.706101504967032,0.711867815365458,0.717566243402956,0.723195794830193,0.728755552420386,0.734244675372948,0.739662398571746,0.745008031705238,0.750280958255986,0.755480634367252,0.76060658759455,0.765658415550142,0.77063578444851,0.77553842756089,0.780366143586913,0.78511879495135,0.789796306033879,0.794398661339641,0.798925903618223,0.803378131938504,0.807755499726612,0.812058212773985,0.816286527222305,0.820440747531779,0.824521224438999,0.828528352910278,0.832462570096092,0.836324353291916,0.840114217910482,0.84383271547009
0.399092097431279,0.401277536534896,0.403466907821374,0.405660130927848,0.407857124888603,0.410057808146164,0.412262098562602,0.414469913431012,0.41668116948719,0.418895782921487,0.421113669390849,0.42333474403103,0.425558921468982,0.427786115835409,0.4300162407775,0.432249209471808,0.434484934637302,0.436723328548566,0.438964303049153,0.441207769565077,0.443453639118464,0.44570182234132,0.44795222948945,0.450204770456496,0.452459354788106,0.454715891696213,0.456974290073446,0.45923445850763,0.46149630529641,0.463759738461969,0.466024665765836,0.468290994723794,0.470558632620868,0.472827486526395,0.47509746330917,0.477368469652662,0.479640412070294,0.481913196920782,0.484186730423533,0.486460918674081,0.488735667659582,0.491010883274336,0.49328647133534,0.49556233759788,0.497838387771133,0.50011452753379,0.502390662549692,0.504666698483465,0.506942541016161,0.509218095860892,0.511493268778446,0.513767965592896,0.516042092207181,0.518315554618663,0.520588258934641,0.522860111387843,0.525131018351858,0.527400886356527,0.529669622103279,0.531937132480402,0.534203324578256,0.536468105704405,0.538731383398686,0.540993065448187,0.543253059902139,0.545511275086725,0.547767619619786,0.550022002425426,0.552274332748513,0.554524520169068,0.55677247461654,0.559018106383959,0.561261326141963,0.563502044952699,0.565740174283587,0.567975626020944,0.570208312483474,0.572438146435598,0.574665041100645,0.576888910173876,0.579109667835366,0.5813272287627,0.583541508143523,0.585752421687911,0.587959885640562,0.59016381679282,0.592364132494514,0.59456075066561,0.596753589807675,0.598942569015161,0.601127607986479,0.603308627034889,0.605485547099188,0.607658289754189,0.60982677722101,0.611990932377138,0.614150678766301,0.616305940608116,0.618456642807529,0.620602710964041
0.528795279457224,0.528174262878158,0.527553159084116,0.52693196998591,0.526310697495411,0.525689343525519,0.525067909990143,0.524446398804176,0.523824811883472,0.523203151144821,0.52258141850593,0.521959615885394,0.521337745202675,0.520715808378077,0.520093807332725,0.519471743988539,0.518849620268211,0.518227438095182,0.517605199393615,0.516982906088378,0.516360560105011,0.515738163369712,0.515115717809305,0.514493225351221,0.513870687923473,0.51324810745463,0.512625485873798,0.512002825110591,0.51138012709511,0.510757393757918,0.510134627030017,0.509511828842822,0.508889001128141,0.508266145818146,0.507643264845353,0.507020360142597,0.506397433643007,0.505774487279982,0.50515152298717,0.504528542698438,0.503905548347856,0.503282541869664,0.502659525198258,0.502036500268154,0.501413469013978,0.500790433370429,0.500167395272262,0.499544356654263,0.498921319451225,0.498298285597922,0.497675257029087,0.497052235679388,0.496429223483403,0.495806222375595,0.495183234290291,0.494560261161656,0.493937304923669,0.493314367510098,0.492691450854478,0.492068556890088,0.491445687549924,0.490822844766674,0.4902000304727,0.489577246600007,0.488954495080226,0.488331777844582,0.487709096823879,0.487086453948467,0.486463851148227,0.485841290352538,0.485218773490263,0.484596302489716,0.483973879278643,0.483351505784198,0.482729183932918,0.4821069156507,0.481484702862776,0.480862547493689,0.480240451467274,0.479618416706626,0.478996445134084,0.478374538671202,0.477752699238728,0.477130928756582,0.476509229143825,0.475887602318646,0.475266050198329,0.474644574699235,0.474023177736776,0.473401861225392,0.47278062707853,0.472159477208615,0.471538413527032,0.470917437944099,0.470296552369046,0.46967575870999,0.469055058873913,0.468434454766637,0.467813948292803,0.467193541355846
0.444716012006904,0.446713681734756,0.448713073680718,0.450714124626486,0.452716771140244,0.454720949584576,0.456726596124437,0.458733646735169,0.460742037210579,0.462751703171058,0.464762580071757,0.466774603210798,0.468787707737534,0.470801828660851,0.472816900857505,0.474832859080499,0.47684963796749,0.478867172049228,0.480885395758035,0.482904243436292,0.484923649344972,0.486943547672176,0.488963872541707,0.490984558021647,0.493005538132958,0.495026746858096,0.497048118149631,0.499069585938876,0.501091084144531,0.503112546681316,0.505133907468614,0.507155100439115,0.509176059547448,0.511196718778814,0.513217012157604,0.515236873756017,0.51725623770265,0.519275038191084,0.52129320948845,0.523310685943968,0.525327401997468,0.527343292187892,0.529358291161756,0.531372333681589,0.533385354634345,0.535397289039768,0.537408072058735,0.539417639001546,0.541425925336185,0.543432866696528,0.545438398890515,0.547442457908264,0.549444979930142,0.551445901334787,0.553445158707063,0.555442688845974,0.55743842877251,0.559432315737435,0.561424287229016,0.563414280980682,0.565402234978623,0.567388087469315,0.569371776966982,0.571353242260979,0.573332422423105,0.57530925681484,0.577283685094506,0.57925564722435,0.581225083477538,0.583191934445082,0.585156141042669,0.587117644517412,0.58907638645451,0.591032308783828,0.592985353786375,0.594935464100699,0.596882582729189,0.598826653044279,0.600767618794562,0.602705424110801,0.604640013511848,0.606571331910462,0.608499324619028,0.610423937355171,0.612345116247273,0.614262807839887,0.616176959099039,0.618087517417435,0.619994430619558,0.621897646966656,0.623797115161624,0.625692784353782,0.627584604143537,0.629472524586944,0.631356496200145,0.63323646996371,0.635112397326858,0.636984230211569,0.638851921016588,0.640715422621309
0.462357833920577,0.463062476873132,0.463767267383967,0.464472202667599,0.46517727993624,0.465882496399838,0.46658784926612,0.467293335740636,0.467998953026806,0.46870469832596,0.469410568837383,0.470116561758363,0.470822674284229,0.471528903608402,0.472235246922433,0.472941701416052,0.47364826427721,0.474354932692126,0.47506170384533,0.475768574919706,0.476475543096539,0.477182605555562,0.477889759474995,0.478597002031594,0.479304330400697,0.480011741756264,0.480719233270928,0.481426802116035,0.482134445461691,0.48284216047681,0.483549944329156,0.484257794185386,0.484965707211102,0.485673680570891,0.486381711428371,0.487089796946239,0.487797934286315,0.488506120609584,0.489214353076249,0.48992262884577,0.490630945076911,0.491339298927787,0.492047687555911,0.492756108118234,0.493464557771196,0.494173033670769,0.494881532972505,0.495590052831579,0.496298590402835,0.497007142840833,0.497715707299895,0.498424280934148,0.499132860897575,0.499841444344053,0.500550028427406,0.501258610301447,0.501967187120025,0.502675756037068,0.503384314206633,0.504092858782951,0.504801386920467,0.505509895773895,0.506218382498256,0.506926844248926,0.507635278181684,0.508343681452754,0.509052051218855,0.509760384637242,0.510468678865753,0.511176931062858,0.5118851383877,0.512593298000143,0.513301407060817,0.514009462731161,0.514717462173476,0.515425402550962,0.516133281027765,0.516841094769029,0.517548840940932,0.518256516710738,0.51896411924684,0.519671645718805,0.520379093297419,0.521086459154734,0.521793740464109,0.522500934400261,0.523208038139305,0.5239150488588,0.524621963737798,0.525328779956882,0.526035494698216,0.526742105145588,0.527448608484455,0.528155001901987,0.528861282587113,0.529567447730563,0.530273494524917,0.530979420164643,0.531685221846148,0.532390896767817
0.24420001724088,0.249406232486842,0.254686039318085,0.260038894666626,0.265464182255433,0.270961211446175,0.276529216211019,0.282167354236306,0.287874706165743,0.293650274990472,0.299492985593082,0.305401684452275,0.311375139514459,0.317412040238107,0.323510997816177,0.329670545581351,0.335889139598215,0.342165159445845,0.348496909193583,0.354882618572011,0.361320444340371,0.367808471850868,0.374344716809432,0.380927127231688,0.387553585591935,0.394221911162131,0.400929862536882,0.40767514033961,0.414455390104131,0.421268205325006,0.428111130669167,0.434981665340478,0.441877266588072,0.448795353348565,0.455733310011483,0.462688490296613,0.469658221231329,0.476639807215415,0.483630534160404,0.490627673690043,0.497628487388135,0.504630231079753,0.511630159131619,0.518625528757342,0.525613604313179,0.532591661570021,0.539556991947476,0.546506906696094,0.553438741014121,0.560349858085484,0.567237653026206,0.574099556726923,0.580933039579773,0.58773561507854,0.594504843281665,0.601238334128427,0.60793375059941,0.614588811713192,0.621201295352013,0.627769040910084,0.634289951759054,0.640761997526089,0.647183216180877,0.653551715928814,0.659865676908487,0.666123352692463,0.672323071591254,0.678463237761137,0.684542332117356,0.69055891305494,0.696511616980168,0.702399158656342,0.708220331368226,0.713974006910056,0.719659135402627,0.725274744945422,0.730819941110209,0.736293906282943,0.741695898861129,0.747025252314107,0.752281374113969,0.757463744544992,0.76257191539962,0.767605508569143,0.772564214537232,0.777447790784533,0.782256060112477,0.786988908894385,0.791646285261849,0.796228197234234,0.800734710798962,0.805165947950059,0.809522084692222,0.813803349017402,0.818010018860668,0.822142420041823,0.826200924198939,0.830185946719715,0.834097944676208,0.837937414768206
0.426391908680111,0.428029289519087,0.429668248173531,0.431308750181375,0.432950760946453,0.434594245741319,0.436239169710096,0.437885497871341,0.43953319512094,0.441182226235017,0.442832555872879,0.444484148579966,0.446136968790833,0.447790980832151,0.449446148925723,0.451102437191529,0.452759809650776,0.454418230228981,0.456077662759062,0.457738070984452,0.459399418562223,0.461061669066236,0.462724785990297,0.464388732751333,0.466053472692582,0.467718969086798,0.469385185139464,0.471052083992025,0.472719628725127,0.47438778236187,0.476056507871075,0.477725768170554,0.479395526130396,0.481065744576258,0.482736386292669,0.484407414026337,0.486078790489466,0.487750478363076,0.489422440300336,0.491094638929896,0.492767036859224,0.494439596677951,0.496112280961216,0.497785052273014,0.499457873169548,0.501130706202581,0.50280351392279,0.504476258883118,0.506148903642128,0.507821410767353,0.50949374283865,0.511165862451545,0.512837732220576,0.514509314782641,0.516180572800328,0.517851468965249,0.519521966001371,0.521192026668331,0.52286161376475,0.524530690131544,0.526199218655219,0.527867162271159,0.529534483966909,0.531201146785447,0.532867113828439,0.534532348259494,0.536196813307396,0.537860472269331,0.5395232885141,0.541185225485319,0.542846246704597,0.544506315774715,0.546165396382772,0.54782345230333,0.549480447401533,0.551136345636217,0.552791111062989,0.554444707837309,0.556097100217532,0.557748252567943,0.559398129361772,0.561046695184184,0.56269391473525,0.564339752832899,0.565984174415848,0.567627144546504,0.569268628413853,0.570908591336316,0.572546998764588,0.574183816284451,0.575819009619562,0.577452544634211,0.579084387336067,0.580714503878882,0.582342860565178,0.583969423848905,0.585594160338075,0.587217036797357,0.588838020150661,0.590457077483677
0.363866043719344,0.366335729350479,0.368812459107806,0.371296122003328,0.373786605637634,0.376283796216788,0.37878757856979,0.381297836166627,0.383814451136881,0.386337304288921,0.388866275129646,0.391401241884798,0.393942081519814,0.396488669761237,0.399040881118661,0.401598588907206,0.404161665270525,0.406729981204326,0.409303406580402,0.411881810171165,0.414465059674674,0.41705302174014,0.419645561993914,0.422242545065929,0.424843834616604,0.427449293364189,0.430058783112537,0.432672164779302,0.435289298424547,0.437910043279743,0.440534257777159,0.443161799579624,0.445792525610643,0.448426292084865,0.451062954538882,0.453702367862348,0.4563443863294,0.458988863630376,0.461635652903805,0.464284606768659,0.466935577356855,0.469588416345991,0.472242974992289,0.47489910416375,0.477556654373493,0.480215475813259,0.482875418387072,0.485536331745041,0.488198065317281,0.490860468347937,0.493523389929308,0.496186679036032,0.498850184559333,0.50151375534131,0.50417724020925,0.506840488009939,0.50950334764398,0.512165668100067,0.514827298489231,0.517488088079018,0.520147886327597,0.522806542917772,0.525463907790891,0.528119831180623,0.530774163646605,0.53342675610792,0.536077459876416,0.538726126689827,0.541372608744695,0.544016758729072,0.546658429854986,0.549297475890662,0.551933751192477,0.554567110736632,0.557197410150538,0.559824505743892,0.562448254539427,0.565068514303337,0.567685143575345,0.570298001698413,0.57290694884808,0.57551184606141,0.578112555265542,0.580708939305831,0.583300861973565,0.585888188033249,0.588470783249442,0.591048514413146,0.593621249367721,0.59618885703433,0.598751207436898,0.601308171726579,0.603859622205715,0.60640543235129,0.608945476837863,0.611479631559973,0.614007773654013,0.616529781519557,0.619045534840149,0.621554914603531
0.307304648855034,0.31208203883173,0.316899721076102,0.321756989440131,0.326653106196623,0.331587302219327,0.336558777211956,0.341566699986757,0.346610208793126,0.351688411696649,0.356800387008845,0.361945183767706,0.367121822269047,0.372329294648487,0.37756656551378,0.382832572627047,0.388126227636317,0.393446416855638,0.398792002092878,0.404161821524177,0.409554690613858,0.414969403078491,0.420404731893619,0.425859430341543,0.431332233098418,0.436821857358777,0.442327003995481,0.44784635875296,0.4533785934715,0.45892236734023,0.464476328176356,0.470039113728079,0.475609352998595,0.481185667588443,0.486766673053447,0.49235098027542,0.49793719684275,0.503523928437962,0.509109780229329,0.514693358263564,0.520273270856652,0.525848129979877,0.531416552638098,0.536977162237395,0.5425285899392,0.548069475998114,0.553598471080649,0.559114237562207,0.564615450799688,0.570100800377202,0.575568991322465,0.581018745291539,0.586448801719723,0.591857918936472,0.597244875242391,0.602608469946444,0.607947524361674,0.613260882757849,0.618547413269613,0.623806008758845,0.629035587630075,0.634235094597977,0.639403501406076,0.644539807495985,0.649643040626595,0.654712257442848,0.659746543993797,0.664745016199866,0.669706820269306,0.674631133064024,0.679517162415064,0.684364147388165,0.689171358499926,0.69393809788525,0.698663699416821,0.703347528777509,0.707988983486664,0.712587492881369,0.71714251805383,0.721653551746112,0.72612011820356,0.730541772988261,0.734918102754005,0.739248724984231,0.743533287694493,0.747771469101035,0.751962977257082,0.756107549658487,0.760204952820404,0.764254981826649,0.768257459853441,0.772212237669216,0.776119193112185,0.779978230547324,0.783789280304463,0.787552298099107,0.791267264437637,0.794934184008465,0.798553085060749,0.802124018772165
0.337708441512525,0.341574588476423,0.34546190887915,0.349369994901641,0.353298428153849,0.357246779801227,0.361214610701931,0.365201471554709,0.369206903057459,0.373230436076412,0.377271591825856,0.381329882058336,0.385404809265223,0.389495866887513,0.393602539536747,0.397724303225865,0.401860625609834,0.406010966235847,0.410174776802881,0.414351501430383,0.418540576935835,0.422741433120926,0.426953493066055,0.431176173432857,0.43540888477444,0.439651031852993,0.443902013964434,0.448161225269707,0.452428055132391,0.456701888462188,0.460982106063929,0.465268084991657,0.469559198907372,0.473854818444017,0.478154311572232,0.482457043970463,0.486762379397933,0.491069680070036,0.495378307035671,0.49968762055605,0.503996980484495,0.508305746646752,0.512613279221342,0.516918939119463,0.521222088363971,0.525522090466957,0.529818310805449,0.534110116994767,0.538396879259071,0.542677970798637,0.546952768153409,0.551220651562388,0.555481005318421,0.559733218117963,0.563976683405398,0.568210799711515,0.572434970985755,0.576648606921833,0.5808511232764,0.585041942180362,0.589220492442548,0.593386209845392,0.597538537432336,0.601676925786653,0.60580083330144,0.609909726440514,0.614003079989981,0.618080377300265,0.622141110518389,0.626184780810344,0.630210898573369,0.634218983638008,0.638208565459819,0.642179183300625,0.646130386399229,0.650061734131514,0.653972796159883,0.657863152572011,0.661732394008884,0.665580121782135,0.669405947980698,0.673209495566812,0.67699039846143,0.680748301619107,0.684482861092438,0.688193744086164,0.691880629001045,0.695543205467633,0.699181174370089,0.702794247860188,0.706382149361694,0.709944613565263,0.71348138641408,0.716992225080416,0.720476897933315,0.723935184497635,0.727366875404663,0.730771772334531,0.734149687950684,0.737500445826639
0.476410044794768,0.47633231612573,0.476254588603198,0.476176862230919,0.476099137012641,0.476021412952113,0.475943690053082,0.475865968319294,0.475788247754498,0.475710528362441,0.475632810146868,0.475555093111527,0.475477377260163,0.475399662596523,0.475321949124353,0.475244236847397,0.475166525769402,0.475088815894112,0.475011107225272,0.474933399766628,0.474855693521922,0.4747779884949,0.474700284689305,0.474622582108882,0.474544880757372,0.474467180638521,0.474389481756069,0.474311784113762,0.474234087715339,0.474156392564545,0.474078698665122,0.474001006020809,0.473923314635351,0.473845624512486,0.473767935655958,0.473690248069506,0.47361256175687,0.473534876721792,0.473457192968012,0.473379510499268,0.473301829319301,0.47322414943185,0.473146470840654,0.473068793549452,0.472991117561982,0.472913442881983,0.472835769513193,0.472758097459348,0.472680426724189,0.47260275731145,0.472525089224869,0.472447422468184,0.47236975704513,0.472292092959444,0.472214430214862,0.47213676881512,0.472059108763953,0.471981450065096,0.471903792722284,0.471826136739252,0.471748482119734,0.471670828867465,0.471593176986178,0.471515526479608,0.471437877351487,0.471360229605548,0.471282583245525,0.47120493827515,0.471127294698155,0.471049652518272,0.470972011739233,0.47089437236477,0.470816734398613,0.470739097844495,0.470661462706144,0.470583828987293,0.47050619669167,0.470428565823006,0.470350936385031,0.470273308381472,0.470195681816061,0.470118056692525,0.470040433014593,0.469962810785993,0.469885190010453,0.469807570691701,0.469729952833463,0.469652336439468,0.469574721513441,0.469497108059109,0.469419496080199,0.469341885580437,0.469264276563547,0.469186669033256,0.469109062993289,0.469031458447369,0.468953855399223,0.468876253852573,0.468798653811144,0.46872105527866
0.326555449208234,0.330644267330024,0.334758832870211,0.338898676544534,0.343063314550417,0.347252248706819,0.351464966610546,0.35570094180907,0.359959633989891,0.364240489186427,0.368542940000406,0.372866405840674,0.377210293178345,0.381573995818129,0.385956895185689,0.390358360630835,0.39477774974629,0.399214408701803,0.403667672593272,0.408136865806571,0.412621302395705,0.417120286474897,0.421633112624176,0.426159066308018,0.430697424306538,0.435247455158721,0.439808419617146,0.444379571113623,0.44896015623516,0.453549415209607,0.458146582400359,0.462750886809432,0.467361552588223,0.47197779955525,0.476598843720141,0.481223897813139,0.485852171819351,0.490482873516999,0.49511520901887,0.499748383316198,0.504381600824182,0.509014065928342,0.513644983530919,0.518273559596522,0.522899001696227,0.527520519549329,0.532137325561977,0.536748635361897,0.541353668328447,0.545951648117242,0.550541803178609,0.55512336726914,0.559695579955633,0.564257687110741,0.568808941399631,0.573348602757031,0.57787593885402,0.582390225553963,0.586890747357022,0.591376797832678,0.595847680039756,0.600302706933462,0.60474120175895,0.609162498431015,0.613565941899488,0.617950888499984,0.622316706289644,0.6266627753676,0.630988488179857,0.635293249808386,0.639576478244206,0.64383760464429,0.648076073572159,0.652291343222058,0.656482885626644,0.66065018684814,0.664792747152953,0.668910081169774,0.673001718031215,0.677067201499063,0.681106090073258,0.68511795708474,0.689102390772327,0.69305899434381,0.696987386021481,0.700887199072347,0.70475808182326,0.708599697661285,0.712411725019571,0.716193857349072,0.719945803076443,0.723667285548478,0.72735804296344,0.731017828289697,0.734646409172027,0.738243567826027,0.741809100921033,0.745342819451972,0.748844548600592,0.7523141275865
0.289291792384034,0.294088186685953,0.298930655949331,0.303818543684788,0.308751156328183,0.313727763245418,0.318747596794565,0.323809852446658,0.328913688966338,0.334058228653422,0.339242557646295,0.344465726287881,0.349726749554783,0.355024607550003,0.360358246059485,0.365726577172529,0.371128479965945,0.376562801251626,0.382028356386994,0.38752393014763,0.393048277661132,0.398600125401096,0.404178172239887,0.409781090558679,0.415407527413034,0.421056105752107,0.426725425689366,0.432414065822544,0.438120584600326,0.443843521733161,0.449581399645364,0.455332724965557,0.46109599005235,0.466869674552004,0.472652246984729,0.478442166356138,0.484237883790287,0.49003784418065,0.495840487855298,0.501644252252512,0.50744757360301,0.513248888614926,0.519046636157711,0.524839258941074,0.530625205185156,0.536402930278123,0.542170898417427,0.547927584231061,0.553671474375191,0.559401069104651,0.565114883812888,0.570811450538067,0.576489319432158,0.582147060190001,0.587783263435445,0.593396542061877,0.598985532524562,0.604548896082449,0.610085319987237,0.61559351861771,0.621072234557521,0.626520239614833,0.631936335782381,0.637319356136763,0.642668165675938,0.64798166209412,0.653258776493474,0.658498474032178,0.663699754508652,0.668861652881925,0.673983239728281,0.679063621634549,0.684101941528538,0.689097378947286,0.694049150243999,0.698956508734635,0.703818744785306,0.708635185841751,0.713405196402293,0.7181281779358,0.722803568746275,0.727430843785805,0.732009514417686,0.736539128131623,0.741019268212965,0.745449553368013,0.749829637307475,0.754159208290187,0.758437988629257,0.762665734162817,0.76684223369156,0.770967308385287,0.775040811160653,0.779062626032299,0.783032667439575,0.786950879550989,0.79081723554852,0.794631736893905,0.798394412578935,0.802105318361805
0.259944078415072,0.265141075283852,0.270404010269186,0.275732214348349,0.281124954203196,0.286581431594025,0.292100782846498,0.297682078456872,0.303324322820604,0.309026454089069,0.314787344158822,0.320605798797478,0.326480557909904,0.332410295947966,0.338393622466653,0.344429082828891,0.350515159060846,0.356650270858991,0.362832776749619,0.369060975400933,0.375333107087199,0.381647355303866,0.3880018485319,0.39439466214895,0.400823820484326,0.407287299014115,0.413783026692138,0.420308888411802,0.426862727593315,0.433442348890096,0.440045521007671,0.446669979627765,0.453313430429803,0.459973552201525,0.466648000029986,0.473334408563787,0.480030395337033,0.486733564145187,0.493441508462716,0.500151814892214,0.506862066634528,0.513569846969278,0.520272742735151,0.526968347799294,0.533654266505243,0.540328117088898,0.546987535052249,0.553630176484743,0.560253721322505,0.566855876535887,0.573434379236242,0.57998699969319,0.586511544254117,0.593005858158132,0.599467828237229,0.605895385497954,0.612286507577452,0.61863922106838,0.62495160370777,0.631221786425573,0.637447955249244,0.643628353061373,0.649761281208001,0.65584510095592,0.661878234797857,0.667859167605094,0.673786447627635,0.679658687342681,0.685474564152666,0.691232820934706,0.696932266443788,0.70257177557254,0.708150289470843,0.71366681552901,0.719120427228606,0.724510263865367,0.729835530148969,0.735095495684713,0.740289494342407,0.745416923517973,0.750477243293441,0.755469975501196,0.760394702698396,0.765251067057584,0.770038769179581,0.774757566834722,0.779407273638518,0.783987757667789,0.78849894002322,0.792940793344247,0.797313340282037,0.801616651936214,0.805850846260841,0.810016086444997,0.814112579273117,0.818140573470065,0.822100358035735,0.82599226057374,0.829816645618547,0.833573912965194
0.554271951893649,0.553365805409181,0.552459304196628,0.551552454146253,0.550645261157543,0.549737731139064,0.548829870008306,0.547921683691531,0.547013178123624,0.546104359247935,0.545195233016131,0.544285805388038,0.54337608233149,0.542466069822171,0.541555773843465,0.540645200386293,0.539734355448966,0.538823245037021,0.537911875163068,0.537000251846632,0.536088381113996,0.535176268998041,0.534263921538092,0.533351344779753,0.532438544774753,0.531525527580788,0.530612299261353,0.52969886588559,0.528785233528126,0.52787140826891,0.526957396193052,0.526043203390666,0.525128835956703,0.524214299990791,0.523299601597076,0.522384746884054,0.521469741964416,0.520554592954874,0.519639305976012,0.518723887152109,0.517808342610985,0.516892678483834,0.515976900905058,0.515061016012107,0.514145029945312,0.513228948847721,0.512312778864936,0.511396526144946,0.510480196837964,0.509563797096259,0.508647333073996,0.507730810927065,0.506814236812922,0.505897616890417,0.504980957319633,0.504064264261719,0.503147543878725,0.502230802333434,0.5013140457892,0.50039728040978,0.499480512359168,0.49856374780143,0.497646992900539,0.496730253820207,0.495813536723721,0.494896847773777,0.493980193132315,0.49306357896035,0.49214701141781,0.491230496663371,0.490314040854287,0.489397650146229,0.488481330693118,0.48756508864696,0.48664893015768,0.485732861372958,0.484816888438066,0.483901017495699,0.482985254685813,0.482069606145461,0.481154078008628,0.480238676406067,0.479323407465135,0.478408277309629,0.477493292059625,0.47657845783131,0.475663780736824,0.474749266884092,0.473834922376668,0.472920753313566,0.472006765789102,0.47109296589273,0.470179359708885,0.469265953316813,0.468352752790419,0.467439764198103,0.466526993602597,0.465614447060808,0.464702130623659,0.463790050335927
0.405026522399845,0.406154570904376,0.407283610503952,0.408413630129979,0.409544618673164,0.410676564983922,0.411809457872794,0.412943286110854,0.414078038430136,0.415213703524049,0.416350270047809,0.417487726618861,0.418626061817318,0.41976526418639,0.420905322232828,0.422046224427363,0.42318795920515,0.424330514966221,0.42547388007593,0.426618042865413,0.42776299163204,0.428908714639881,0.430055200120164,0.431202436271747,0.432350411261582,0.433499113225188,0.434648530267129,0.435798650461489,0.436949461852352,0.438100952454285,0.439253110252828,0.440405923204976,0.441559379239672,0.442713466258304,0.443868172135195,0.445023484718107,0.446179391828736,0.447335881263222,0.448492940792646,0.449650558163547,0.450808721098424,0.451967417296252,0.453126634432997,0.454286360162129,0.455446582115144,0.456607287902082,0.457768465112051,0.458930101313749,0.460092184055993,0.461254700868246,0.462417639261146,0.463580986727037,0.464744730740505,0.46590885875891,0.467073358222923,0.468238216557065,0.469403421170246,0.470568959456305,0.471734818794553,0.472900986550317,0.474067450075485,0.47523419670905,0.476401213777658,0.477568488596162,0.478736008468161,0.479903760686561,0.48107173253412,0.482239911284004,0.483408284200336,0.484576838538757,0.485745561546976,0.486914440465327,0.488083462527326,0.489252614960226,0.49042188498558,0.491591259819794,0.492760726674685,0.493930272758045,0.4950998852742,0.496269551424562,0.497439258408201,0.498608993422396,0.499778743663198,0.500948496325994,0.502118238606063,0.503287957699139,0.504457640801972,0.505627275112887,0.506796847832344,0.507966346163502,0.509135757312775,0.510305068490392,0.511474266910958,0.512643339794012,0.513812274364585,0.514981057853759,0.516149677499224,0.517318120545833,0.518486374246159,0.519654425861054
0.3839129943358,0.386359405306607,0.388811567186138,0.391269368964225,0.393732698516193,0.396201442621199,0.398675486981003,0.401154716239199,0.403639014000872,0.406128262852691,0.408622344383424,0.411121139204879,0.413624526973246,0.416132386410847,0.418644595328287,0.421161030646986,0.423681568422092,0.426206083865774,0.428734451370865,0.43126654453487,0.433802236184312,0.436341398399418,0.438883902539125,0.441429619266407,0.443978418573903,0.446530169809842,0.449084741704252,0.451642002395441,0.454201819456742,0.456764059923505,0.459328590320337,0.461895276688555,0.464463984613872,0.467034579254274,0.469606925368093,0.472180887342262,0.474756329220734,0.477333114733052,0.479911107323072,0.482490170177801,0.48507016625636,0.487650958319047,0.490232408956493,0.492814380618888,0.495396735645278,0.497979336292908,0.500562044766606,0.503144723248183,0.505727233925853,0.508309439023644,0.510891200830795,0.513472381731123,0.516052844232344,0.518632450995347,0.521211064863387,0.523788548891203,0.526364766374037,0.528939580876549,0.531512856261604,0.534084456718928,0.536654246793616,0.539222091414483,0.541787855922235,0.544351406097468,0.546912608188452,0.549471328938727,0.552027435614457,0.554580796031569,0.557131278582637,0.559678752263513,0.562223086699691,0.564764152172393,0.56730181964437,0.569835960785395,0.572366447997454,0.574893154439614,0.577415954052563,0.579934721582807,0.582449332606524,0.584959663553054,0.587465591728027,0.589966995336112,0.592463753503385,0.594955746299303,0.597442854758283,0.599924960900866,0.602401947754474,0.604873699373743,0.607340100860428,0.609801038382873,0.612256399195043,0.61470607165511,0.617149945243585,0.619587910580998,0.622019859445111,0.62444568478767,0.626865280750687,0.629278542682245,0.631685367151827,0.634085651965169
0.237231428981585,0.242175280005707,0.247188771489515,0.252271501666812,0.25742300595122,0.262642755813447,0.267930157751359,0.273284552359281,0.278705213502872,0.284191347605772,0.289742093054032,0.295356519724139,0.30103362864017,0.306772351765346,0.312571551932887,0.318430022920739,0.324346489674288,0.330319608680775,0.336347968498608,0.342430090444277,0.348564429438999,0.354749375016675,0.360983252494107,0.367264324303808,0.37359079148907,0.379960795360313,0.386372419311022,0.392823690790905,0.39931258343321,0.405837019332418,0.412394871467865,0.418983966268126,0.425602086310344,0.432246973148021,0.438916330260155,0.445607826113999,0.452319097333153,0.459047751962152,0.465791372818223,0.472547520920419,0.479313738985955,0.486087554983195,0.492866485730449,0.499648040529496,0.50642972482256,0.513209043861341,0.519983506376645,0.526750628237143,0.533507936085852,0.540252970943061,0.546983291764576,0.553696478944433,0.560390137751489,0.567061901689673,0.573709435772062,0.580330439699407,0.586922650934222,0.593483847662084,0.600011851632358,0.60650453087117,0.612959802260088,0.619375633974592,0.625750047777146,0.632081121160301,0.638366989336012,0.644605847068015,0.650795950344829,0.65693561789162,0.663023232519882,0.669057242314525,0.675036161658636,0.680958572096806,0.686823123038536,0.692628532303788,0.698373586513333,0.704057141327058,0.709678121533853,0.715235520997207,0.720728402460985,0.726155897220305,0.731517204662701,0.736811591685126,0.742038391992538,0.747197005284095,0.752286896333124,0.757307593967186,0.76225868995468,0.767139837804486,0.771950751485187,0.776691204070431,0.781361026316949,0.785960105181714,0.790488382284636,0.794945852323078,0.799332561444367,0.803648605582307,0.807894128763557,0.812069321389533,0.816174418499304,0.820209698018738
0.357395379751807,0.361114502701527,0.364850353844332,0.36860255544066,0.372370722151043,0.376154461165219,0.379953372338349,0.383767048334274,0.387595074775745,0.391437030401544,0.395292487230384,0.399161010731494,0.403042160001765,0.406935487949335,0.410840541483459,0.414756861710521,0.418683984136038,0.422621438872454,0.42656875085258,0.430525440048455,0.434491021695444,0.438465006521365,0.442446900980407,0.446436207491636,0.450432424681824,0.454435047632385,0.458443568130139,0.462457474921667,0.466476253970971,0.470499388720189,0.474526360353064,0.4785566480609,0.482589729310715,0.486625080115288,0.49066217530482,0.494700488799903,0.498739493885492,0.502778663485585,0.506817470438303,0.510855387771064,0.514891888975548,0.518926448282145,0.52295854093359,0.52698764345747,0.531013233937319,0.535034792281982,0.539051800492979,0.543063742929561,0.547070106571174,0.55107038127706,0.555064060042705,0.559050639252877,0.56302961893098,0.567000502984474,0.570962799446111,0.574916020710741,0.578859683767457,0.582793310426856,0.586716427543194,0.590628567231233,0.594529267077577,0.598418070346318,0.602294526178799,0.60615818978734,0.610008622642765,0.61384539265558,0.617668074350664,0.621476249035362,0.625269504960846,0.629047437476655,0.632809649178314,0.636555750047953,0.640285357587864,0.64399809694692,0.647693601039823,0.651371510659134,0.65503147458007,0.658673149658041,0.662296200918922,0.66590030164208,0.669485133436148,0.673050386307597,0.676595758722115,0.68012095765886,0.683625698657625,0.687109705858989,0.690572712037509,0.694014458628057,0.697434695745365,0.700833182196884,0.704209685489067,0.707563981827166,0.71089585610868,0.714205101910562,0.717491521470318,0.720754925661136,0.723995133961177,0.727211974417173,0.730405283602488,0.733574906569786
0.351853339017929,0.354907947203079,0.357974427607522,0.361052574004083,0.364142176501004,0.367243021586632,0.370354892176419,0.373477567662224,0.376610823963899,0.379754433583149,0.382908165659641,0.386071786029354,0.389245057285132,0.392427738839429,0.395619586989204,0.398820354982954,0.402029793089831,0.405247648670829,0.408473666251989,0.411707587599589,0.414949151797276,0.418198095325095,0.421454152140369,0.424717053760383,0.42798652934682,0.431262305791889,0.434544107806109,0.437831658007667,0.441124677013312,0.444422883530712,0.447725994452216,0.451033724949958,0.454345788572228,0.457661897341053,0.460981761850918,0.464305091368546,0.467631593933671,0.470960976460741,0.474292944841453,0.477627204048071,0.480963458237426,0.48430141085554,0.487640764742786,0.490981222239501,0.494322485291987,0.497664255558802,0.501006234517275,0.504348123570158,0.507689624152332,0.511030437837491,0.514370266444718,0.51770881214488,0.52104577756675,0.524380865902784,0.527713781014475,0.531044227537193,0.53437191098445,0.537696537851489,0.541017815718151,0.54433545335091,0.547649160804025,0.550958649519728,0.554263632427374,0.557563824041479,0.560858940558587,0.564148699952882,0.567432822070492,0.570711028722416,0.573983043776003,0.577248593244929,0.580507405377618,0.583759210744031,0.587003742320783,0.590240735574531,0.593469928543577,0.59669106191764,0.599903879115746,0.603108126362196,0.60630355276057,0.609489910365715,0.612666954253693,0.615834442589648,0.618992136693553,0.622139801103816,0.625277203638705,0.628404115455581,0.631520311107899,0.634625568599965,0.63771966943943,0.6408023986875,0.643873545006855,0.646932900707258,0.649980261788846,0.653015427983108,0.656038202791521,0.659048393521868,0.662045811322223,0.665030271212611,0.668001592114339,0.670959596877019
0.234744889747187,0.239968051244653,0.24527018149501,0.25065082777965,0.256109457548273,0.261645456848489,0.267258128886814,0.272946692731025,0.27871028216366,0.284547944696257,0.290458640753625,0.296441243037087,0.302494536075228,0.308617215970201,0.31480789034706,0.321065078513009,0.327387211832737,0.333772634325275,0.340219603486992,0.346726291344487,0.353290785740175,0.359911091852453,0.366585133951235,0.373310757388656,0.380085730823603,0.386907748677651,0.393774433818822,0.400683340468462,0.407631957325363,0.414617710900146,0.421637969051773,0.428690044716968,0.435771199822269,0.442878649367393,0.450009565667637,0.457161082742126,0.464330300833852,0.471514291046713,0.478710100084018,0.485914755072386,0.49312526845438,0.500338642932881,0.50755187644983,0.514761967181797,0.521965918534723,0.529160744120181,0.53634347269562,0.543511153051273,0.550660858826728,0.557789693240594,0.564894793717194,0.57197333639486,0.579022540501062,0.586039672580433,0.593022050562553,0.599967047657321,0.606872096066688,0.613734690502562,0.620552391501784,0.627322828530127,0.634043702868465,0.640712790275316,0.647327943421193,0.653887094091265,0.660388255154018,0.666829522294695,0.67320907551337,0.679525180388609,0.685776189108635,0.691960541272918,0.698076764468028,0.704123474622438,0.710099376145788,0.71600326185886,0.721834012721189,0.727590597363857,0.733272071435571,0.738877576770576,0.744406340387401,0.749857673327765,0.755230969345233,0.760525703453454,0.765741430343942,0.770877782683457,0.775934469301081,0.78091127327506,0.785808049929404,0.790624724750126,0.795361291230836,0.800017808657197,0.804594399839502,0.809091248802389,0.81350859844036,0.817846748147485,0.822106051429298,0.826286913504543,0.830389788904015,0.834415179073394,0.838363629986524,0.842235729775208
0.234513583381863,0.239708200777628,0.244981057813628,0.250331712231363,0.255759643535163,0.261264251451802,0.266844854517223,0.272500688800025,0.278230906771187,0.284034576329333,0.289910679990532,0.295858114251331,0.301875689133295,0.307962127916891,0.314116067072,0.320336056391777,0.326620559335897,0.332967953588534,0.339376531835624,0.345844502765146,0.352369992293259,0.358951045018212,0.365585625902948,0.372271622186345,0.379006845521938,0.385789034341952,0.392615856443347,0.399484911791482,0.406393735535924,0.413339801231799,0.420320524259032,0.427333265430714,0.434375334780868,0.441443995520819,0.448536468152492,0.455649934726024,0.462781543228284,0.469928412088103,0.477087634783365,0.484256284534485,0.491431419068311,0.498610085436043,0.505789324868473,0.512966177651586,0.520137688005469,0.527300908949456,0.534452907136491,0.541590767639913,0.54871159867612,0.555812536246973,0.562890748686265,0.569943441095149,0.576967859652074,0.583961295783499,0.590921090182467,0.597844636662979,0.604729385839035,0.611572848618202,0.618372599500545,0.625126279674872,0.631831599905241,0.638486343201854,0.645088367271495,0.651635606743812,0.658126075170831,0.66455786679815,0.67092915810734,0.677238209130103,0.683483364535714,0.689663054494237,0.695775795318915,0.701820189891967,0.707794927878838,0.71369878573669,0.719530626523573,0.72528939951539,0.730974139638236,0.736583966724273,0.742118084599641,0.747575780013322,0.752956421416131,0.758259457599261,0.763484416201957,0.768630902098033,0.773698595670972,0.77868725098737,0.78359669387843,0.788426819939112,0.79317759245442,0.797849040262101,0.802441255560849,0.806954391672818,0.811388660769014,0.815744331565785,0.82002172700034,0.824221221892854,0.82834324060238,0.83238825468339,0.8363567805494,0.840249377149746
0.403089268702044,0.406134572472024,0.409187111758476,0.412246667620811,0.415313018987023,0.418385942713732,0.421465213647535,0.424550604687648,0.427641886849794,0.430738829331312,0.433841199577434,0.436948763348708,0.440061284789523,0.443178526497681,0.446300249594996,0.449426213798862,0.452556177494748,0.455689897809579,0.458827130685954,0.46196763095715,0.465111152422869,0.468257447925679,0.471406269428098,0.474557368090264,0.477710494348149,0.480865397992266,0.484021828246802,0.487179533849141,0.49033826312972,0.493497764092148,0.49665778449356,0.499818071925129,0.502978373892699,0.506138437897467,0.509298011516674,0.512456842484244,0.515614678771312,0.5187712686666,0.521926360856567,0.525079704505295,0.528231049334057,0.531380145700493,0.534526744677373,0.537670598130868,0.540811458798286,0.543949080365226,0.547083217542096,0.55021362613994,0.553340063145533,0.556462286795693,0.559580056650755,0.562693133667176,0.565801280269212,0.568904260419622,0.572001839689375,0.575093785326285,0.578179866322569,0.581259853481257,0.584333519481437,0.587400638942285,0.590460988485853,0.593514346798571,0.596560494691437,0.599599215158865,0.602630293436146,0.605653517055514,0.608668675900771,0.61167556226046,0.614673970879549,0.617663699009609,0.620644546457466,0.623616315632306,0.626578811591208,0.629531842083102,0.632475217591122,0.635408751373352,0.638332259501946,0.64124556090061,0.644148477380447,0.647040833674149,0.649922457468527,0.652793179435386,0.655652833260734,0.65850125567232,0.661338286465516,0.664163768527525,0.666977547859933,0.669779473599604,0.672569398037918,0.675347176638371,0.678112668052535,0.68086573413439,0.683606239953047,0.686334053803857,0.689049047217935,0.691751094970113,0.694440075085318,0.697115868843421,0.699778360782554,0.702427438700912
0.235939363732707,0.240868741254043,0.245867965685221,0.25093665063208,0.256074346989756,0.261280541792178,0.266554657153089,0.271896049305111,0.277304007743241,0.282777754479052,0.288316443411712,0.293919159821696,0.299584919992861,0.305312670968225,0.311101290444504,0.316949586810073,0.322856299330616,0.328820098486308,0.334839586463875,0.340913297806377,0.347039700223001,0.353217195560608,0.359444120938129,0.365718750044311,0.372039294598644,0.378403905974652,0.384810676984,0.391257643819245,0.397742788152273,0.404264039384843,0.410819277046887,0.417406333337572,0.424022995803415,0.430667010147099,0.437336083159976,0.444027885770646,0.450740056201395,0.457470203223739,0.464215909503809,0.470974735027835,0.477744220597577,0.48452189138519,0.491305260536669,0.498091832812789,0.504879108256246,0.511664585873548,0.518445767320155,0.525220160577332,0.531985283609214,0.538738667988718,0.545477862481074,0.552200436573988,0.55890398394373,0.565586125846783,0.572244514427073,0.578876835929243,0.585480813808921,0.592054211731466,0.598594836451235,0.605100540564006,0.611569225125846,0.617998842132348,0.624387396852819,0.630732950014742,0.637033619834463,0.643287583890817,0.64949308083907,0.655648411963286,0.661751942565886,0.66780210319387,0.673797390701833,0.679736369152533,0.685617670556394,0.691439995451935,0.697202113329651,0.702902862902426,0.708541152226037,0.714115958673777,0.719626328769666,0.725071377885053,0.73045028980383,0.735762316161729,0.74100677576546,0.746183053797699,0.751290600914085,0.756328932238575,0.761297626263601,0.766196323661552,0.771024726014174,0.775782594466459,0.780469748311604,0.785086063513564,0.789631471173641,0.794105955947473,0.798509554418622,0.80284235343488,0.807104488413165,0.811296141618787,0.815417540424585,0.819468955555283
0.512432589697986,0.511789488593905,0.511146348458675,0.510503171419343,0.509859959603448,0.509216715138986,0.508573440154389,0.507930136778489,0.507286807140498,0.506643453369973,0.506000077596791,0.505356681951123,0.504713268563401,0.504069839564291,0.503426397084669,0.502782943255587,0.502139480208248,0.501496010073978,0.500852534984196,0.500209057070387,0.499565578464073,0.498922101296787,0.498278627700039,0.497635159805297,0.496991699743948,0.496348249647279,0.495704811646445,0.495061387872437,0.494417980456062,0.493774591527907,0.493131223218317,0.492487877657361,0.491844556974809,0.491201263300099,0.490557998762314,0.48991476549015,0.489271565611887,0.488628401255366,0.487985274547956,0.487342187616528,0.486699142587426,0.486056141586439,0.485413186738775,0.484770280169029,0.484127424001158,0.483484620358453,0.482841871363508,0.482199179138197,0.48155654580364,0.480913973480181,0.480271464287354,0.479629020343863,0.478986643767545,0.478344336675348,0.477702101183304,0.477059939406495,0.476417853459033,0.475775845454025,0.475133917503552,0.474492071718635,0.473850310209214,0.473208635084112,0.472567048451016,0.471925552416443,0.471284149085717,0.470642840562939,0.470001628950959,0.469360516351349,0.468719504864379,0.468078596588985,0.467437793622743,0.466797098061843,0.46615651200106,0.465516037533729,0.464875676751717,0.464235431745393,0.463595304603604,0.46295529741365,0.462315412261251,0.461675651230525,0.461036016403959,0.460396509862383,0.45975713368494,0.459117889949067,0.458478780730458,0.457839808103046,0.457200974138972,0.456562280908558,0.455923730480284,0.455285324920757,0.454647066294688,0.454008956664865,0.453370998092126,0.452733192635331,0.45209554235134,0.451458049294984,0.450820715519038,0.450183543074199,0.449546534009054,0.448909690370061
0.318814960924971,0.323348518108826,0.327915508695658,0.332515305385932,0.337147257546886,0.34181069141473,0.346504910329413,0.35122919500218,0.355982803816077,0.360764973159473,0.36557491779259,0.370411831246956,0.375274886257641,0.380163235227991,0.385076010726577,0.39001232601591,0.39497127561246,0.399951935877371,0.404953365637247,0.409974606834224,0.415014685204545,0.4200726109847,0.425147379644167,0.430237972643683,0.435343358217916,0.440462492181329,0.445594318755958,0.450737771419767,0.455891773774176,0.461055240429293,0.466227077905354,0.471406185548774,0.476591456461234,0.481781778440124,0.486976034928674,0.492173105974048,0.497371869191657,0.502571200733941,0.507769976261833,0.512967071917129,0.518161365293968,0.523351736407656,0.528537068659034,0.533716249792657,0.538888172847013,0.544051737095086,0.549205848973574,0.554349422999096,0.559481382669795,0.564600661350758,0.569706203141747,0.574796963725769,0.579871911197092,0.584930026867349,0.589970306048474,0.594991758811249,0.599993410718325,0.604974303530665,0.609933495886417,0.614870063951314,0.619783102039776,0.624671723205961,0.629535059804124,0.634372264017679,0.63918250835649,0.643964986121974,0.64871891183968,0.653443521659111,0.658138073720613,0.662801848489255,0.6674341490557,0.67203430140412,0.676601654647322,0.6811355812293,0.685635477095495,0.690100761831131,0.694530878768053,0.698925295060532,0.703283501730614,0.707605013683579,0.71188936969419,0.716136132364412,0.720344888053362,0.724515246780273,0.728646842101301,0.732739330961025,0.736792393519559,0.740805732956167,0.744779075250345,0.74871216894133,0.752604784867015,0.756456715883271,0.760267776564686,0.764037802887722,0.767766651897329,0.77145420135802,0.77510034939043,0.778705014094384,0.782268133159464,0.785789663464094
