"euc","temp","comp","mt","id"
-0.547315438099831,-1.16875838697682,-0.544338859424743,-0.505235839429703,1
-0.512849782582781,-0.496190872328385,-0.494821382204995,-0.502453307443971,1
-0.687202718004144,-0.694833744214585,-0.696325228838103,-0.708116598971285,1
-1.51899142902878,-1.51070625484302,-1.50255069117642,-1.48916601668864,1
-0.453315244513691,-0.439128191588639,-0.437941125409925,-0.436866054336621,1
-0.542552713896887,-0.520529248996334,-0.518495039370756,-0.535413035617102,1
-0.453115577516083,-0.439015091281595,-0.437918851306704,-0.43681007468408,1
-0.484481137470434,-0.455928343417632,-0.455228867681671,-0.459200610537607,1
-0.544971114449781,-0.514580390975652,-0.514987512046038,-0.509118500980839,1
-0.525651541622359,-0.470281331321368,-0.473671701601398,-0.475963016981241,1
-0.491579450922707,-0.512749694685636,-0.509539666591369,-0.519434637618261,1
-0.501109240236506,-0.50415348450584,-0.504013298298446,-0.509258599953881,1
-0.507084405884278,-0.868385428713377,-0.782318138172577,-0.510328797639863,1
-0.478162220538636,-0.460309423248085,-0.465391184369512,-0.460439915211734,1
-0.455820674447182,-0.440007488923185,-0.438838934798265,-0.43763679087541,1
-0.531164402620716,-0.515075001828081,-0.512205208152202,-0.527923325350629,1
-0.626819022679932,-0.591772307333504,-0.592024480772365,-0.586086815328389,1
-0.512455694702437,-0.456472527611086,-0.455362469135607,-0.459200610537585,1
-0.480835061730358,-0.450471191601738,-0.44806035096971,-0.444919588232896,1
-0.553736931924554,-0.469427801084582,-0.469374552792822,-0.471170198925789,1
-0.457813827700901,-0.441403291039721,-0.4397402177581,-0.439745198450698,2
-0.485936986354537,-0.471059510245211,-0.46644678952357,-0.467380842647038,2
-0.496724235769863,-0.439999896859763,-0.438258630902813,-0.437642183873737,2
-0.45255466969934,-0.442767999226785,-0.441113340091808,-0.440553516184645,2
-0.916434061375634,-1.02690817342161,-1.01988981865065,-1.02957924319604,2
-0.746336434474169,-0.630198116909348,-0.639566082414563,-0.624642794514729,2
-0.542269998254208,-0.524810569364871,-0.525069031863201,-0.523264205946285,2
-0.538189250797796,-0.480761978079115,-0.483400299158153,-0.477668864009812,2
-0.452281547798827,-0.442485729991582,-0.440640177902441,-0.440030065701758,2
-0.456015030957585,-0.444222791167321,-0.443919555324652,-0.443047456053212,2
-1.19573896750633,-0.505547553200214,-0.438589211521455,-0.510299047905443,2
-0.456847435125001,-0.449920593597465,-0.44775045210433,-0.44561339394488,2
-0.465402474901902,-0.45173460032773,-0.451529573152093,-0.449827772706708,2
-0.458006128571814,-0.443894905567174,-0.44331329385243,-0.441859420156166,2
-0.474817505188771,-0.439779188405238,-0.438495218121036,-0.437824874932452,2
-0.738978664878094,-0.615225158277865,-0.625105301624039,-0.611240740932963,2
-0.453312165443281,-0.441145367058707,-0.439812486162098,-0.439135734579436,2
-0.607023219350002,-0.486084681805268,-0.489838898742951,-0.481963129248347,2
-1.52195118388911,-1.85659736513534,-1.83566589320548,-1.85428074769423,2
-0.487656061355197,-0.465107913134526,-0.466182114903021,-0.463998717576233,2
-0.479386989110139,-0.475989618393098,-0.476772276907245,-0.472503297988138,3
-0.556747502113504,-0.528085511581041,-0.523683735341076,-0.526460145485776,3
-0.656265763261751,-0.70239626836342,-0.698732757984892,-0.701394317606514,3
-0.470145042189909,-0.47484843275352,-0.474634926596528,-0.472450313829618,3
-0.651579380957659,-0.562057397204252,-0.564545277007683,-0.565776151608342,3
-0.625576652790979,-0.61543404167603,-0.606359940406076,-0.606845761567412,3
-0.596883364823039,-0.648002856926644,-0.642801387805109,-0.638866191867557,3
-0.570647264321548,-0.484787120218645,-0.48256164096638,-0.481282880854663,3
-0.57032211055399,-0.499217633797999,-0.498834431684748,-0.499625790929537,3
-0.490031911006028,-0.441561680785706,-0.440682036455259,-0.439715160451551,3
-0.459253708805868,-0.471076601377313,-0.532799834110018,-0.531414005193165,3
-0.51742778599234,-0.522697870485143,-0.521823583259608,-0.523473802879383,3
-1.49179825603242,-1.54695126142329,-1.55655916495177,-1.55201224509028,3
-0.705772408107568,-0.705629343621951,-0.700356253557441,-0.704940800627197,3
-1.57658275325849,-1.65044709039837,-1.64621087576966,-1.63900145950102,3
-0.640178308940435,-0.623808155464134,-0.613305452389088,-0.611174175273729,3
-0.475541867733909,-0.453745247519928,-0.454343465069329,-0.453330055809173,3
-1.381780130532,-1.5435271172684,-1.54432398743889,-1.54474142179203,3
-0.460636952781563,-0.450645110825006,-0.450286328584971,-0.449298854650561,3
-0.697056818881527,-0.681106256764973,-0.681564761948453,-0.68216972034636,3
-1.32753321642704,-0.654373370632511,-0.661880841343112,-0.657574872595839,4
-0.541674579901535,-0.527047274182852,-0.527886583433456,-0.529021049322589,4
-0.452748006096171,-0.47180088175701,-0.468194175998573,-0.467446780493024,4
-0.497115643694948,-0.477138794738344,-0.476453182869036,-0.475729459183198,4
-0.480997049267758,-0.453647001691838,-0.452332901179025,-0.450607915598199,4
-1.55123013420712,-1.57407837708836,-1.58111506051594,-1.57313612442553,4
-0.495121625234881,-0.539083623295772,-0.534637850885216,-0.537001155949014,4
-1.07758948193611,-0.824344659315939,-0.829344122572661,-0.822784768571159,4
-1.2351060543127,-1.312826821867,-1.30612833060369,-1.3043121202439,4
-0.462448008414496,-0.538403458640754,-0.537562533102124,-0.535517968150809,4
-0.520921930627151,-0.507661952486913,-0.503771679569358,-0.507051476257309,4
-0.674929204107459,-0.671462839646927,-0.66823870611303,-0.665331546526201,4
-0.537277258904132,-0.533509433264729,-0.533760422467534,-0.534339432916381,4
-1.17910189798337,-1.18374098414183,-1.18856785474472,-1.1890320634266,4
-0.458792303375855,-0.45345188574087,-0.452494077192321,-0.451061622610194,4
-5.94737783675666,-6.11955525261381,-6.13839398035075,-6.15913459093522,4
-0.84674293000477,-0.86009184517788,-0.860129962440114,-0.860317291187535,4
-2.03124794414857,-2.23624765321909,-2.23622000476424,-2.25499644188607,4
-2.23257707704735,-2.23351439181937,-2.2313924834569,-2.2299500981347,4
-0.484073698451211,-0.45836534690697,-0.456861258125243,-0.454991736854578,4
-0.462993128534503,-0.451639098941668,-0.450279973765076,-0.450717691060458,5
-0.452573649861864,-0.4394678111728,-0.438618722618859,-0.437405795521369,5
-0.50809437723623,-0.493844341331585,-0.493670116963053,-0.493309598541435,5
-0.852947835248661,-0.861740770298457,-0.878677538917523,-0.860669047978986,5
-1.5591089257835,-1.52590715343122,-1.52935479779242,-1.53514518434624,5
-1.73841640689607,-1.76125645507738,-1.76298017865744,-1.7694722337001,5
-0.473289178955723,-0.464855129655876,-0.463231300410582,-0.462424102843944,5
-5.1750085448272,-5.48646376877236,-5.48658671003985,-5.50789659362268,5
-0.45542788420237,-0.443477603661028,-0.442500977950147,-0.441621936199447,5
-1.11516191464993,-1.09393870237091,-1.09505050006814,-1.09614953601947,5
-0.64093961576857,-0.621256212949204,-0.61921936281713,-0.622207799768876,5
-0.688208553938005,-0.683145844712293,-0.683923243666644,-0.686933770031041,5
-0.558289462042943,-0.524278507139195,-0.523873303887566,-0.522279555093889,5
-0.920133426664787,-0.943280402227622,-0.953128152263424,-0.941360435531207,5
-1.48674261256462,-1.4434882790445,-1.44452738925127,-1.45244505386261,5
-2.27271447114958,-2.31198247057231,-2.32028833298417,-2.31156915500375,5
-0.500347855865808,-0.495146733136045,-0.493827702477732,-0.492851781858373,5
-0.452474262212777,-0.444929643515712,-0.443063472038694,-0.442742946033112,5
-1.71607141177996,-1.71188110301468,-1.70957465337505,-1.70635236421251,5
-0.452639460984109,-0.441411631905346,-0.43996122206038,-0.439018529536998,5
-0.670893718203013,-0.664550436774629,-0.662148878442506,-0.669844952691021,6
-0.714995405128488,-0.630438414088512,-0.636052718941545,-0.633507534304597,6
-0.522139764802226,-0.551729078823411,-0.551457256724496,-0.551932779137953,6
-0.474791015501552,-0.465531696724709,-0.464666894898118,-0.463746506462503,6
-1.70547731856479,-1.5846415001598,-1.59267676788217,-1.60403856677903,6
-0.95726998412175,-0.980173656539138,-0.979995379542541,-0.977867206484206,6
-0.458310572783138,-0.450967584817704,-0.449313985565009,-0.448705142688822,6
-0.731622990768434,-0.625384160154502,-0.625804409855398,-0.621192184913965,6
-0.624328312405227,-0.636094358934896,-0.63616827567061,-0.636259245848514,6
-0.72350262315458,-0.63384809831784,-0.634873044217913,-0.635541196925486,6
-0.710271440593087,-0.656670269857763,-0.655947998652333,-0.659491491879656,6
-0.461145801821659,-0.458723942734766,-0.457745249786624,-0.457163849612816,6
-1.67385166190724,-1.54776050505249,-1.54699090755528,-1.53720495667273,6
-0.766632613541711,-0.790677213109337,-0.792803481563721,-0.794782324414727,6
-1.45129303015531,-1.36876000904004,-1.37024578073373,-1.37510342748707,6
-0.630544121624835,-0.612872682510374,-0.612563555198105,-0.613068786608261,6
-1.80498866610678,-1.91357662060689,-1.91231738457093,-1.9191498881495,6
-6.03910870437879,-6.64773364556731,-6.65020125178582,-6.67000278070897,6
-0.470332891160912,-0.450616292154749,-0.448774001658976,-0.44733742189874,6
-0.874842568594327,-0.935995646387274,-0.932879261088083,-0.931536212948139,6
-0.45512059124349,-0.43934797617396,-0.438508973163536,-0.437057376399525,7
-3.99176976308615,-4.05440019184684,-4.05116769408293,-4.03297253721893,7
-3.51873981962432,-3.55764330983131,-3.57333707999477,-3.5909129093477,7
-0.813474848956435,-0.841894594196394,-0.838843569342057,-0.829465058646667,7
-0.478177384359952,-0.48673483930106,-0.484474564840424,-0.482017986314701,7
-1.37749831975208,-1.38608660369388,-1.38511863938861,-1.38372299990012,7
-1.67030606672102,-1.7208298942901,-1.72406912626294,-1.72602619445444,7
-0.495277604516615,-0.523143377043499,-0.522524041956324,-0.523550801111436,7
-2.251872573176,-2.14865464583405,-2.13020303966347,-2.14467683046234,7
-2.73622364438211,-2.92163101585166,-2.91916589428049,-2.9208687525814,7
-0.528287894357878,-0.490271284625894,-0.489915868936136,-0.491061816874284,7
-0.490961998114278,-0.465205709773894,-0.463456579465104,-0.462756243198524,7
-0.545351219641984,-0.533954819461827,-0.532625956188725,-0.535787309181163,7
-0.575491156675629,-0.564895080532992,-0.564533625509112,-0.563181265382948,7
-0.452398895793694,-0.43991754488539,-0.438542651524159,-0.437477277783687,7
-0.798808190891401,-0.757019137617694,-0.753617448756407,-0.750437318425293,7
-0.452653346255369,-0.439764215120734,-0.438192219929361,-0.437209686508219,7
-0.538287212762312,-0.534880081932059,-0.532131087625739,-0.530900738288245,7
-0.588992999560357,-0.567933922073333,-0.57364411293861,-0.569314448874311,7
-0.485008763144617,-0.486963524740574,-0.48639021371657,-0.487910769481596,7
-0.858234586718625,-0.85476714718369,-0.850384246461225,-0.856877054478238,8
-0.847490730428441,-0.85038340809331,-0.853800179604016,-0.853500896351328,8
-0.49718000427927,-0.470767003116866,-0.472126369798992,-0.470198956020529,8
-3.2477175261848,-3.34639452731326,-3.34002382111129,-3.35054541197904,8
-0.516798391775386,-0.50588590920272,-0.504635090083463,-0.505439159970828,8
-1.77791099431611,-1.73658979075737,-1.74357298295611,-1.73340873899753,8
-0.474096904687342,-0.464325431144816,-0.461589566770595,-0.460768265930229,8
-0.929424477272435,-0.878414383189429,-0.884351996686034,-0.878415017556161,8
-0.458708522361447,-0.444965262372397,-0.444807439975157,-0.443424510857248,8
-0.452257654334518,-0.438981965704154,-0.437816462501922,-0.436814691844965,8
-5.3226533300262,-5.44827824535948,-5.45629189493017,-5.45016424372852,8
-2.09415710735076,-2.16513873150072,-2.16158318538592,-2.15907760827352,8
-2.05332380225785,-1.94146383005286,-1.93704345156357,-1.93722962678438,8
-1.13073757119178,-1.12305696772512,-1.12133731990407,-1.12347644901577,8
-0.536062094814495,-0.490559758255189,-0.489656348122282,-0.490295172009877,8
-5.41560371521333,-5.57651896203772,-5.59182589689902,-5.64068558964057,8
-1.50103352196564,-1.44347283601475,-1.44864709669872,-1.44608189550421,8
-4.27959107885249,-3.9925310671808,-4.00595237760076,-3.99000769833703,8
-0.735105831051421,-0.749141478160242,-0.754574273568069,-0.752528943796716,8
-1.91492171709958,-2.08988368480143,-2.09785569571304,-2.09515266603362,8
-0.544373307364826,-0.540726085555066,-0.538069850518172,-0.5428001652987,9
-0.503360515476664,-0.469812454626385,-0.468134249362009,-0.465112773504139,9
-0.976208048423016,-1.52329911272464,-1.51492175518529,-1.51918191309569,9
-0.793880716679761,-0.799414605329018,-0.798287121286255,-0.799670851530767,9
-0.452765989540312,-0.439245720868615,-0.437968084079061,-0.436893920746347,9
-1.10157826081519,-1.23461860099907,-1.22780313895283,-1.21865612742585,9
-1.51664823572485,-1.66074850068419,-1.655506702848,-1.66396976610735,9
-0.834849980591385,-1.16278749691846,-1.15982732977673,-1.16857896098983,9
-5.88275490333889,-6.0505695871409,-6.04086428033272,-6.05347478556443,9
-1.97212004028356,-1.6944448675832,-1.69537724170757,-1.68892970166608,9
-0.476788325453154,-0.481627381859204,-0.476629510497717,-0.480126124545138,9
-0.46614861690467,-0.45960277361291,-0.459475139185715,-0.46022391029041,9
-0.586681953550387,-0.51064735317835,-0.506843011347379,-0.505506818194171,9
-0.629114115937974,-0.594282214406776,-0.592768893187797,-0.586195700914497,9
-0.458640677960257,-0.439636791459443,-0.438304920420717,-0.437158700264763,9
-0.655212762638109,-0.674753488959979,-0.670548010635651,-0.670154250759508,9
-0.452247467541657,-0.438992350844651,-0.437799081020827,-0.436808437277407,9
-0.489324450373792,-0.496194610698842,-0.494022832415733,-0.492618873831404,9
-0.558849952436552,-0.551991636491581,-0.554273275812444,-0.553943689281501,9
-0.51932101626164,-0.55126654264159,-0.551700308604721,-0.550582650735982,9
-1.05794075508735,-0.48051907037941,-0.724245645529859,-0.568204055849754,10
-0.452714323573502,-0.443329079653352,-0.444090425060663,-0.442141877713006,10
-0.482591356179318,-0.44353780847742,-0.443802847525054,-0.442146326470958,10
-0.656165483438645,-0.623580673890825,-0.63134379563308,-0.626263645837504,10
-1.12502224756217,-1.23325938768923,-1.21953249443435,-1.23398593518073,10
-1.16503591089224,-1.06710324323215,-1.11474972649021,-1.08015397221336,10
-0.965660299919601,-0.964470830495375,-0.954876383952473,-0.95992686335615,10
-0.712675794166209,-0.631092300222689,-0.649345660691873,-0.635187867255135,10
-0.457304413940601,-0.446696278978716,-0.443270061566677,-0.443459081590887,10
-1.00141947820074,-1.03552525570692,-1.02208890865581,-1.0252326323699,10
-0.463170669581308,-0.4472895329601,-0.444606055115501,-0.443714585972459,10
-0.499945866681376,-0.482565372939165,-0.475614750222104,-0.475762351671773,10
-4.66608112238153,-4.86038608085612,-4.82330182969201,-4.85185560449378,10
-0.581116670999954,-0.561446431771595,-0.569448861697475,-0.562691626967036,10
-1.65452128318528,-1.68948669177359,-1.70569367959394,-1.69356945067449,10
-0.513391272856526,-0.473797914837976,-0.485482491996959,-0.475612944397388,10
-1.22670403928997,-1.23180861659125,-1.22469604674108,-1.23160351068381,10
-1.3637535942882,-1.1686221085646,-1.20540195722751,-1.17633228721714,10
-4.46177632071714,-4.55165906804234,-4.49889570744253,-4.54448697674115,10
-3.10179560241876,-3.42968599698104,-3.40156686456374,-3.42095946878748,10
-0.642858785920863,-0.653577482035943,-0.653482462930397,-0.659163478167736,11
-0.515086176628861,-0.521513455425166,-0.51933646398047,-0.5190100591416,11
-0.629141105977684,-0.595334272153067,-0.599808354155223,-0.597763300591981,11
-0.473043628138858,-0.459678365224857,-0.457306123312935,-0.45685769351202,11
-0.924572071828939,-0.903051596805367,-0.904442684814973,-0.907816779677429,11
-0.972308662757738,-0.975575778959334,-0.976296414389419,-0.972409682386183,11
-0.947935705631863,-0.929322395961002,-0.92661048072304,-0.92224562546775,11
-0.649658207021101,-0.615647209465325,-0.61436744827499,-0.610056958442614,11
-0.45240156548008,-0.439035496197591,-0.4379001762801,-0.436890002873593,11
-0.586101343119216,-0.564131666857976,-0.565123739790516,-0.566838356200483,11
-1.90767383065256,-1.91728305058542,-1.91912232136622,-1.90438195581039,11
-1.25431277381968,-1.25335138882379,-1.25394523069687,-1.25149524152554,11
-0.525961808962941,-0.514362731281829,-0.513085413261875,-0.510056142424234,11
-0.468522205037817,-0.453632199994198,-0.451461454893526,-0.450546224868287,11
-1.37397585092205,-1.34863448429062,-1.35081186306303,-1.3551426719004,11
-0.962485507318364,-0.97631117326295,-0.972381498810244,-0.967679401477486,11
-1.4789847554136,-1.45983261905443,-1.45572726565985,-1.45188398550458,11
-1.1489055169721,-1.36719665217738,-1.37335127435508,-1.39474988854343,11
-0.532806806927616,-0.512983574434366,-0.512222581200998,-0.510786929678297,11
-0.457699038574823,-0.442105109584452,-0.441197823001891,-0.440577393646592,11
-2.72247772894721,-0.481622957929717,-0.500132384044592,-0.482883808605032,12
-0.537613795270703,-0.473954001214077,-0.470718395332539,-0.471497708293933,12
-0.463468545078122,-0.476908471967933,-0.476308457521076,-0.477997786745739,12
-0.467242681220558,-0.459174835283564,-0.458019962509153,-0.459763402468243,12
-0.456539556753864,-0.444572298020506,-0.443358732136024,-0.441434056730616,12
-0.488356417861014,-0.465607426713434,-0.462495620509308,-0.461728694002376,12
-0.475124159382793,-0.443196126500789,-0.442950299676154,-0.441434056730614,12
-0.509834061103581,-0.440294571761754,-0.439381923582165,-0.43816510436166,12
-0.468113378690428,-0.473201165364158,-0.477150143636621,-0.474352118943642,12
-0.486431168953114,-0.473937142411517,-0.474115879778293,-0.474767549092639,12
-0.453443856960052,-0.482089696149103,-0.481532168992077,-0.482963248092332,12
-0.49332119262059,-0.473837117296162,-0.47372648902722,-0.474525582487927,12
-1.11893257969878,-0.450372033248783,-0.449522479297102,-0.449037559344157,12
-0.543188042586838,-0.834930859145115,-0.859784678382573,-0.840719639819708,12
-0.897312416287303,-1.48026296780268,-1.47738669859596,-1.47748869018478,12
-1.50058507557786,-0.463806119984091,-0.460903374178461,-0.459020526378572,12
-0.508794798513646,-0.469786572471918,-0.471198860936184,-0.468637341884878,12
-0.456668900332643,-0.44140016916146,-0.439879810444705,-0.438804958165582,12
-0.454454527677377,-0.472563280139428,-0.474054198931955,-0.474047431022296,12
-0.867810601738396,-0.461736475643167,-0.459250097338374,-0.459027123097996,12
-0.582380523798688,-0.566301881277724,-0.564727373333454,-0.568440334156115,13
-0.452551395893113,-0.43936229986182,-0.438174395119558,-0.437044537587443,13
-0.45263209715903,-0.439045547645662,-0.437871012446684,-0.4370005722114,13
-0.453995980226232,-0.439941561375747,-0.438705152748882,-0.437712565631577,13
-0.552168160836776,-0.522489500682844,-0.519018133724911,-0.519190594505645,13
-0.766973966751715,-0.761891081510879,-0.758996728646359,-0.751853416292794,13
-0.540876365546397,-0.514427981579183,-0.513361061007226,-0.510461878440889,13
-1.94256990722262,-2.14528316005697,-2.15699346317066,-2.17201180014741,13
-0.54285259487535,-0.541929167596995,-0.542541781183764,-0.543517934675628,13
-0.528984470545248,-0.49994858203903,-0.50088205878162,-0.500571908741371,13
-0.594629133909996,-0.588991891146607,-0.587718192627261,-0.592694414566633,13
-0.487336471280129,-0.470145543247952,-0.468780235924528,-0.46595507894102,13
-0.470615122718988,-0.456090969877377,-0.45397699772482,-0.453559683710191,13
-0.485920333637357,-0.473405269175637,-0.471799172222709,-0.470797824896311,13
-0.619236694135196,-0.615335864797349,-0.612638481994121,-0.609298748730962,13
-0.746074337092184,-0.747677108735524,-0.744071927076363,-0.742596237726314,13
-0.608857283820488,-0.620462223230677,-0.616523808329031,-0.618073280763786,13
-0.698317296250197,-0.741606298811888,-0.73278037619116,-0.736089001160699,13
-0.48540108557277,-0.467792103087711,-0.464896636229246,-0.464217669248777,13
-1.07218095182968,-1.07715870621407,-1.07538436638227,-1.07130853589781,13
-0.528693094082097,-0.516823772475103,-0.515192992499962,-0.520580772945578,14
-0.476974411937634,-0.467097050721621,-0.465041179514162,-0.461589832255324,14
-0.452340157940518,-0.442121092684584,-0.44134479056696,-0.440991175246636,14
-0.455426254545358,-0.445172044218456,-0.445029576277769,-0.444295359496293,14
-0.457832397269556,-0.439651411530538,-0.438352557136154,-0.437402862596484,14
-0.55390194269126,-0.544051943146181,-0.548429764001445,-0.544946001436496,14
-0.461552312197681,-0.440297540662394,-0.438905806816455,-0.437579843323839,14
-0.550460097262461,-0.463328177529704,-0.463538093585884,-0.461566055201851,14
-0.498363875546747,-0.514132300169135,-0.518076253201296,-0.516810078060261,14
-0.471800199967223,-0.441986533993199,-0.440119422940594,-0.439187407139402,14
-0.671175541355155,-0.581115979604276,-0.461001534953023,-0.446876738570334,14
-0.499345572337659,-0.497516103202549,-0.494876149436958,-0.489973022032858,14
-0.452312864516479,-0.442115775475159,-0.441293881428653,-0.440950807984079,14
-0.544940499943981,-0.547496976060599,-0.548724404145145,-0.547831541639733,14
-0.528414081311714,-0.492425097547623,-0.492117117032231,-0.491429710681395,14
-0.538417773457587,-0.525706993921903,-0.527954430195416,-0.528811748711389,14
-0.948230855220404,-0.914733508501151,-0.910559287090573,-0.903906106230851,14
-0.495062435470651,-0.46002086619366,-0.459803974743559,-0.458890635762276,14
-0.481494376473778,-0.463033576792038,-0.460311052319033,-0.458420203708587,14
-0.635869985051791,-0.579925815634121,-0.583357242431543,-0.583924078509382,14
-0.452932721487375,-0.43935698672949,-0.43817585851763,-0.436991592381751,15
-1.05901294324182,-1.04269594186531,-1.04063011130917,-1.03198795462868,15
-0.56196359135372,-0.522847375848954,-0.519687344910285,-0.517123100510128,15
-0.650388290838687,-0.657803972837437,-0.654590733651635,-0.657287612094234,15
-0.452573631742913,-0.440732179963135,-0.439496844884276,-0.439049541194881,15
-0.90482878960095,-0.89898506234634,-0.900966167127412,-0.895881344024934,15
-0.459967275204468,-0.441748669181461,-0.440914756503278,-0.43930365376822,15
-0.621493974620133,-0.58371270446773,-0.581879337032015,-0.578411542144358,15
-0.526065789111466,-0.522401051663323,-0.521801663764637,-0.521547888778521,15
-1.04155967369356,-1.02349915139861,-1.03142858184106,-1.03645251918275,15
-0.640863802774768,-0.637838066834023,-0.636276403254658,-0.640206206836636,15
-0.826737012557204,-0.819844130256751,-0.817185555094759,-0.812072979758086,15
-1.2906484050895,-1.28317561381518,-1.2815880360781,-1.27631587527163,15
-1.05270809841353,-1.03473298426533,-1.0366757904682,-1.0396774961085,15
-1.27199161887982,-1.1591279028774,-1.16155850313704,-1.16633221719836,15
-0.95045757386806,-0.950890997358905,-0.949028316471584,-0.944647293703366,15
-0.696375624621731,-0.660180547169501,-0.662112893155734,-0.659016738664198,15
-1.02092391505277,-1.18304043571313,-1.17857722196974,-1.1874823234436,15
-0.790470383532571,-0.77197428117015,-0.769328388884568,-0.766318344233472,15
-0.524892829976041,-0.538939145544875,-0.537154596293093,-0.534694331083059,15
-0.674458485125037,-0.666619207623675,-0.670982216069624,-0.677022560933594,16
-0.770707735676461,-0.766396205455704,-0.770793411450758,-0.766820381430909,16
-0.55225385541961,-0.554825822306526,-0.55644456152596,-0.555229550926275,16
-0.890482063103648,-0.899648043653308,-0.908737118848791,-0.905287540907367,16
-0.452932681684644,-0.444624093179955,-0.443694667775619,-0.441994053494691,16
-1.04920786990615,-1.03285558900844,-1.05022807965173,-1.03640499994161,16
-0.453364069231613,-0.442922056242495,-0.44168684768311,-0.440600175754774,16
-0.688753637932593,-0.621099302320739,-0.628706408879406,-0.62088910904216,16
-0.452726467706359,-0.439846413428033,-0.439117550639844,-0.4375571623659,16
-0.546377212131419,-0.510595721079767,-0.512047969301068,-0.511562595646101,16
-0.953326616449342,-0.77828145476174,-0.481183048202089,-0.5803141352674,16
-0.502501579240666,-0.487104505646142,-0.48672841589927,-0.486183050367787,16
-0.452957568727788,-0.443319935118781,-0.442988727332026,-0.442087764390018,16
-1.14083659830386,-1.13221169840068,-1.11744860531795,-1.12348630148204,16
-0.452461628199176,-0.442102315838788,-0.441636457891952,-0.440239006974501,16
-10.6601524417644,-11.0032061098898,-10.8769298535108,-10.9962723575662,16
-0.46065291908915,-0.450901858785028,-0.450948857234585,-0.449586710630488,16
-0.699541884952802,-0.61651613289724,-0.622656981546441,-0.614813590754497,16
-0.463936220378174,-0.445651456790233,-0.442840799133996,-0.442650249967523,16
-0.614181789218116,-0.518814853385363,-0.520740811321226,-0.518322672618306,16
-9.02186324195826,-9.25702232931282,-9.27735916345163,-9.27731025072107,17
-1.57624358978958,-1.59701881264196,-1.59262228211283,-1.59475895920335,17
-1.11700802346934,-1.0918008971208,-1.0890456771029,-1.08735644054891,17
-1.28062834590168,-1.31225703893816,-1.32085127727529,-1.31570411763676,17
-0.455016546081295,-0.443925625424712,-0.442685322965832,-0.441343917655046,17
-7.47648704564624,-7.59430059553958,-7.59838415545405,-7.66227268096854,17
-0.970778526369807,-0.961233157654365,-0.961254220873819,-0.961085475790459,17
-2.3669992818914,-2.45786113197644,-2.45145227987597,-2.47034721540716,17
-1.8990704631926,-1.88565548760764,-1.88176871753292,-1.88584175304847,17
-4.96549273573734,-5.1344306262575,-5.13414427375271,-5.13652221948172,17
-1.01133903772767,-1.02263799271288,-1.02384517834491,-1.0259400061576,17
-0.500063715695084,-0.489894316742849,-0.490088154544174,-0.489154637035671,17
-0.731630113002743,-0.761309150277875,-0.763064870029071,-0.762425559091423,17
-0.628676556649539,-0.624643549525691,-0.625348839475208,-0.62421499674859,17
-0.453178386054936,-0.439089492146442,-0.437872283411164,-0.436956480865362,17
-3.74729361409283,-3.9027058823562,-3.92967507806205,-3.90566107718437,17
-2.61059505824751,-2.71021354446393,-2.71473425156511,-2.71490860893159,17
-1.46640289620727,-1.44690461017927,-1.45497643602724,-1.44543871024673,17
-0.884753682807335,-0.912711245105928,-0.917079171137609,-0.914103335010594,17
-0.519565619629272,-0.474363709013495,-0.474437164107957,-0.472105884555278,17
-0.537742975606383,-0.531957640435617,-0.52804930186265,-0.53327947636318,18
-0.481797170583451,-0.48458483469539,-0.484451319348831,-0.484210452072331,18
-0.453342651404165,-0.43987461129966,-0.438538019357637,-0.437384463578864,18
-0.941587260278604,-0.918698538587083,-0.921374811301027,-0.91892042971289,18
-0.453914939901757,-0.44517822206757,-0.443640142021919,-0.443390472105864,18
-0.603675382816124,-0.583586550229021,-0.579542654403918,-0.579330124385744,18
-0.465658808070115,-0.452460559948057,-0.450610369769411,-0.449789477086615,18
-0.926405134324803,-0.928381010220875,-0.926805941898768,-0.930170574389028,18
-0.49805323358546,-0.484673315938943,-0.48360101995274,-0.483751458033927,18
-0.475198871458206,-0.46757831251038,-0.467489396415237,-0.466505739596011,18
-0.534143141010942,-0.525745909598885,-0.521442099247449,-0.526666211475069,18
-0.532503635703699,-0.511458474084473,-0.509949259250626,-0.508525578278617,18
-0.710688071680224,-0.639795477974429,-0.63568870018973,-0.63862712598282,18
-0.45443182183509,-0.441629165039668,-0.439389002531091,-0.439176238495995,18
-0.472043359700841,-0.46405766234685,-0.462356929707345,-0.460331897705725,18
-0.609218868768958,-0.59512498755554,-0.591327166192742,-0.591569900580731,18
-0.465402393127579,-0.457879001548618,-0.456499506243101,-0.45568322932855,18
-0.769000447396636,-0.684464184553858,-0.683696495623257,-0.681655460507953,18
-1.46485788689242,-1.40959028261548,-1.40780433878381,-1.40350073459092,18
-0.462825443712032,-0.527448051077899,-0.520129502288628,-0.521463400139414,18
-0.522253429907922,-0.503760013707815,-0.501108565003726,-0.505553112857931,19
-0.515669803611055,-0.490323706678434,-0.48950417658134,-0.491878372567696,19
-0.47281522956965,-0.488569006014392,-0.486504985405763,-0.487627665237172,19
-0.474361276332048,-0.460176708585124,-0.459522318546189,-0.459071956125941,19
-1.59104716389199,-1.5798575479706,-1.58090041501555,-1.58951994489497,19
-0.481154682563185,-0.503179197404122,-0.504202712256318,-0.497646895317518,19
-0.454384162663418,-0.4395269101539,-0.438525945959234,-0.437369627150065,19
-0.544055814809251,-0.452490460773769,-0.451078634366017,-0.448951006079573,19
-0.488268170496533,-0.490975433560435,-0.49064915623136,-0.491218821060719,19
-0.547751369748202,-0.47072498263627,-0.47135513231842,-0.469718106589578,19
-0.516268940451386,-0.505338008175578,-0.500588454167451,-0.505546117167819,19
-0.479982367725231,-0.464320179171626,-0.463672429977359,-0.464717233050214,19
-0.488064820454115,-0.480505283818074,-0.479517503405574,-0.480232384563078,19
-0.458807567432809,-0.446148168404532,-0.445482134934769,-0.444959861363764,19
-0.454493230510306,-0.440324227375171,-0.438998488584587,-0.43816390987927,19
-0.525292900729617,-0.513118610649579,-0.508679467774488,-0.508279419478357,19
-0.453982982109465,-0.439588410138701,-0.438535853341482,-0.437433788349852,19
-0.478505750659333,-0.45336289108819,-0.451489736178543,-0.449896279238609,19
-0.503858205502794,-0.497858391579452,-0.496614986568082,-0.496313835147567,19
-0.940445679754131,-0.985509737378382,-0.978162480638224,-0.973344281667157,19
-0.734294383269545,-0.714993702243046,-0.718937891111554,-0.708530924073726,20
-0.994725997600067,-0.952326798004909,-0.947947159446326,-0.944793110495536,20
-1.73367972331688,-1.77296810491651,-1.77131755446369,-1.77032010782132,20
-1.01658092933279,-1.0379430036737,-1.04482405520835,-1.04078892263027,20
-1.53804881773573,-1.62496423245307,-1.62408444647223,-1.62080071293644,20
-0.66878162990009,-0.663995528623167,-0.662821639198987,-0.66057316527357,20
-1.57514064252589,-1.49008526466436,-1.49942896932385,-1.4978384848266,20
-1.03018052740259,-1.19862227959178,-1.19677138806575,-1.20468176923941,20
-0.547692549335301,-0.548308649129412,-0.54759844489085,-0.547857500818706,20
-0.520917948252202,-0.534024374251629,-0.530804342076373,-0.529380850190716,20
-0.548979797819254,-0.567259364053646,-0.563778520563172,-0.571262769578547,20
-0.628230834055868,-0.644878324825029,-0.636806901865489,-0.63440891091183,20
-0.453128620076807,-0.438992685562996,-0.437813027511881,-0.436841113519163,20
-0.61068695094385,-0.578880552508053,-0.582939224582925,-0.582303425224046,20
-0.455429096656722,-0.439656995273579,-0.438487838577773,-0.437330318002172,20
-0.701338674134825,-0.6901358049612,-0.6881505875406,-0.686404233578188,20
-0.452662969979224,-0.439602085818786,-0.438256796109641,-0.437230024925855,20
-0.518278544650637,-0.506423657401606,-0.506071370517296,-0.504366852622481,20
-0.499967142176063,-0.484653458049107,-0.482709018551332,-0.481721838828302,20
-0.489581388252923,-0.481304093964044,-0.481628059864495,-0.480543106439159,20
-0.703100422169014,-0.703581600898727,-0.682132993862507,-0.69527161435352,21
-0.561652295843254,-0.55922630429885,-0.560326358864838,-0.562697672811621,21
-0.641983220047791,-0.68899759366005,-0.691807749660814,-0.69121951639978,21
-0.459282683185939,-0.444468896436405,-0.442876190460467,-0.441850495285112,21
-0.897270285614763,-0.838748412196271,-0.838595913247615,-0.841310670073288,21
-1.29637625731188,-1.26567554375685,-1.26418761714124,-1.27100653603277,21
-1.40112429275388,-1.3337939284268,-1.33732317743954,-1.33108856650908,21
-2.21207046395579,-2.50670196899165,-2.50540135137031,-2.52256761502206,21
-0.632985064002401,-0.663104404807536,-0.667231669010155,-0.664086964373016,21
-0.834662459049264,-1.02068889730229,-1.01135774356828,-1.01305448639764,21
-0.722836018902843,-0.734820070493285,-0.730984719891933,-0.742080152665058,21
-0.635840370867336,-0.688754573812655,-0.687920710780452,-0.688737819575671,21
-0.987496901881286,-0.891551024419375,-0.897520639081677,-0.897928063082094,21
-1.11364385215122,-1.11455216451728,-1.12789898942271,-1.11660961115699,21
-0.462796579175699,-0.452228508565802,-0.451158505667085,-0.449545534976041,21
-1.21516961007593,-1.26008860725651,-1.26466023402389,-1.25942723348326,21
-0.4545760510737,-0.445150524205188,-0.444012033472841,-0.443350211069507,21
-3.23767523864641,-3.4187941029634,-3.42308568737168,-3.44023482966546,21
-0.456404102350125,-0.443001186354147,-0.441141086040732,-0.440175797750999,21
-1.04599170990867,-0.985635164005974,-0.98893816890468,-0.987049791107754,21
-0.599237463958512,-0.52614486618539,-0.459000698545987,-0.452618834975761,22
-0.489518823978395,-0.490862459795617,-0.493487730321125,-0.488664528275349,22
-0.509931313255783,-0.503306199240264,-0.497360697332427,-0.497875531486538,22
-0.455822455616796,-0.44120247384263,-0.439202310059985,-0.438031925759515,22
-0.454143432765072,-0.440289752318296,-0.43882149419213,-0.437796552835027,22
-0.655707120946551,-0.586891213500786,-0.567726365799031,-0.568255793875056,22
-0.452254063382429,-0.43920205173804,-0.437893422759598,-0.436831922858273,22
-0.539476467433986,-0.483271596925358,-0.476648773535926,-0.475464418973507,22
-0.552711789358481,-0.579907256838853,-0.601763086400666,-0.592150699443411,22
-0.493007737686774,-0.445224179027253,-0.445276585250838,-0.444537789411874,22
-0.660255825265503,-0.450320251941916,-0.449881677110129,-0.448137123666202,22
-0.571859551706076,-0.895001374389143,-0.863386871868912,-0.887672827139285,22
-1.97200607877168,-0.587753027739417,-0.576865496556148,-0.575252368355609,22
-0.682852779197029,-0.788023381168292,-0.790848922195451,-0.787306690009908,22
-2.25499267504142,-1.86911817004296,-1.88278885648661,-1.88882014599263,22
-1.15074908537171,-0.58543496069241,-0.571230990775372,-0.569066778589273,22
-0.453724129627523,-0.439955293788078,-0.438409063000507,-0.437426744610067,22
-0.481444536121681,-0.470221075955102,-0.465362800477067,-0.464139740683455,22
-0.490984116612954,-0.45484799052692,-0.454079819652757,-0.452965185093627,22
-0.455955079039819,-0.666665466685792,-0.660283678204759,-0.662875532874322,22
-0.532688012494914,-0.516585173871087,-0.515168506931236,-0.518662421292104,23
-0.453144055971593,-0.43898908318075,-0.437784202007473,-0.436827441439043,23
-0.45695686559679,-0.442888835345676,-0.4412031439166,-0.439633617105696,23
-0.470153510836631,-0.464392982376264,-0.463343075436219,-0.463088923698449,23
-2.68371577543965,-1.9974426619003,-2.01415812578574,-2.01802377399834,23
-0.57053477987742,-0.528012850234977,-0.526230064302841,-0.525204210758986,23
-0.457839344436729,-0.439606302955407,-0.438747289356459,-0.437585611211415,23
-0.608750795021547,-0.488208694383148,-0.488504349567796,-0.485750659670307,23
-0.528690058587334,-0.489561728588854,-0.489107884466863,-0.487581101307298,23
-0.553248462201657,-0.489910518522698,-0.488436544017951,-0.488037552771497,23
-0.491430173331871,-0.480762698218372,-0.477385702454709,-0.48141978283427,23
-0.521904066694848,-0.508264075555628,-0.50772890553252,-0.505738812433667,23
-0.510084077348989,-0.492593158132416,-0.491960532807417,-0.492913387008663,23
-1.47126246550829,-1.50457617474213,-1.50307349362545,-1.49850798861538,23
-0.452884455665884,-0.439365131163255,-0.438175220288084,-0.43735737566408,23
-0.556477572620111,-0.519796900275984,-0.517011255067162,-0.516865130935907,23
-0.452745474103228,-0.439103048058518,-0.437980035547691,-0.436971599365342,23
-0.486711125227499,-0.456462987401637,-0.455479673359653,-0.454471963521449,23
-0.553361957670902,-0.567424238151517,-0.580305844117519,-0.56427604892753,23
-0.955266805438278,-0.928495073297538,-0.92726888078482,-0.932895077645468,23
-0.459093226848542,-0.452638044728114,-0.451667068048791,-0.449461759819014,24
-0.947392357736487,-0.910182082777238,-0.908822364689688,-0.911571755706624,24
-0.476060499123325,-0.456755493775481,-0.45527337064833,-0.455106874153374,24
-0.753442410677433,-0.726542813727031,-0.729046787710293,-0.730968486690787,24
-1.83418910896995,-1.86693082235973,-1.8683170189589,-1.87627859852428,24
-7.5231142243465,-8.19758333924443,-8.2551756007189,-8.25916503077036,24
-0.611680484254778,-0.600506642924072,-0.596171097839603,-0.59516703417054,24
-0.480946753489695,-0.513172496123373,-0.509343209069662,-0.509465692837192,24
-0.472077101223421,-0.453368396077993,-0.453289085137567,-0.451841733826182,24
-0.453862276077375,-0.439369164136289,-0.438161562966257,-0.437283697141484,24
-1.23505738491456,-0.675335745765276,-0.666393651402906,-0.672247204220146,24
-0.46798363524982,-0.456345783908783,-0.460170672123092,-0.454347799124931,24
-0.46543973839479,-0.497966153511126,-0.49551793226137,-0.493746922700618,24
-1.66246179187859,-1.56626693144919,-1.56001887089385,-1.56132533610387,24
-0.644988892504749,-0.466041798432087,-0.463905966505303,-0.463971629375321,24
-2.03009045441218,-1.44733122223767,-1.45002547668183,-1.44162264665541,24
-0.520276680296866,-0.535717512298614,-0.532983612769365,-0.531949751520099,24
-1.53494352069346,-1.42238452594206,-1.42469236011319,-1.4211681908781,24
-0.476784499451098,-0.444322543856705,-0.442393345478158,-0.441770778505342,24
-0.510407096226026,-0.443105299773188,-0.442105174617765,-0.44131027252385,24
-0.453546049098991,-0.440087569319624,-0.438235384038631,-0.436949107301626,25
-1.35979788816527,-1.3381085089087,-1.34284197917961,-1.33801292375216,25
-0.452802402546152,-0.440201975343765,-0.438622364692149,-0.437424904908876,25
-0.485149492781624,-0.462510507207666,-0.462230704553733,-0.463324548045588,25
-0.484068548323205,-0.493260113659276,-0.495471849925437,-0.495149421987232,25
-0.525724321368222,-0.508739657393458,-0.506869835714842,-0.505379425588509,25
-0.460660492593391,-0.462463255528608,-0.461616773565989,-0.458747699632312,25
-0.73160739032934,-0.693804785920265,-0.6978184374562,-0.701782265350607,25
-0.45237784340767,-0.43962836706654,-0.438392634933955,-0.437453049510759,25
-0.572067586127368,-0.539127203923363,-0.533867219425989,-0.533081950883723,25
-0.486863762641496,-0.491389975160953,-0.487234125970116,-0.487085085980206,25
-0.522904736761933,-0.519858819427002,-0.522306288519326,-0.521057290367686,25
-2.07638843552279,-2.13087616224883,-2.12767608113492,-2.13545719497273,25
-0.570278038756591,-0.532095141959504,-0.533646181594677,-0.530649837694935,25
-0.503250894010376,-0.506881190214241,-0.506170145889242,-0.509015026823418,25
-0.492603307651546,-0.461564795169201,-0.460026728798441,-0.459329101212682,25
-0.452249041635309,-0.450948653373905,-0.450940977489811,-0.450369016046143,25
-0.598907331899006,-0.480245976149604,-0.481811600730405,-0.479352206686515,25
-0.452310871366882,-0.439483278350522,-0.438221503423626,-0.437351379416212,25
-0.608255185227915,-0.546014148478141,-0.544557411334152,-0.542940087329424,25
-0.452572383680753,-0.439132164849382,-0.438053599019784,-0.436934772091929,26
-0.480393909373884,-0.458901332112704,-0.461192686628384,-0.457970129589262,26
-0.454235108377375,-0.441047375361179,-0.43946934005159,-0.438536143512867,26
-0.465903826567603,-0.462691332548356,-0.459248041291462,-0.460351037602674,26
-0.452293799910931,-0.439925067015615,-0.438652235090285,-0.437839587399501,26
-0.464514015254659,-0.465506801238085,-0.46400988041056,-0.463945648238978,26
-0.472464140983737,-0.467580436962815,-0.467431378590441,-0.467605185399981,26
-0.619222516928851,-0.567719719864766,-0.566433792156071,-0.569351945129341,26
-0.452741478380342,-0.440683428220161,-0.439070958929343,-0.438663767982418,26
-0.621464653061099,-0.57796354670747,-0.568334788072646,-0.576723605907142,26
-0.509889791701945,-0.493154005419481,-0.491964020630957,-0.493392199231922,26
-0.509521032593357,-0.450104120918592,-0.451680255960397,-0.449846981778201,26
-0.48049987109037,-0.493333702061241,-0.494282364664851,-0.493309108960381,26
-0.518281477355126,-0.60552557065212,-0.521694738721248,-0.635275995166783,26
-0.502158845280715,-0.483834037109769,-0.480210500784279,-0.484160179174015,26
-0.540763854196806,-0.551519709176313,-0.543579095504509,-0.550837847657782,26
-0.859131068602635,-0.863904978082173,-0.864727801700192,-0.872015417995994,26
-1.15833898106535,-1.14281854189408,-1.14682859406802,-1.15222707205631,26
-4.97404484622034,-4.39303130271076,-4.40156048459043,-4.35336507886205,26
-0.6060524886876,-0.580087479348341,-0.567881210123201,-0.577038629295131,26
-0.487473235449347,-0.487346798725404,-0.487063744177092,-0.488844564803495,27
-0.487848138567642,-0.492900337831058,-0.491657771427004,-0.490571618015142,27
-0.49008062076956,-0.475723909564852,-0.473691065003516,-0.471629984959548,27
-0.461405828606203,-0.456853489649942,-0.455156746390475,-0.453262736021019,27
-0.599651635739363,-0.56444390647386,-0.562417562170444,-0.555428790175697,27
-0.525375608967042,-0.514503741586314,-0.511698413119768,-0.514366646745452,27
-0.504961599659447,-0.499668154525699,-0.500797179560123,-0.500387334413145,27
-0.697564190529433,-0.662674574213768,-0.666303806313417,-0.6676390887383,27
-0.452643543152788,-0.439595638996172,-0.438526904270963,-0.437611999535114,27
-0.596868989115379,-0.565592294514446,-0.562110473038872,-0.559313868907513,27
-0.491117372938605,-0.494027528157577,-0.489869053075218,-0.489642856097901,27
-0.462247376542919,-0.459322084227905,-0.461088785838238,-0.458462451661697,27
-0.514510420723064,-0.509708169748522,-0.50631500970978,-0.507069489828007,27
-0.992898180219709,-1.03554343547502,-1.03545189580805,-1.02667289162198,27
-0.502546741964323,-0.507529506581372,-0.505177745791524,-0.50830512266771,27
-0.496501334533119,-0.468221779266134,-0.469005249365519,-0.468246544016983,27
-0.581871745613944,-0.60347037646846,-0.607785603223474,-0.606334014343849,27
-0.531418401868331,-0.50552191802143,-0.501957796307911,-0.503420136476842,27
-0.461058803896604,-0.445404861997567,-0.445088754661347,-0.444012174565798,27
-0.602831743399381,-0.568463574949457,-0.565347430804835,-0.562893664411949,27
-0.473841692291034,-0.450306653032988,-0.448603748192377,-0.446998167083098,28
-0.460849641037525,-0.445592070670298,-0.445011274639717,-0.443007924783793,28
-1.29367246976699,-1.27608043225507,-1.27561368588825,-1.28324975635591,28
-0.64668592255839,-0.648444530065662,-0.6494840224876,-0.651130410295976,28
-0.691765309816836,-0.676942066063852,-0.679168741373364,-0.68066905040908,28
-0.789674278681176,-0.797330620044294,-0.801292288212681,-0.803197043497829,28
-0.90705376452747,-0.88253253998324,-0.877417096699596,-0.877352854019578,28
-0.588579390308347,-0.535984481222714,-0.534136906107199,-0.533009840662821,28
-1.55534091867924,-1.52827669321,-1.53859043269895,-1.54037920469511,28
-2.01160720021398,-1.99412072637605,-2.01071039349475,-2.00263134629936,28
-0.591675914648776,-0.582837258617549,-0.582870870061497,-0.582568570113765,28
-0.460204040520043,-0.446914520782666,-0.446650170145632,-0.445777847721772,28
-0.472101897435183,-0.461250541126702,-0.460183418682898,-0.460073609233179,28
-0.791935835500343,-0.78274679800624,-0.782405881074957,-0.781201921785818,28
-0.783207855655012,-0.797712550784157,-0.804875022365826,-0.808165397656411,28
-0.625105821989052,-0.617981417642268,-0.615931422251534,-0.617537901815197,28
-1.04098417900562,-1.02318444481534,-1.01879735338917,-1.01684773377652,28
-0.545261460516535,-0.54765759413926,-0.546520429859125,-0.545123048471355,28
-1.37016415234332,-1.37291269257194,-1.37265457684006,-1.37008834687416,28
-8.93525815309298,-9.30595794582752,-9.32877209471808,-9.36434139969208,28
-1.64302977255642,-1.6362900004658,-1.63913350974051,-1.63978820850026,29
-0.549436595691366,-0.562421800456472,-0.56392217256186,-0.561750300911863,29
-3.13441180929018,-3.07854268107658,-3.08518138371399,-3.09836151546812,29
-0.562300876708922,-0.54239420865218,-0.542354461852722,-0.542901679480846,29
-0.452288222529438,-0.4394370849654,-0.438194299814799,-0.43733180008367,29
-12.0814470605116,-12.5622797205103,-12.5887994544387,-12.602203426354,29
-0.477787834445558,-0.477875353888622,-0.479576053145582,-0.476781457890177,29
-1.03311610285702,-1.03176111343131,-1.02998715689318,-1.02823085288838,29
-3.07332421279442,-3.07040130025918,-3.08025137404277,-3.08543361303638,29
-1.72380371412064,-1.67378781738129,-1.68537291033459,-1.67106614887406,29
-1.61795894135805,-1.6255475732781,-1.61946859728744,-1.62338008585593,29
-0.467256186876974,-0.455733807347636,-0.455148635112957,-0.454320818832345,29
-0.458522611122187,-0.444549285874647,-0.44364699027502,-0.442952846737865,29
-0.785970138247608,-0.772988154278416,-0.77624428884859,-0.778378211788393,29
-0.656520819568233,-0.653191205341775,-0.653039428703097,-0.655472253777133,29
-0.530622474872806,-0.521582230587436,-0.519846948247702,-0.517350942219646,29
-0.525530210632889,-0.518945233993597,-0.519286109409541,-0.519276576611783,29
-3.55326486399716,-3.6815820666885,-3.68856143404747,-3.69255860244351,29
-0.493758156917253,-0.483909268424967,-0.484002576078707,-0.484835023373025,29
-0.95979746025011,-0.940864146068447,-0.94581593847138,-0.935838086855892,29
-0.454694860261791,-0.441751664071005,-0.440018545746632,-0.439201199190995,30
-0.786145537570762,-0.649328230643181,-0.649597293507414,-0.646855310765618,30
-0.491177709526083,-0.45086066071803,-0.449371643042775,-0.447368908257344,30
-0.501938962443713,-0.503666997686389,-0.503355793799587,-0.504566065917063,30
-0.470251892698803,-0.459537412005193,-0.458403915715353,-0.455547419721473,30
-0.586533809659987,-0.590275819951599,-0.583857015982399,-0.588391972920028,30
-0.505892142461373,-0.490799706079862,-0.487476466639387,-0.48647585519044,30
-0.544640613737625,-0.509069192801132,-0.510850159937418,-0.510323735026267,30
-0.479794680323891,-0.465972553662995,-0.466565677593378,-0.465693465135584,30
-0.838011139983916,-0.840306198154898,-0.833431143064321,-0.829438643318258,30
-3.80581729315271,-3.95263081789099,-3.94805648888785,-3.95235295489899,30
-0.45295499567236,-0.4668738042643,-0.46742473406353,-0.465221034974566,30
-1.48140083520156,-1.34676442429308,-1.3501391295462,-1.35217567779957,30
-2.29336483494475,-2.54130804332463,-2.53637288566407,-2.53534488412274,30
-0.543008423119854,-0.505874853472431,-0.507070384700606,-0.501343728350017,30
-6.11395644022832,-6.35974319689695,-6.34486425941854,-6.35713922139217,30
-0.850904885990152,-0.893853701540896,-0.895422620189903,-0.896022449125593,30
-1.22518134277641,-1.16109352520666,-1.16159000328332,-1.16844441727023,30
-0.486491622847642,-0.46164635462197,-0.462145924060271,-0.461197893115071,30
-0.980496377608383,-0.866789778531154,-0.867407859409566,-0.860320286648962,30
-0.470124782588516,-0.460950182759025,-0.459969537896591,-0.459536651007859,31
-0.737206349193857,-0.721184328398676,-0.718060685490887,-0.714996731541202,31
-0.865793050474592,-0.865591805381175,-0.866173707910843,-0.869577087053918,31
-1.5423186042725,-1.58108048422552,-1.58684637682703,-1.57390021871802,31
-1.21909290540176,-1.20240972697124,-1.2026032526183,-1.193877090105,31
-0.621759010645785,-0.592855099074742,-0.59238055571137,-0.594429121417139,31
-0.491558799667051,-0.488963435619294,-0.488887736809531,-0.488216048986985,31
-0.532722114237191,-0.476945149188289,-0.478049343649274,-0.472481138421207,31
-0.992934647613129,-0.967616490311428,-0.970478780691404,-0.969472609756295,31
-0.740637082386377,-0.701746378755239,-0.703965481968909,-0.697139096468209,31
-0.452644340005601,-0.439016048167995,-0.438023468621341,-0.436977207081961,31
-1.22154537423539,-1.23004673530488,-1.22833899058338,-1.22474612054334,31
-0.458409456288919,-0.4467592628333,-0.44582299473944,-0.444133008303814,31
-0.570994917575037,-0.563819005663793,-0.562900838358953,-0.565513451163846,31
-0.605110492390354,-0.555449717639715,-0.549394249181784,-0.555045659361231,31
-0.648057487435539,-0.591955203267946,-0.5943680722601,-0.594779982831964,31
-0.495648125734679,-0.463799621337365,-0.464655446174566,-0.463819288374247,31
-0.479973867807211,-0.502338467407068,-0.502516649842282,-0.503783854076984,31
-0.4612958421616,-0.44716589238052,-0.444497134947224,-0.444361258710245,31
-0.769240429898918,-0.749213662376166,-0.746846487807396,-0.740791305969639,31
-5.5421439995059,-5.72455043063795,-5.72677271708752,-5.74025323932587,32
-1.20342652905063,-1.1860036497557,-1.18123483684996,-1.18234471815271,32
-1.75776522650956,-1.77455757250485,-1.78056194202382,-1.7742414417313,32
-0.578160267043943,-0.595433613687635,-0.591796684260085,-0.593533026497564,32
-0.49813316850774,-0.479347140687227,-0.478426626124491,-0.476078979214038,32
-0.690497715065848,-0.698254028743704,-0.691787948814773,-0.693822443567461,32
-1.05846859548142,-1.08797658778652,-1.09265578952177,-1.09015423670491,32
-3.64224431559253,-3.83972025164792,-3.83994273840041,-3.83847255710687,32
-0.459059823489975,-0.443046919235685,-0.442309336293714,-0.441369221285664,32
-0.671626360495088,-0.647732045077419,-0.647858515419172,-0.641246456476778,32
-1.47982946445538,-1.40111905930404,-1.41344065166894,-1.40365781014254,32
-0.611687221501529,-0.622764403176327,-0.625060355312997,-0.623881704576569,32
-0.483018177842409,-0.472051864871545,-0.470362181292926,-0.471162713271427,32
-0.50827519055748,-0.502951411639849,-0.5014273804693,-0.498863158667782,32
-0.461155748066583,-0.450906461434866,-0.449758825551816,-0.449772812145576,32
-10.5191350498717,-10.8042396868519,-10.8373270584181,-10.8156543740015,32
-0.473962075590348,-0.472586289587966,-0.472524152699776,-0.471381049779992,32
-1.40233623854222,-1.3743439094657,-1.37600536805643,-1.38099431672771,32
-1.91381850247058,-1.84055948919527,-1.8484367639234,-1.84530219780398,32
-0.712021345324365,-0.643700879052675,-0.651006395550264,-0.635793084211018,32
-0.4540218043139,-0.440918577947759,-0.439542088243988,-0.438548598605964,33
-0.603335646922246,-0.580627291144991,-0.585919053815714,-0.58167841606926,33
-1.77984084351196,-1.84105585974415,-1.84676426525877,-1.85850924109565,33
-0.460649279446724,-0.449391120449863,-0.448121548014014,-0.447906469711541,33
-2.62997483463338,-2.67079268559415,-2.67659653309127,-2.66351212710372,33
-12.7871871384511,-13.0816151022633,-13.1070146681037,-13.0979722506079,33
-0.465583332627837,-0.456132939055679,-0.455682759173363,-0.454987534596968,33
-3.58290900902506,-3.72984427493815,-3.7315683019072,-3.72976508200798,33
-0.465822903950145,-0.449810094666541,-0.449084537680158,-0.447715402652395,33
-0.753182888039023,-0.734085686816913,-0.743311239457065,-0.724976346934095,33
-0.458600699039113,-0.446121346898199,-0.444773689631128,-0.443888530617576,33
-1.07547099846385,-1.13051948360999,-1.14804391792175,-1.12455973799539,33
-0.485561759415563,-0.475040545114584,-0.474037496946386,-0.471782196233869,33
-0.652601289054209,-0.647020800564083,-0.646562488857888,-0.649250847193384,33
-0.668286905203016,-0.662945129366145,-0.663171069226177,-0.663817842806016,33
-0.693832513960669,-0.682725196439468,-0.684575294864575,-0.685330649457165,33
-0.866667873421401,-0.884180434728453,-0.888473027123995,-0.885972792568489,33
-0.862108825480122,-0.864554944683761,-0.864762687584382,-0.866240629620164,33
-2.43414437711696,-2.44943004454451,-2.45754624982703,-2.4620192248771,33
-1.35935392660298,-1.35384789523365,-1.36332154252038,-1.34773910020755,33
-1.82808901107888,-1.84551013986352,-1.84769079871562,-1.85106609827739,34
-1.02672653234458,-0.956925143315764,-0.969816749488458,-0.960467802356859,34
-1.3205836843332,-1.36600662914246,-1.36506478811105,-1.37055111382824,34
-0.465253462342877,-0.456191461284753,-0.457755994015803,-0.454674560888549,34
-0.808327442581031,-0.807444670624812,-0.807767521055107,-0.81082157336366,34
-0.64648149193114,-0.686790659357805,-0.688061089179925,-0.686778339701142,34
-1.64422103618606,-1.43062897365557,-1.43387612181351,-1.47628899828178,34
-0.911443902626637,-0.853864252437449,-0.855564591565749,-0.858787562005402,34
-1.32080412373349,-1.30631403193655,-1.31540297997982,-1.31762527688936,34
-2.39805793907758,-2.37706964919123,-2.39581428527832,-2.38508984191913,34
-1.33452536480965,-1.33195525079354,-1.33170215888732,-1.32568349917411,34
-4.08993749719093,-4.15658709529328,-4.14380912417988,-4.14837934870946,34
-0.56353859387472,-0.569973513833867,-0.568488166507943,-0.570794385445069,34
-5.03428007292396,-5.20206127046363,-5.21013228549973,-5.19969257937931,34
-0.453764105020734,-0.441921282505807,-0.440806893489691,-0.440247527966073,34
-0.718749208941255,-0.717656703597671,-0.716454856845335,-0.713536479597302,34
-0.663257815303145,-0.669737479333972,-0.670967860481753,-0.671420523079939,34
-4.2028519379707,-4.52120354777922,-4.51595737942518,-4.52643521152028,34
-1.28692804326548,-1.28880083694304,-1.28851134551084,-1.28770982356813,34
-0.504586541164311,-0.501974429516995,-0.499562336631107,-0.501192138254278,34
-0.509975072033107,-0.502928418865583,-0.501725497400436,-0.502612144578924,35
-0.471497271622467,-0.459227908862691,-0.456389838412504,-0.456265807228786,35
-0.821431519599174,-0.844569119310067,-0.842889402823932,-0.848747124318316,35
-0.46511041577454,-0.447613106586606,-0.447013285078436,-0.446504383937953,35
-0.538272009894471,-0.536972575808427,-0.536543621211525,-0.539502920750291,35
-0.548925594652418,-0.540490322411994,-0.540075495781625,-0.541645005289557,35
-0.509827214600617,-0.510336901795007,-0.510712173283374,-0.510163798886135,35
-0.598204519636054,-0.559151919150731,-0.560409672538997,-0.561455632253381,35
-0.456105198202741,-0.444369520508631,-0.442914920548495,-0.44213683875026,35
-0.718589852913924,-0.683891855770445,-0.684643274646936,-0.679487436848765,35
-3.48575898708933,-3.48624919332096,-3.5045757192402,-3.5019290933586,35
-0.55851387548409,-0.563402298477932,-0.564182761649018,-0.564470707096019,35
-0.458883735720549,-0.444744452769067,-0.443286928085473,-0.441960564581553,35
-0.540651660746919,-0.539122375183977,-0.539292739544524,-0.53637742841381,35
-2.19648063884676,-2.19669625402797,-2.19432727841698,-2.18397666092697,35
-0.588641340431238,-0.594738073519916,-0.577055970529842,-0.581315378007357,35
-0.900235921248105,-0.93354405881428,-0.947557604699142,-0.943737347831731,35
-0.532886348813686,-0.531137971785639,-0.529645057105689,-0.52670581365117,35
-0.510469550663855,-0.487928297402817,-0.488419184296264,-0.486324983676362,35
-0.724385005101535,-0.688689642455921,-0.689071693254764,-0.685738319454286,35
-0.457608161374921,-0.439187590959656,-0.438063594131994,-0.437240880164763,36
-0.481713212529627,-0.459151511348574,-0.45913209085067,-0.457658293631484,36
-0.452564793821465,-0.439503051151654,-0.438238368954002,-0.437108837279701,36
-0.511657507715101,-0.507866903008039,-0.511931274837427,-0.510118889134556,36
-0.527450718983163,-0.499856072822298,-0.497689267105364,-0.498289216809194,36
-0.491250884894945,-0.512758258376075,-0.510091276253101,-0.503384954838675,36
-0.469515267546015,-0.472476850523635,-0.46849926282123,-0.46542355955256,36
-0.53588467809341,-0.469810939966153,-0.470463867489788,-0.472849625927622,36
-0.452639806469577,-0.440053265103884,-0.438341418514902,-0.437397971612574,36
-0.547090917146572,-0.513049014098538,-0.507168684958035,-0.507400278702291,36
-0.456376264473293,-0.439371837822596,-0.438437617872542,-0.437403089204293,36
-1.13810356636641,-0.834010981304198,-0.843814484191449,-0.829518923529471,36
-0.453116197326684,-0.595645135687647,-0.592911510796283,-0.596774060810145,36
-0.462212828567509,-0.457406402002505,-0.456291108115412,-0.457287406114506,36
-0.559706048229241,-0.50581946657049,-0.503093968480315,-0.50845033908387,36
-1.09278462077863,-0.502093209934445,-0.505622248586259,-0.504346106875125,36
-0.977150513347464,-1.10806117509071,-1.08655544898363,-1.0917820873849,36
-1.71290083129795,-0.917070873873553,-0.926473541276846,-0.92213213271282,36
-0.453300603646933,-0.439220381551915,-0.437972292785618,-0.436999934692203,36
-0.574927856794631,-0.528079767965732,-0.52638330463202,-0.5261059178242,36
-1.92196382234327,-1.90026919320528,-1.91981115265177,-1.9214128821504,37
-0.954931026417619,-0.981147773773436,-0.968479153150098,-0.96884611407564,37
-0.476559323416493,-0.466389551458882,-0.468444909307249,-0.467647146172109,37
-0.48669606337545,-0.468146381514077,-0.466564387898798,-0.467851496839894,37
-0.489161438189423,-0.472195565409614,-0.471051074259433,-0.467623370430195,37
-0.453255546845216,-0.439094791000265,-0.438061420733176,-0.437123787133556,37
-0.464271950057856,-0.445678069639697,-0.445521990078455,-0.443807529094438,37
-0.590670932540623,-0.552575282429704,-0.555669726891055,-0.557083845560908,37
-1.09951537452112,-1.08325419589849,-1.09280170217454,-1.0877968542167,37
-0.773635002353887,-0.711338189265886,-0.717298050825978,-0.702260250497348,37
-0.466413930647587,-0.454416989052215,-0.45343993245713,-0.45382329258274,37
-0.885903132506682,-0.898337167024374,-0.895543262543044,-0.895252407784948,37
-0.452672804217505,-0.438982042304638,-0.437788379413776,-0.436798061402059,37
-0.459067377180409,-0.448049133932241,-0.446452849059526,-0.446852277042365,37
-0.543947455462581,-0.537979528971022,-0.536561031575701,-0.531941307869858,37
-0.546740837709685,-0.55212069646333,-0.550924624067536,-0.552460926742789,37
-0.453411564352729,-0.439955498594971,-0.438878339657503,-0.437696876036619,37
-0.909637697841155,-0.918936832738054,-0.91692985481848,-0.910079309577257,37
-0.457481332366718,-0.445271370461542,-0.443375502814931,-0.442677737893588,37
-0.713613698306042,-0.692337565355625,-0.693076582144205,-0.688500294552543,37
-0.452919890174564,-0.439000156645875,-0.437947819343195,-0.436904018138119,38
-0.870846839606174,-0.843018257552008,-0.839838311427472,-0.840076629903012,38
-1.01313393094374,-1.01615966688268,-1.01545490953262,-1.0175464729084,38
-0.506252809480308,-0.487636923299218,-0.48265273709357,-0.484614966195982,38
-2.18513043029378,-2.18695280336557,-2.18622185161895,-2.17141698473513,38
-0.470299126186084,-0.454188927507235,-0.452041122465127,-0.452661603912142,38
-0.455723935417815,-0.445446619000701,-0.444448921152215,-0.443995639137991,38
-0.752576301144479,-0.717565270589205,-0.721388573946037,-0.721943377408429,38
-0.456069763014524,-0.446219578862704,-0.44445781505727,-0.443825284557254,38
-0.776626203834996,-0.708460119504038,-0.710329128843455,-0.702104429173566,38
-0.458210787276477,-0.443749799693196,-0.4427889149469,-0.441565964763918,38
-0.582040245985395,-0.551534883721051,-0.550307516960106,-0.550272008132711,38
-0.457367660596335,-0.443989499430691,-0.442535061364189,-0.441239654313189,38
-0.493153705096323,-0.46301153222365,-0.462205405109009,-0.462750840255256,38
-0.470937296428074,-0.476463693624976,-0.478694557274209,-0.477523432172956,38
-0.495007352740045,-0.485511379470238,-0.481336626123667,-0.480034266845541,38
-1.3314754297019,-1.30170471330599,-1.29369885,-1.29224476762858,38
-0.646927767668359,-0.5787309280986,-0.581005432087095,-0.5802388665246,38
-0.455362266793675,-0.442843718162502,-0.441565229362845,-0.440730185165237,38
-0.770526204431034,-0.72015615710773,-0.720330387929811,-0.716192308262623,38
-0.454330764147714,-0.439611892186308,-0.438538294719312,-0.437125816253069,39
-0.455364462944403,-0.443530262014326,-0.442652484478689,-0.441978828015179,39
-0.452276720664529,-0.438991069895066,-0.43780766230026,-0.436860597599486,39
-0.522796377254178,-0.50416786600772,-0.502694678198906,-0.505290642659748,39
-0.60131063223435,-0.582673151263699,-0.58206324848708,-0.575065339858361,39
-0.480284435731064,-0.465355916796161,-0.463175116001602,-0.463781339703717,39
-0.751194882261647,-0.785425870290998,-0.787428262333914,-0.791690685042649,39
-1.19541160574419,-1.05284403690598,-1.06243715221359,-1.05658110846578,39
-0.453047837123586,-0.43940988722879,-0.438196633469045,-0.436948240653648,39
-0.495181198208986,-0.470215343103879,-0.468411506666542,-0.466062558648531,39
-4.97510237872173,-5.14337073138267,-5.14058698264974,-5.16188228013107,39
-0.495964492245928,-0.490626200608994,-0.490010629303392,-0.489551531459748,39
-0.609635758555533,-0.607889729633065,-0.607065874227837,-0.608982901204225,39
-0.515932184654378,-0.491423617963526,-0.48984974757349,-0.491338631113039,39
-0.487713099544938,-0.478710384882825,-0.476737343282908,-0.478959323192383,39
-0.521560763603034,-0.508310741534411,-0.507002987407849,-0.509398547435041,39
-0.570212374372937,-0.549119594190635,-0.547371813065894,-0.545207116257182,39
-0.53739500270197,-0.486693012446971,-0.489885321227428,-0.488723499347226,39
-0.543491495929501,-0.522403670620644,-0.524028923714332,-0.521390986484289,39
-0.496417319784692,-0.470759647340187,-0.469292761833926,-0.467684744137459,39
-1.73540506247581,-1.78580287657367,-1.77871313831848,-1.78601450657144,40
-0.4889146905609,-0.482360998492128,-0.482706093504623,-0.482713016826376,40
-0.45228685132007,-0.439251032821999,-0.437992202128227,-0.437028530460868,40
-0.523113148388896,-0.499368822885504,-0.498175167610503,-0.500198531881261,40
-0.4992162916771,-0.517626908280784,-0.515800466703553,-0.518367195336272,40
-0.51393806384153,-0.493174801882854,-0.490217212530848,-0.491579386639238,40
-0.484667182112513,-0.48048380214104,-0.480328501122152,-0.480628004509954,40
-0.515111206089823,-0.481996103736174,-0.482659770915317,-0.481852323569825,40
-1.30934940198204,-1.33738544188074,-1.33041103681542,-1.33429758861162,40
-0.495375161879949,-0.471477780938118,-0.469301379233728,-0.468701912911312,40
-0.493147333687732,-0.480165409597954,-0.478538724149889,-0.479660425296183,40
-0.458974625779648,-0.447722625992624,-0.446372644898054,-0.445758805823956,40
-2.2002143092612,-2.23696651568291,-2.24355149601191,-2.25998719135039,40
-0.476093674942114,-0.45431919171131,-0.453103336384257,-0.452404708777083,40
-0.470894480435359,-0.474263537162136,-0.475208485407942,-0.475941586611368,40
-0.452259285186908,-0.439264948452788,-0.438494544114782,-0.437050185844803,40
-0.510787597677982,-0.523685876231547,-0.527419661929084,-0.523020282880847,40
-1.13079053492289,-1.16389690353799,-1.16170058591103,-1.16108150139459,40
-1.04964688421106,-1.0591249972485,-1.05957837282568,-1.0643811716281,40
-0.492398276577866,-0.471063923993322,-0.4689075431617,-0.467596679325487,40
-2.87872364893358,-2.85152355135178,-2.85942910401798,-2.84995439817654,41
-0.702427222335991,-0.698662267503402,-0.700739410449987,-0.69866778782987,41
-1.40034680257811,-1.42131487403797,-1.42328865366695,-1.4321359894428,41
-0.455758169617806,-0.443611113888221,-0.442464543650041,-0.441677534475329,41
-5.62581366014254,-5.71993296970546,-5.72272648925207,-5.72781431965924,41
-8.88910789858692,-9.0906985897575,-9.102334117113,-9.10708320196778,41
-1.16825465955119,-1.15754288293052,-1.1566384011077,-1.1556409094088,41
-3.38023531713871,-3.46617332697276,-3.46523156057728,-3.46466953685271,41
-0.453477188259418,-0.442025579015962,-0.440646512788091,-0.439642504719475,41
-5.41785142013028,-5.68351307350067,-5.66041728116943,-5.74739877728775,41
-6.12939061384416,-6.28779118413663,-6.31328318933463,-6.32055057357087,41
-0.563106913929905,-0.555517932393492,-0.55560476758362,-0.554743170109266,41
-0.57858512182148,-0.571397334391305,-0.570142472173367,-0.566771885529337,41
-0.494619476617497,-0.485687096336035,-0.485430969000735,-0.484513899869218,41
-0.730252187497303,-0.729400131603277,-0.733423145338001,-0.731960166854026,41
-0.956107608190135,-0.991896740773412,-0.984234348961948,-0.977769200609754,41
-1.16597463947372,-1.25690177134764,-1.24927178146832,-1.23128727807422,41
-0.729408268303193,-0.708245002118189,-0.712813628432235,-0.713625044344251,41
-0.735254286874493,-0.739757021859924,-0.738220085949032,-0.735215537682355,41
-2.00403090266505,-2.06234020634642,-2.08092822357218,-2.05333902658179,41
-0.505778769580085,-0.490287718248965,-0.491033384834904,-0.489031150856438,42
-0.485994438219038,-0.470917638447155,-0.470580068495638,-0.468780851554681,42
-0.464010002219017,-0.454105426975512,-0.452956039242011,-0.452666027995369,42
-0.507799369056122,-0.498256888234,-0.499862597894935,-0.500679191073177,42
-0.479078040845303,-0.467306293845038,-0.467394535933484,-0.466427043080133,42
-0.506597841811448,-0.50921119942179,-0.505004243076664,-0.505870037253496,42
-0.646072350555438,-0.64436461573516,-0.645211304138033,-0.647285367270022,42
-0.709164864547967,-0.68689809531094,-0.687960084598021,-0.692330065988836,42
-2.48651104512015,-2.48455933726869,-2.50393463791756,-2.49954885874414,42
-0.57773168684875,-0.548784020618336,-0.547974206740218,-0.54639346263795,42
-0.459975025061403,-0.451688331308502,-0.449620716957678,-0.449257708228294,42
-0.694602415574703,-0.778659265161699,-0.785309698575022,-0.777063173312936,42
-0.452461634785347,-0.440042515393371,-0.438821393210991,-0.437624406123575,42
-0.490755856718482,-0.467234552104349,-0.466391636732565,-0.465868802599054,42
-0.469537098260785,-0.465279432870784,-0.464710970394996,-0.46565937661237,42
-0.47694653279606,-0.459051093088266,-0.4573359921811,-0.458127062944255,42
-0.467392214904192,-0.446532751029174,-0.445305634501994,-0.443756323759738,42
-0.539383700407187,-0.487016923416224,-0.487902100717566,-0.488542117401446,42
-0.452303118255655,-0.439701511713383,-0.438324537270644,-0.437642363933284,42
-0.608954027871038,-0.549227734878754,-0.549817764682442,-0.546393462637883,42
-0.45360111890764,-0.439530299770496,-0.438653419570813,-0.437210678775675,43
-0.470601606692139,-0.456122689007945,-0.455630197701659,-0.455218280440928,43
-0.453379124144336,-0.439247837336163,-0.438009355414645,-0.436917072223749,43
-0.515885765756041,-0.502563000155103,-0.5001848403227,-0.50300318983723,43
-0.498520361751647,-0.490195454169552,-0.488150999221257,-0.490700671633088,43
-0.505311165713,-0.493879064868424,-0.492253370105678,-0.494880304516522,43
-0.465833593460451,-0.457609196509801,-0.457140674867685,-0.457029472984406,43
-0.485336995397783,-0.463086345594623,-0.462482831400774,-0.462784673396604,43
-0.452272881985366,-0.439073708258281,-0.437829347793756,-0.43693071093391,43
-0.549608196979662,-0.515678675524312,-0.517510091878253,-0.509280043600146,43
-0.457777079392274,-0.443059146392316,-0.442416919607534,-0.440335620222631,43
-0.459861355777096,-0.448969495988618,-0.448162283284715,-0.448257728870076,43
-0.452350991883795,-0.43944965623935,-0.438234359280125,-0.437073385977516,43
-0.524463122441842,-0.524534470496204,-0.525058709513838,-0.521677897205219,43
-0.470919305478406,-0.462982833575155,-0.461297664792443,-0.462485293843918,43
-0.513683925923688,-0.501238170315908,-0.49898650975929,-0.502197003189624,43
-0.50310042334834,-0.499010734605186,-0.499144812927174,-0.498754817696967,43
-0.514113369000955,-0.495761023774509,-0.495577444542568,-0.496607773716281,43
-0.452264085408364,-0.439152985333526,-0.437894553161656,-0.436907755014089,43
-0.530366287192025,-0.499527834395422,-0.498374515185437,-0.494785579462138,43
-3.4460225776831,-3.34644835278385,-3.38894856755136,-3.33983716646101,44
-0.490819962389676,-0.477561216439496,-0.478269737723356,-0.477395495666736,44
-1.7730904061586,-1.86524153133864,-1.8547801251339,-1.860240236447,44
-0.544095430400606,-0.519389426201255,-0.520668135624632,-0.522386433401155,44
-0.4690213024398,-0.457193350085269,-0.455995785593303,-0.452617726676777,44
-11.0829298898674,-11.3676603334069,-11.4006140128412,-11.3374014673108,44
-0.468912688883819,-0.453114817526583,-0.451060057257317,-0.449389773880351,44
-0.981669089798299,-1.0338907263066,-1.03109750921712,-1.02566411516623,44
-0.480048296808893,-0.467884510133432,-0.466636709322781,-0.464336233347405,44
-1.04334305785228,-0.983891989363361,-0.98916651450027,-0.99000576927826,44
-1.94633643219509,-1.95963751337828,-1.96155832964138,-1.9737740971434,44
-0.650192649284607,-0.649152812366646,-0.652427835284226,-0.65242933700606,44
-1.63400325642121,-1.65386300787247,-1.65623863720642,-1.65935681823194,44
-0.480861407233637,-0.465658661023446,-0.464718802971897,-0.465753424132783,44
-0.568536276527446,-0.835864673390313,-0.852212485795641,-0.559478726450122,44
-0.551765676405994,-0.835253861190738,-0.84743339892265,-0.604083019874959,44
-0.982336209113615,-0.981363402031245,-0.98549900873984,-0.986632604373216,44
-0.525559843412888,-0.511876512726433,-0.512384169038153,-0.512391348234456,44
-0.469770319760523,-0.456782233403404,-0.45488439622149,-0.454381563699444,44
-1.03957055012524,-0.9826924833647,-0.987529105463603,-0.98949856133353,44
-0.460503827756408,-0.447413567748016,-0.44632314400877,-0.445909365419584,45
-0.532093037097312,-0.519832677624306,-0.516983737390879,-0.514402543222973,45
-0.458177825623447,-0.444827681227158,-0.444148377646778,-0.443650955969305,45
-0.512191985940457,-0.503223379320307,-0.504163654931087,-0.499519468287004,45
-0.47349701327801,-0.462539328552307,-0.468536773200785,-0.467005851314607,45
-0.494013767955792,-0.488527304033575,-0.478284458905499,-0.481175620402975,45
-0.511535896481754,-0.499200598896833,-0.493816093222692,-0.492505236500772,45
-0.465666398978319,-0.449946042133174,-0.449473025281467,-0.448721715249087,45
-0.453431224335475,-0.439964966904474,-0.438813579134469,-0.438036033937302,45
-0.588467761191661,-0.564280401775655,-0.56038099749133,-0.557411481642297,45
-0.487190748284037,-0.495679712824978,-0.493162398635386,-0.495964438159966,45
-0.816087062113594,-0.837227418266997,-0.838531725131135,-0.840050639098091,45
-0.453104675699676,-0.442113513822563,-0.440914297157101,-0.439184955928624,45
-0.466596245196795,-0.450736004782882,-0.450009614299282,-0.449832101186786,45
-0.590650305098068,-0.56074070354437,-0.559667718967916,-0.554985764217369,45
-0.5335792221438,-0.493299540874429,-0.493597996495019,-0.493727755926445,45
-0.452726312058485,-0.447829543522945,-0.447245144215636,-0.446566741075837,45
-0.531007183999035,-0.505083052521163,-0.503519036322299,-0.504668630861073,45
-0.575775951051098,-0.526719287902462,-0.528598137531641,-0.526421987143028,45
-0.633638354421827,-0.557888273944379,-0.557472839051554,-0.553840674838861,45
-0.452655569414296,-0.441336793769575,-0.439479021010439,-0.438901906012285,46
-0.563976937748213,-0.532144117197641,-0.535532287855882,-0.533695944123685,46
-0.46568111085749,-0.452731997872685,-0.450824797615827,-0.449341932704181,46
-0.453445424680252,-0.442116281053948,-0.441664415568789,-0.440290916342269,46
-0.542532246712053,-0.55794537843143,-0.565044833572701,-0.569075137294421,46
-10.8496193247908,-11.2509384907441,-11.2464051930278,-11.247872187025,46
-0.469218801944586,-0.463083258945903,-0.462687601496232,-0.462584244720746,46
-0.75916254060379,-0.735892974821854,-0.732131902679209,-0.734798894006671,46
-0.460455141949678,-0.450594908193016,-0.449541111457758,-0.449450158924203,46
-0.90852960278122,-0.886347764424267,-0.879189255927416,-0.877137428098409,46
-0.508748372206019,-0.520383641990978,-0.518477299900816,-0.517998101593783,46
-0.522970013631367,-0.477816166799268,-0.476900466344639,-0.476973715299879,46
-0.629540657674499,-0.697833011827256,-0.698845665942273,-0.700319288359415,46
-0.45658977131272,-0.442456557978143,-0.441450725870567,-0.440776650417726,46
-0.647978526085567,-0.645842215861151,-0.642195501374834,-0.648282437865649,46
-1.02575968056532,-0.451501742112848,-0.443159598193716,-0.448025001821435,46
-1.36720367567811,-1.35139220050133,-1.34652061404202,-1.3478372535871,46
-0.489074277394147,-0.450713790906411,-0.450173503611537,-0.448182855385242,46
-0.533688097032503,-0.541591656386999,-0.538097232880376,-0.537392924863779,46
-0.970812505430892,-0.910574560073501,-0.905897342885034,-0.904272160216483,46
-1.56775054949608,-1.4721498354228,-1.47874144860428,-1.4711268499986,47
-0.475753395391717,-0.471461450897804,-0.471048786103333,-0.470999649587323,47
-0.458549785095825,-0.441122955126466,-0.440201477639307,-0.438827041737474,47
-0.480592872336066,-0.489772354337376,-0.488944815444735,-0.486957603818856,47
-0.468072179130849,-0.476053833697818,-0.476253557668333,-0.477742783730988,47
-0.560783881882948,-0.595336987163771,-0.603613484031833,-0.601655459663742,47
-0.497591962973854,-0.514722944500614,-0.5129431059185,-0.51224222485507,47
-0.757044734407615,-0.855163536909164,-0.8493527599532,-0.845490223326685,47
-1.89842451772941,-1.83176705006784,-1.84172925668203,-1.84418406770957,47
-0.692484642080266,-0.640059815685934,-0.641098917483762,-0.63851775063249,47
-0.453892048671259,-0.439555807086442,-0.438642673114252,-0.437620037291426,47
-0.478686637488169,-0.469703182759824,-0.469904217586058,-0.469505353093126,47
-0.455797896913519,-0.44192887923417,-0.441077791342296,-0.440013235737001,47
-0.522469286623782,-0.50418465298073,-0.502350261104198,-0.502324351828631,47
-0.538778766562071,-0.534736991761891,-0.532836071222783,-0.535258261976948,47
-0.545768398444624,-0.540604688097688,-0.53994391839393,-0.54023101913926,47
-0.482068632158945,-0.475940226413218,-0.476353320691171,-0.475301835470069,47
-0.493331765526548,-0.473587168446941,-0.473206444051257,-0.473493486242735,47
-0.454448743122282,-0.442707111346082,-0.441108378998397,-0.440073354704964,47
-0.66387847997571,-0.636860011076039,-0.635536661276919,-0.633001343201062,47
-1.34393830568454,-1.35008447315309,-1.36109235731417,-1.34479090691638,48
-0.569854019634954,-0.588277427462541,-0.583688323851694,-0.58210686079836,48
-0.457830431550719,-0.439699874725904,-0.438745863252387,-0.437606675988028,48
-0.579229463284849,-0.578540294228426,-0.578441496742876,-0.572964113490073,48
-0.479617317362078,-0.45916016996581,-0.45754009130863,-0.459351843864616,48
-0.506201134036263,-0.504378942159447,-0.503887902868298,-0.497740758254946,48
-0.896444757519674,-0.89086690145539,-0.893841599352022,-0.898799277283775,48
-0.493139424620048,-0.466967232283171,-0.466267907818004,-0.466562579626788,48
-0.486440590531461,-0.479386781184048,-0.478640159327556,-0.474758726782194,48
-0.650474001898591,-0.574168546205927,-0.578105069388973,-0.575026169084066,48
-2.05809650760937,-2.01848172107232,-2.02899015291565,-2.03112120570699,48
-0.461096175504348,-0.448554734397292,-0.446971718515431,-0.445201134756751,48
-0.760014495648216,-0.631828881492777,-0.632973965182471,-0.633212085478585,48
-0.534448653044778,-0.513787744787243,-0.487821952788222,-0.454449424593475,48
-0.464908389874822,-0.452505201342242,-0.455000413699878,-0.452195511160273,48
-1.36662496653485,-0.503283900590119,-0.526108163000341,-0.506858466349954,48
-0.911440400906313,-0.863669354039886,-0.867542716681977,-0.869143706539459,48
-0.625113557310079,-0.556873383186614,-0.554329577737217,-0.548125600360656,48
-1.68043039109724,-1.68091760055005,-1.67389991559247,-1.67954004791235,48
-0.681061051012534,-0.592759395610516,-0.592198186116898,-0.595668531900259,48
