"y","euclidean","temporal","comp","id"
-1.12199479318743,-0.9659725782596,-0.426836543825885,-0.999596674798229,1
-0.971476547092373,-0.861471691203537,-0.88527414115662,-0.912807888738022,1
-1.02242118423224,-0.683965566403953,-0.671697827638467,-0.694283135548934,1
0.437605802889853,-0.578586138964199,-0.563390054917922,-0.582820936995998,1
0.559178232428172,1.0899410490334,1.60477305849931,1.16714230780074,1
0.417922647631267,0.432493524216424,0.475463206688302,0.462194721723197,1
2.08983301194872,1.94489304395164,2.11833832110843,2.12232848895131,1
0.421396145618076,0.433112569456605,0.473081045676479,0.465242083211758,1
1.37892375731512,1.27027267198704,1.43556059313448,1.42986480715598,1
-0.5118169801713,-0.892835146186618,-0.874603217475465,-0.904136782330513,1
-0.63223157704735,-1.01234656221408,-0.560062341821226,-0.735040977095939,1
-0.531500135429886,-0.358496535806785,-0.441700209085549,-0.451538529872829,1
-1.12199479318743,-1.07199513345105,-1.02702632187246,-1.059383088791,1
-0.98305487371507,-0.898454049161902,-0.882352578738083,-0.907390796396837,1
-0.660019560941823,-0.53400261912721,-0.0979100505684224,-0.188688187324163,1
-0.610232756464227,-0.551524192888074,-0.563651758223825,-0.56688766327445,1
-0.618337585100114,1.9391824086996,0.458254228600342,0.75809495446465,1
0.399397325034953,0.43887137501631,0.474525400530549,0.461409039292104,1
2.08057035065056,1.95196196946559,2.11635449884929,2.12180990465569,1
0.082151175573056,0.444890109063733,0.477155755527251,0.465175185846585,1
1.37892375731512,1.20806911754965,1.43354167449231,1.42936840267513,1
-0.66812438957771,-0.931565535836452,-0.885281664551681,-0.906296761768425,1
-1.08378631533253,-1.47559480394879,-0.601387877937586,-0.866252022694662,1
-0.518763976144919,-0.2979091277781,-0.429564194202361,-0.448856837963398,1
-0.877692101448527,-1.03192408914359,-1.03044576359832,-1.0718827786211,2
-0.558130286662091,-0.922628310155054,-0.885114449624644,-0.907793928928275,2
-0.509501314846763,-0.436999520271853,-0.669533396624117,-0.688039510189668,2
-0.393718048619791,-0.546508700087178,-0.56088701129528,-0.584413604987347,2
0.449184129512549,1.96607399669576,-0.0517987797699193,0.776798406001306,2
-0.277934782392822,0.355807183139743,0.476150589192351,0.461054675092225,2
2.09678000792234,1.94879748336997,2.11382868687699,2.12037442088852,2
0.666856670019254,0.425484706937279,0.477333049653666,0.464993143264609,2
1.36502976536788,1.2892949619351,1.4327566691067,1.42973141123403,2
-0.661177393604092,-0.856903937958012,-0.882633135291502,-0.909688033782068,2
-0.728331688015737,-1.05991554002266,-0.809740547646574,-0.649917878935796,2
-0.406454207904759,-0.475872946523527,-0.431407475303751,-0.450633781107109,2
-1.08725981331934,-2.18564651470859,-1.06503323839246,-1.34835754935994,2
-0.62991591172281,-0.885363991048406,-0.892932079427231,-0.921221800574583,2
-0.63570507503416,-0.695247360517685,-0.666975681590445,-0.692105045455448,2
-0.510659147509032,-0.586061168353579,-0.560811731673521,-0.584121428603848,2
0.33340086328558,0.349250330397362,1.21311278364696,1.04224932899284,2
0.376240671789558,0.564873187866075,0.472015665323001,0.460032532736971,2
2.08520168129964,1.94097604899268,2.11661757068556,2.12211163478182,2
0.363504512504593,0.421981023037259,0.476312958351204,0.46453681307776,2
1.37313459400377,1.19155898074764,1.42955873497898,1.42440668726337,2
0.328769532636502,-0.770775206100494,-0.882931082403541,-0.906525970296439,2
-1.09189114396842,-3.00607284009882,-1.12934920666435,-1.09867069620433,2
-0.482871163614559,-0.429624924669067,-0.427548264847174,-0.445738544345212,2
-0.669282222239982,-0.982627534706003,-1.03247618542393,-1.06185052363888,3
-0.976107877741452,-0.837968644501038,-0.88375701442361,-0.91355427862519,3
-0.991159702350958,-0.72201690934805,-0.668153506488387,-0.693700417380954,3
-0.617179752437846,-0.619208399880992,-0.561295644740604,-0.580270539651855,3
0.082151175573056,0.735151860699079,0.890232710746543,0.862649314701021,3
0.0879403388844022,0.508920216150357,0.4708372044445,0.460678975487829,3
2.08751734662418,1.95472109967595,2.11826869985646,2.12339347979433,3
0.805796589491618,0.478277385204531,0.468151268935519,0.458308876465057,3
1.37660809199058,1.18127648137631,1.43651869168759,1.4299477737773,3
-0.494449490237255,-0.963694517368665,-0.878285804474856,-0.903089691770228,3
-0.765382333208365,-1.28077634862826,-1.32816289644806,-1.17666808659376,3
-0.385613219983904,-0.290487357240354,-0.429366231836193,-0.446904001248541,3
-1.12199479318743,-1.25070639525119,-1.1915812630007,-1.0786135312697,3
-0.971476547092373,-0.902717453849608,-0.887960010192686,-0.911272842084132,3
0.394765994385875,-0.645149635286464,-0.667052713492514,-0.693067337907882,3
0.0092077178500649,-0.558911860288182,-0.562047616724135,-0.578643862600372,3
1.5479673260065,1.71446113653378,-0.728838453407017,0.672681776566648,3
1.38123942263966,0.435164103315444,0.471916408110067,0.459681580757171,3
2.09099084461099,1.94232247098983,2.11276666045029,2.11939563537075,3
0.292876720106139,0.44117928754804,0.471572382518506,0.463872631749671,3
0.311402042702457,1.25406825639245,1.44075239051132,1.43054129240781,3
-0.811695639699154,-0.886025088540871,-0.887007791231371,-0.906562944372467,3
-1.05599833143806,-1.30958452989718,-1.0350681430706,-0.974017462908686,3
-0.778118492493333,-0.429389527085331,-0.428192124436509,-0.44772783194026,3
-0.995791033000036,-0.297985001506074,-1.03141631006375,-1.04915160834323,4
-0.768855831195175,-0.866476393986693,-0.888813751438316,-0.913552687611991,4
-0.532657968092155,-0.944807611466014,-0.656680801473035,-0.693887685929424,4
-0.489818159588177,-0.538655332516595,-0.561687742220043,-0.585314557507825,4
0.390134663736794,1.9298469718533,0.532584683274825,0.545497373349215,4
0.400555157697221,0.336465687313709,0.471612544525255,0.460380261860927,4
2.08520168129964,1.97514308316059,2.11563311650803,2.12174845002147,4
0.574230057037676,0.562588922537188,0.471198150986213,0.467586779531141,4
1.38123942263966,1.04989727929977,1.43245511391143,1.42612702945642,4
0.310244210040185,-0.822700188956902,-0.886919980610354,-0.910308107138607,4
-0.754961839247938,-0.302563704494585,-1.24171294526726,-1.0854730417157,4
-0.515290478158109,-0.740525540320293,-0.422246653851277,-0.445468427038998,4
-0.818642635672772,-1.00196630094565,-1.02796649684236,-1.06756951562829,4
-0.0857345604560529,-0.867516429927369,-0.88677744178904,-0.912076461540572,4
-0.653072564968205,-0.687667237122389,-0.671735909210666,-0.695355040059739,4
-1.08262848267026,-0.56661306835381,-0.563131493012922,-0.584584012895193,4
-1.04905133546444,1.82959748061515,0.489072365386151,0.832462968688603,4
0.400555157697221,0.465329077286491,0.472840143631011,0.459356629987023,4
-0.604443593152878,1.94677284623404,2.11483365940597,2.12176063060701,4
0.874108716565531,0.43386629542808,0.47811396598176,0.465733582147483,4
-0.275619117068281,1.23039477797636,1.42719764457379,1.42468189987069,4
0.665698837356985,-0.885487074833182,-0.883960167417064,-0.910256067923705,4
-0.736436516651623,-1.23530595633811,-1.0015434103536,-0.978514213818147,4
-0.355509570764891,-0.370444166963334,-0.417442491764878,-0.442859395253029,4
-0.735278683989355,-1.01178988002238,-1.03162764449746,-1.06313881292533,5
-0.563919449973437,-0.917102266702226,-0.884360662705192,-0.903525546360944,5
-0.616021919775573,-0.656156308411079,-0.669682803659893,-0.693022476899401,5
-0.918216244627966,-0.574504213565733,-0.562499216311712,-0.568276111334957,5
0.454973292823898,1.21133165079051,0.520136211996829,0.800972024894756,5
-0.614864087113305,0.43674051766893,0.47282163693718,0.461448483822476,5
0.449184129512549,1.94744172538711,2.11673301854902,2.12176683177124,5
0.458446790810708,0.428091062421617,0.475906845254609,0.465527452621165,5
-0.971476547092373,1.26442461709091,1.43441193322284,1.42920456421481,5
-0.602127927828337,-0.875468169474602,-0.882591134989545,-0.908985946384069,5
2.38392250816522,-0.996275151611101,-0.652041963778726,-0.757329761812997,5
-0.976107877741452,-0.413844977813885,-0.426428951403337,-0.448967854678436,5
-1.00621152696046,-0.981033005693703,-1.02823433989574,-1.06074547325715,5
-0.978423543065991,-0.868492209132738,-0.886430363244977,-0.913069647968049,5
-0.148257524218617,-0.709059955396005,-0.666423734649855,-0.693728802234729,5
-0.969160881767833,-0.582360399653437,-0.558911181067967,-0.573600496683609,5
-0.556972453999819,1.14187497124123,0.644158525219569,0.76367897617082,5
-0.578971274582945,0.443058373597721,0.472951368815204,0.460130061367651,5
2.41171049205969,1.94137483756747,2.11286198557883,2.11898527972678,5
0.526758917884621,0.430056418195505,0.476697349707065,0.464916954651427,5
0.854425561306945,1.22910121582718,1.43277664219941,1.42516844910314,5
0.443394966201203,-0.877956708161294,-0.884475464736799,-0.910326057302009,5
-0.0290007600048352,-0.990165862627659,-1.08019932486662,-0.93816611291949,5
-0.211938320643449,-0.397948224365915,-0.427745179780828,-0.446985577173229,5
-1.12199479318743,-1.00039322455998,-1.03270112890315,-1.06451469987253,6
-0.990001869688688,-0.763832398454022,-0.886142325466023,-0.904604002537405,6
-0.751488341261128,-0.740855118499296,-0.668757613103295,-0.692918451634584,6
-0.523395306794,-0.571792135646977,-0.560652422050044,-0.583839445520049,6
0.422553978280348,1.80059675654521,0.819524437483221,1.0396184045846,6
-0.612548421788764,0.471879235964388,0.466297614156571,0.456857473398866,6
2.0713076893524,1.9535625346098,2.11465235740176,2.12032251562656,6
0.444552798863471,0.444053510672982,0.47570913606068,0.465600898014212,6
1.37892375731512,1.17227102361288,1.42798615350777,1.42370947594112,6
-0.992317535013227,-0.88621935986061,-0.881285794495885,-0.907875670016596,6
-0.724858190028928,-1.35162235371609,-1.05796331528232,-1.00217516865193,6
-0.679702716200409,-0.331724609632632,-0.428532986444746,-0.448763242059865,6
-1.11273213188928,-0.938433935505677,-1.02975442915232,-1.05921175676712,6
-0.477082000303209,-0.802193717400367,-0.877384835259035,-0.905728449864549,6
0.473498615420212,-0.73881662758613,-0.673376527836076,-0.697420848740216,6
-0.907795750667539,-0.592359009921382,-0.564288427108471,-0.585852251084439,6
0.490866105354258,0.667365421981723,0.113393348607599,0.932020183961726,6
-0.512974812833572,0.461388695104402,0.473639530151163,0.460834077647608,6
1.16704038011976,1.94850991273254,2.11586661436227,2.12074248678822,6
1.42871056179272,0.453720973803375,0.478030732481051,0.467058276080253,6
-1.07799715202119,1.21552457450225,1.43420526269302,1.42841790329529,6
-0.5118169801713,-0.895368771312496,-0.886052153759683,-0.909753780560515,6
-0.98305487371507,-0.701814957454303,-0.756693330002795,-0.77067339166572,6
0.342663524583739,-0.381492705463889,-0.42808981512538,-0.448068034206513,6
-0.763066667883828,-1.03849500982554,-1.02816566763631,-1.06518438542695,7
0.98757631746796,-0.876284551144662,-0.88913295676102,-0.913099914172796,7
1.06283544051549,-0.664404837948294,-0.659739222529961,-0.687210695724198,7
-0.974950045079182,-0.580842585181823,-0.549933056149661,-0.576255555818675,7
-1.05020916812671,1.66015117268549,1.24591294764057,0.783478531305331,7
0.570756559050867,0.465394772508208,0.46984669540842,0.459576371192318,7
2.41171049205969,1.94865579432743,2.11666916657793,2.12154796933205,7
1.39050208393782,0.428985303341577,0.47899235057626,0.464929499581067,7
0.871793051240991,1.22654484304268,1.43065534253982,1.42739736336424,7
0.475814280744753,-0.917400948596237,-0.883941411748937,-0.902112445672728,7
-0.735278683989355,-1.3638084014961,-0.97194939214971,-1.00941120462955,7
1.08483426109861,-0.392170638204389,-0.427709428423786,-0.447559763999658,7
-0.979581375728261,-0.947524310376295,-1.03146417436979,-1.05815386724428,7
-0.524553139456268,-0.903171541075218,-0.881259062878125,-0.906019709908663,7
-0.778118492493333,-0.666216195124624,-0.67225775008471,-0.697846737915763,7
-0.734120851327083,-0.561084092104632,-0.560154211656901,-0.58305114704349,7
-0.532657968092155,1.09581297178437,1.03217505419243,0.836270737720705,7
0.405186488346303,0.427069153924592,0.472311299273905,0.462595773108812,7
2.08751734662418,1.91302717616768,2.11247058554598,2.11870868819737,7
0.399397325034953,0.41140996051311,0.467827042973275,0.463603027672246,7
1.37892375731512,1.31941318958933,1.4296990007204,1.4292048355936,7
-0.984212706377339,-0.849799147519872,-0.884750057858586,-0.901192133508146,7
-0.477082000303209,-0.33419389484322,-1.05796331528232,-0.436965101742467,7
-0.515290478158109,-0.480644289238461,-0.432014988575819,-0.453154023353943,7
-1.12199479318743,-1.01688376475163,-1.02809399972031,-1.0650311107798,8
-1.04326217215309,-0.887798769329009,-0.884611894971746,-0.909550486126927,8
-0.521079641469459,-0.622669545263841,-0.672812979621841,-0.6886262516673,8
1.20872235596147,-0.557685819076256,-0.562680202927916,-0.58261342691272,8
2.38508034082749,0.939513513816237,0.182456935645163,0.60248828654694,8
0.0508896936917741,0.414079651565551,0.47370560993517,0.460867390952598,8
2.08057035065056,1.94697396591525,2.1151174421618,2.12229377464445,8
0.420238312955807,0.425516447662348,0.468640228076459,0.464695937203272,8
1.37892375731512,1.27842674530268,1.43605407840232,1.42911562928421,8
-0.551183290688473,-0.87567007142108,-0.886213440871379,-0.905664180259922,8
-1.04905133546444,-1.17317950526638,-0.969539621577356,-0.849018812327965,8
-0.220043149279336,-0.429891408078754,-0.41979585697296,-0.449667415591651,8
1.3719767613415,-1.0145976386687,-1.02990910963587,-1.05956492885261,8
0.665698837356985,-0.859681298195578,-0.885858497570867,-0.911423539208173,8
0.720116972483659,-0.753751912946761,-0.671425205294484,-0.693831547271599,8
0.434132304903044,-0.580962761222498,-0.559914683658455,-0.583110577039173,8
0.391292496399066,1.06721865466938,0.529815084901499,0.8111768525978,8
0.0775198449239749,0.512079906893295,0.471116306584987,0.459493187174648,8
-0.575497776596136,1.95588154053072,2.10519914876207,2.11184736935487,8
-0.609074923801955,0.469460010380644,0.476578654632504,0.467405410429562,8
2.39086950413884,1.14565337327589,1.42619926823987,1.42478822608054,8
-0.970318714430103,-0.910340251549355,-0.886137522156439,-0.907081113499099,8
-0.932110236575203,-1.34009517393356,-1.202748641893,-0.875043458900233,8
0.920422023056318,-0.354889046886864,-0.423986063572704,-0.45053239843154,8
-1.09304897663069,-0.995202205065611,-1.03102584494026,-1.06209427227267,9
-0.546551960039391,-0.905422216384031,-0.887916233764923,-0.91283074832967,9
0.395923827048144,-0.347562405376767,-0.669164206220491,-0.688708789381891,9
-0.970318714430103,-0.559136280482677,-0.560101217116796,-0.584403126586073,9
0.669172335343794,0.575982206711107,0.165476234326234,0.701344458413266,9
0.405186488346303,0.435837597710487,0.469584011589302,0.459195471064859,9
2.40707916141061,1.97062100115698,2.10389860582368,2.11103878960698,9
1.38008158997739,0.46473948610513,0.476677417077687,0.466742239369734,9
0.442237133538931,1.07214771381013,1.42864346234169,1.42200303905047,9
1.36618759803015,-0.843020424358356,-0.883747349976755,-0.905779730592071,9
2.08635951396191,-1.43314477549002,-0.735450957412557,-0.965541805873518,9
0.666856670019254,-0.555823493585827,-0.428226180933674,-0.450044932131181,9
-0.991159702350958,-1.02706137190166,-1.025896972722,-1.06461018532793,9
-0.82790529697093,-0.878282395859305,-0.889745175622192,-0.912582638195855,9
-0.753804006585669,-0.53541281799359,-0.659279900023569,-0.689660387525447,9
-0.780434157817872,-0.50999115038941,-0.551628218449934,-0.576080549297509,9
-0.824431798984121,1.44022777260546,0.764952455224756,0.731266748245196,9
0.413291316982189,0.338877246637141,0.469325797979042,0.458951480803323,9
2.09562217526006,1.93460192283736,2.11515990112328,2.12139215839636,9
0.400555157697221,0.407111930162786,0.477979476769975,0.464710599064534,9
1.36618759803015,1.32289321841186,1.43123788801794,1.42939300914241,9
-0.993475367675497,-0.855472018538483,-0.885661889023561,-0.907044319518782,9
-0.823273966321851,-1.06254437489324,-1.08836661261365,-0.968862828220427,9
-0.628758079060541,-0.503067473949199,-0.426872069634782,-0.446853413403927,9
-0.393332104399036,-1.53830252906543,-0.848502531890855,-1.30572103156746,10
-0.654230397630474,-1.00487378126397,-0.883297265432148,-0.909284172697096,10
-0.507571593742978,-0.549957550423629,-0.668275466951848,-0.692455869183611,10
-0.75611967191021,-0.548119952863913,-0.562222200359954,-0.583459017742203,10
-0.966073328001781,1.8692743813482,1.17551566216463,0.949525735664224,10
-0.451995625954032,0.351789643579974,0.474042276964561,0.458689725047976,10
2.09523623103931,1.94702573882831,2.11461747251811,2.12091555447917,10
-0.300705491417459,0.43118264190391,0.478811629687935,0.465412058327585,10
1.37429242666604,1.26055962406023,1.43266360640331,1.42807675011714,10
-0.518378031924164,-0.875454259996469,-0.881925505757535,-0.90723218215203,10
-0.797801647751917,-0.941562648148427,-0.351356586806517,-0.569200766159641,10
0.404800544125544,-0.429223531938312,-0.43060410843182,-0.449575942724927,10
-0.617179752437846,-1.05516029820306,-1.02821498015582,-1.06453292151004,10
-0.418032534527455,-0.917901343151959,-0.890005801636135,-0.914822599964123,10
1.40516796432657,-0.661614087573436,-0.668196126937137,-0.692012388486252,10
-0.685105935291001,-0.565799894338535,-0.561849538090121,-0.57948359997965,10
-0.235866862330358,1.59095197834355,1.66888770261026,1.02169724555153,10
1.33724178147341,0.435915107548358,0.475188983564415,0.461862138228501,10
1.62284050483327,1.95211754470516,2.11668176213178,2.1213847846039,10
-0.450451849071009,0.427868057857812,0.475194408111776,0.464662920735507,10
1.72318600222998,1.20893298577802,1.42987911432877,1.42501664996081,10
1.17668898563868,-0.894436827801236,-0.880492301172641,-0.905751807980022,10
-0.549253569584687,-1.71977917762501,-1.00248551592603,-1.02372102920056,10
1.25542160667302,-0.358395203395612,-0.428462618298377,-0.446488740107612,10
-1.12199479318743,-1.02665985900175,-1.03318971982517,-1.06242802966075,11
-0.861096499955994,-0.896063894116115,-0.877997901104579,-0.908833608260216,11
-0.81323941658218,-0.62824433817055,-0.6725078859439,-0.689863876183891,11
-0.257479738692722,-0.564763892397572,-0.562551066459628,-0.581660058914143,11
1.36811731913394,1.35011130524405,1.15795316314335,0.96827215363965,11
-0.257479738692722,0.42354610144855,0.472794845375885,0.461317063484803,11
2.0890611235072,1.94244765284916,2.11489930272123,2.12105267142111,11
-0.266742399990881,0.431105169530576,0.483348791542363,0.468271099700253,11
1.38201131108117,1.26316120304303,1.42697294721506,1.42600497046238,11
-0.618723529320869,-0.884579040374535,-0.881766252358037,-0.906254643727045,11
-0.780820102038629,-1.08154330083988,-0.997685126134217,-0.873631480656546,11
-0.607917091139687,-0.419574941803888,-0.431730580530786,-0.451427894432059,11
0.338032193934658,-1.00825220874087,-1.03169128333152,-1.06110331566881,11
0.179409119203711,-0.86601696245932,-0.881297827058619,-0.909245838150498,11
-0.218885316617067,-0.663765781918095,-0.670508008387502,-0.695680816598987,11
-0.279092615055091,-0.573463065947034,-0.564424274689453,-0.583647379743093,11
0.586966216322644,1.10627684784036,-0.0389889480541343,0.747722354346481,11
-0.499080820886336,0.428827286449265,0.473847371599578,0.461797706314607,11
2.08520168129964,1.94476963417647,2.10816600458062,2.11821077800342,11
-0.543078462052582,0.433774566751968,0.482448048538834,0.466481898435457,11
0.197934441800025,1.16110383942446,1.40992330912809,1.41034690353633,11
-0.371719228036668,-0.876427195511884,-0.879665145837882,-0.908373692121477,11
2.10604266922049,-1.1815112727271,-0.579170730091333,-0.936759644619483,11
-0.341615578817654,-0.416534453745789,-0.430709703099866,-0.450706665275175,11
-1.12199479318743,0.195898440789279,-1.03194320440477,-1.01703348137959,12
-0.965687383781024,-0.765885798617119,-0.879819921755978,-0.910402988856064,12
-0.782749823142411,-0.748474640536611,-0.673062398131512,-0.695234052622335,12
-0.640336405683237,-0.587908740750454,-0.568973529553682,-0.5916067692298,12
-0.534973633416696,1.68537391210682,0.120285658133621,0.640752326764689,12
0.393608161723603,0.411474762237239,0.48398275909968,0.469377305738714,12
2.09678000792234,1.93064884276032,2.11399264290019,2.11779595050095,12
0.393608161723603,0.489716554341111,0.474519014203227,0.466681286220559,12
1.37081892867923,1.13378786672864,1.43455865786076,1.42430900094265,12
-0.971476547092373,-0.923322537501183,-0.88806675431109,-0.90048104703668,12
-0.596338764516991,0.157197428870823,-0.511280309381287,-1.15953915140379,12
-0.55349895601301,-0.441752685202244,-0.431363602515126,-0.449563604284505,12
-1.12199479318743,-1.15859250626685,-1.03087264387036,-1.05588061245072,12
-0.971476547092373,-0.853733673598718,-0.886432484332643,-0.908971063617456,12
-0.701701536783533,-0.00855599840665615,-0.669598261867317,-0.691564067807487,12
-1.0698923233853,-0.864855321116744,-0.565802185949749,-0.569075743369874,12
-1.06873449072303,-3.20834126808732,-1.05796331528232,0.303027789663878,12
1.36039843471881,0.73087522239376,0.475221680416672,0.462841604680238,12
2.08867517928645,1.17800124933824,2.10990416715249,2.1132608304798,12
0.294034552768411,0.467799899937028,0.473368860838951,0.465711327885594,12
1.37776592465285,1.29398666277703,1.43032701597182,1.42657801433643,12
-0.970318714430103,-0.993100332908665,-0.888458458251276,-0.906868805631381,12
-0.94484639586017,-2.84861896350901,-1.21267024579938,-0.288665168988682,12
-0.512974812833572,0.024791658301885,-0.422334714009785,-0.448195839515171,12
-1.09420680929296,-0.98876204048654,-1.03069858555797,-1.0601158113337,13
-0.653072564968205,-0.859470813973188,-0.884084995814371,-0.910962357354011,13
-0.514132645495841,-0.694157815279464,-0.672619318893429,-0.696255093244762,13
-0.392560215957522,-0.571568426485206,-0.560550052064366,-0.583297829746662,13
0.046258363042693,1.58599911435193,0.699028931145785,0.793061521128778,13
0.127306649401574,0.445554798553167,0.48014731906345,0.461703335381188,13
2.08983301194872,1.92853207052357,2.10573908457762,2.11099957195972,13
0.141200641348811,0.442331177067355,0.481626595466136,0.468052930318526,13
0.0115233831746019,1.23147752624754,1.4250114197351,1.42371818546211,13
-0.952951224496058,-0.879856914708268,-0.88566099288799,-0.909707702253998,13
-0.950635559171518,-1.12309247949459,-0.942757961517029,-0.759784678618783,13
-0.539604964065773,-0.401146362026699,-0.430312746072143,-0.44803699697345,13
-1.12199479318743,-1.00503575974192,-1.03238349027071,-1.06136563739977,13
-0.51760614348265,-0.87788503252849,-0.886745862995168,-0.912759200607131,13
-0.616021919775573,-0.648979690017456,-0.664049437163148,-0.693042772861065,13
-0.255935961809699,-0.560669445929407,-0.561419215824381,-0.583515059034411,13
0.0439426977181559,1.5721206729569,0.509614752244425,0.906027259322962,13
0.752536287027213,0.410719890227105,0.471813948329229,0.460986417466106,13
2.08520168129964,1.94221245198028,2.11317507849568,2.11922726054036,13
0.760641115663099,0.434854661887717,0.475358843335468,0.466268610307277,13
0.658751841383367,1.25854587937527,1.43609119116924,1.42378985884606,13
-0.522237474131728,-0.877859824227195,-0.885046122925786,-0.905838471031903,13
-0.671597887564519,-0.951621851459553,-0.877475965996491,-0.97250517024973,13
0.393608161723603,-0.435592630174597,-0.428977945243639,-0.449811513992685,13
-1.12199479318743,-1.00063677618265,-1.02900489670861,-1.06242692416476,14
-0.607917091139687,-0.859017086838714,-0.885295461113531,-0.9127751064428,14
-0.618337585100114,-0.709641544102767,-0.670649798310981,-0.694373311818209,14
-0.546551960039391,-0.586580019006323,-0.564461882578809,-0.583813256727552,14
-1.08957547864388,1.07169362989148,1.17295891339782,0.777663837791597,14
0.402870823021762,0.458934424128006,0.476560224733038,0.462614740760858,14
2.09214867727325,1.9395198801959,2.10431853595463,2.10720694238058,14
0.398239492372684,0.475069999008017,0.481885266667445,0.467263436617454,14
1.38123942263966,1.15050644921535,1.42601966141814,1.42311484697753,14
-0.993475367675497,-0.919376537865665,-0.883424879118921,-0.90447251869308,14
-0.628758079060541,-1.30609940808606,-0.606127854583187,-0.814935727408577,14
-0.310354096936373,-0.248590119142102,-0.429056801419646,-0.446235239195438,14
-0.98073920839053,-0.65723428570246,-0.762573415031487,-1.02467998553801,14
-0.544236294714854,-0.847661308132343,-0.886843379615728,-0.913851901564464,14
-0.618337585100114,-0.711097603650623,-0.670698334232888,-0.694816809746512,14
-0.765382333208365,-0.581917316287033,-0.559967856557135,-0.582399674342946,14
2.32255737706493,0.996014261709241,0.883247399532128,0.644184958195085,14
0.216459764396339,0.453538604830458,0.472486766519311,0.462450129112794,14
2.07825468532602,1.94648553634998,2.11554539747033,2.12116127998424,14
-0.182992504086708,0.438998383635469,0.48239245445634,0.467770669032502,14
1.37545025932831,1.24570863901553,1.43009542042006,1.42834455180502,14
-0.617179752437846,-0.882057490043322,-0.883277512468264,-0.908285661878227,14
-0.816326970348233,-0.852660609434682,-0.62928953571447,-0.861087973069017,14
-0.694754540809914,-0.382297241511536,-0.429954202431894,-0.448076071582306,14
-0.717911194055309,-1.01085636722419,-1.03112554584537,-1.06074126931039,15
0.0497318610295021,-0.882265299748758,-0.888115025269804,-0.914051736348185,15
-0.720226859379847,-0.599216447379193,-0.65757021586703,-0.687578231846967,15
0.0231017097973013,-0.541840532576434,-0.559448743060326,-0.580340876091696,15
0.253510409588971,1.50648326894591,1.05221732640361,0.659845833516916,15
0.317191206013803,0.376805855534895,0.469246165643794,0.455448892754612,15
2.0828860159751,1.94362376793413,2.1158565480816,2.11940681803405,15
0.314875540689266,0.455073452174863,0.47924707493961,0.470268886142775,15
1.37313459400377,1.2619065447312,1.42857681973019,1.42762836577743,15
-0.880007766773066,-0.87858699589524,-0.88196465470412,-0.908887122513492,15
-1.12199479318743,-1.33527416641213,-1.15349176050727,-0.936175276608421,15
-0.98305487371507,-0.427681141780793,-0.434463265970727,-0.450993779927991,15
-1.12199479318743,-1.00846828215075,-1.02989485170175,-1.06049436977872,15
-0.089208058442862,-0.87089698330205,-0.88676010604107,-0.912176648996508,15
0.33919002659693,-0.675210855571483,-0.670953905906705,-0.69476064108753,15
0.29519238543068,-0.572834442897833,-0.556497989394188,-0.58196955349393,15
-0.451609681733277,1.17266784667632,0.808127871667099,0.964689104250201,15
-0.399507211931141,0.482875614802323,0.471655362153928,0.459911438026621,15
2.11067399986957,1.94575585220038,2.11371768974882,2.1207336475497,15
-0.0591044092238486,0.445274563707839,0.476704446711974,0.467036153154028,15
0.322980369325153,1.20548355826897,1.4309526962151,1.42479561630773,15
-0.122785205648681,-0.879132750274998,-0.884714299588613,-0.910080788038579,15
0.0948873348580204,-1.15226260002197,-0.782617426077356,-0.795316551932139,15
-0.0162646007198709,-0.389724808199805,-0.429585763792172,-0.450775882990592,15
-1.12199479318743,-1.01374806931964,-1.03743357151618,-1.06769214295514,16
-1.09883813994204,-0.865544721522864,-0.87909348183881,-0.907776971929645,16
-0.751488341261128,-0.689820264179238,-0.667542280420279,-0.69310821005216,16
-0.98073920839053,-0.577553197678089,-0.563837562745877,-0.583375766662251,16
1.37429242666604,1.36359913670921,0.784170320207246,0.833538558586501,16
0.408659986333112,0.467031269565965,0.471273935701675,0.459573981547194,16
2.08867517928645,1.94621066597574,2.11658474304338,2.12211248111837,16
0.399397325034953,0.445607506719695,0.47377326967863,0.464809390309056,16
1.37081892867923,1.23546360598072,1.43260696833824,1.42801031366719,16
-0.620653250424655,-0.923021269480145,-0.875260884022153,-0.900596590232789,16
-1.12199479318743,-1.38344107868663,-1.15850695772639,-0.957118235060293,16
-0.523395306794,-0.388316574336115,-0.429548536110191,-0.449619141524823,16
-1.04326217215309,-0.607395163938447,-0.782794618170831,-1.30551442211951,16
-0.790854651778299,-0.85717310418394,-0.880715268063029,-0.91299215504124,16
-0.5118169801713,-0.716525618297181,-0.672158171374743,-0.694716735321866,16
0.360031014517784,-0.578620084751321,-0.565218784685083,-0.582362343982595,16
2.39318516946338,1.36618266141645,0.362706686709996,0.717692832553308,16
0.397081659710412,0.501257572319269,0.479304281108401,0.461940468594914,16
-1.03978867416628,1.94753093856798,2.11544773901379,2.12195351362902,16
0.44571063152574,0.437124107805173,0.480943561245746,0.464491249111096,16
1.36502976536788,1.21373899670686,1.43076156212617,1.42816764044087,16
-0.529184470105346,-0.90249620784898,-0.884005306916893,-0.904812937089505,16
-1.06062966208714,-1.33201451699998,-0.499755533914852,-0.922033362750584,16
-0.534973633416696,-0.285790762754436,-0.427024325509128,-0.446319916070823,16
2.09330650993553,-0.989486793580222,-1.02973955675334,-1.0608598656801,17
0.544126407818667,-0.85299514414465,-0.885097614081074,-0.910455352486106,17
0.416764814968998,-0.687996437199124,-0.672162883821437,-0.696044329590549,17
-1.07336582137211,-0.578520308194926,-0.563117011400331,-0.580861125023992,17
-1.04442000481536,1.17946329819104,0.468298128536105,0.669732905296734,17
0.29750805075522,0.431144184259497,0.472313925197131,0.461602559501794,17
-1.07799715202119,1.94059162815332,2.11087115805568,2.1152600024864,17
-0.40529637524249,0.418836544387315,0.478398791205846,0.466778145353319,17
-0.510659147509032,1.26746538981097,1.43191362448217,1.42711421680497,17
0.655278343396558,-0.879488714601569,-0.883723261837874,-0.90943460460725,17
2.4036056634238,-0.824099033180343,-0.826495942988499,-0.939505462852827,17
1.73785188261873,-0.413437165182607,-0.431467665583805,-0.451290977752285,17
-1.12199479318743,-0.998117004500151,-1.03033459130957,-1.06212602376707,17
-0.592865266530182,-0.861957515942524,-0.88630172205181,-0.911564181471717,17
-0.796643815089648,-0.714242971328266,-0.670553064107485,-0.694411792895748,17
-0.627600246398273,-0.564949890539045,-0.562466084798209,-0.58524558520145,17
-0.437715689786041,1.48930409287571,1.10975698718217,0.732219552467791,17
0.225722425694498,0.437397371622771,0.472587580428892,0.458455010284714,17
2.39202733680111,1.94937692610096,2.11624129074293,2.12026667631306,17
1.57343964457643,0.439032042961871,0.476084901039003,0.46461676021432,17
1.51670584412522,1.25083513077991,1.43384814643798,1.42971412765255,17
-0.994633200337767,-0.892196251122271,-0.883478326708475,-0.907766135701088,17
-0.63570507503416,-1.16631171585284,-0.943467307251407,-0.93502280453613,17
-0.349720407453545,-0.2949685891678,-0.425724528299333,-0.443776070582488,17
-1.1081008012402,-1.0137067004498,-1.03011625629091,-1.06312010896985,18
-0.908953583329809,-0.907353265262627,-0.884303303251602,-0.908337469984121,18
-0.518763976144919,-0.604493262604096,-0.671988977802439,-0.693646983237181,18
-1.06757665806076,-0.546315027762755,-0.560179989865116,-0.581418544677514,18
0.290561054781602,1.38703945901856,0.891711315937928,0.902365656460885,18
0.336874361272389,0.372276175577041,0.474259704797622,0.45800530496153,18
2.07014985669013,1.9405960387427,2.11567032267797,2.12164942074874,18
0.511707093275113,0.410031087225887,0.475718525017412,0.465259138367232,18
0.611280702230308,1.30889634892226,1.43175239701988,1.42569330866324,18
-0.907795750667539,-0.863249503170381,-0.882672858912165,-0.909042397486672,18
-0.952951224496058,-0.9283647550226,-0.791396136997429,-0.915638171914518,18
-0.493291657574986,-0.454424385733406,-0.427881666547473,-0.446735158529482,18
-1.09883813994204,-1.00934804909908,-1.02980981836048,-1.06369858958988,18
-0.484028996276828,-0.883586514704882,-0.882390017926185,-0.907779365312535,18
-0.145941858894076,-0.73078074001821,-0.668661978980455,-0.689013639163074,18
-0.409927705891568,-0.562650005912554,-0.564130668870524,-0.575130743552319,18
0.188671780501866,1.57230664392908,0.477206578359587,0.997584089344173,18
0.546442073143204,0.423964764323036,0.472193073375697,0.460396638802741,18
2.0828860159751,1.9490502943011,2.1169731754697,2.12254040694248,18
0.532548081195967,0.43484425961173,0.477893883405249,0.46511180652292,18
1.62322644905403,1.23686057248421,1.43340691942742,1.42889534491942,18
0.141200641348811,-0.900046977636492,-0.884046628160073,-0.908853268277726,18
-0.199202161358481,-1.06836895776382,-0.89464313345452,-0.973631794966602,18
-0.0822610624692438,-0.249647195907124,-0.433887469076711,-0.444439164301876,18
-1.12199479318743,-0.992465860698595,-1.03083067629201,-1.06216735034117,19
-0.971476547092373,-0.842653039087878,-0.886564843519103,-0.912744959129022,19
-0.775802827168793,-0.736641742793219,-0.667417853567463,-0.694297492211614,19
-0.614864087113305,-0.559884815106696,-0.562241639637763,-0.584146718781333,19
0.290561054781602,1.60292322888509,1.15647922386997,0.933253476822563,19
-0.51760614348265,0.421574619234217,0.474036137880078,0.46020296746283,19
2.0713076893524,2.00520918293471,2.09826240974263,2.09675394582856,19
0.413291316982189,0.433156885299203,0.475721399666575,0.465942161099219,19
1.37313459400377,1.12763857875604,1.42438753762139,1.42105632353054,19
-0.970318714430103,-0.900524203499307,-0.883808645539332,-0.908883985149585,19
-1.07452365403438,-1.46508320611196,-1.06711095510677,-0.935484128104494,19
-0.524553139456268,-0.309003620132184,-0.426964682339787,-0.444326015510858,19
-1.12199479318743,-1.00344286977635,-1.02776165272282,-1.06320689482458,19
-0.912427081316618,-0.860628314671141,-0.886578783130556,-0.911790730770275,19
-0.760751002559287,-0.676729357190724,-0.669330109236487,-0.693698745052012,19
-0.562761617311168,-0.569308185738279,-0.564523430291159,-0.585146782867423,19
0.423711810942617,1.17708224717066,1.28232083122837,1.09245348279975,19
0.401712990359493,0.422001719200743,0.476003536247645,0.460487353496936,19
2.09562217526006,1.94524775128834,2.10928249504476,2.11746361425579,19
0.412133484319921,0.427565047506433,0.475701399747678,0.464807747180246,19
1.37776592465285,1.26420681473128,1.42610784411581,1.42466570881814,19
-0.979581375728261,-0.874885501882252,-0.879749193916995,-0.906818721180384,19
-0.978423543065991,-1.24614590688362,-1.02702858663901,-0.829020456261954,19
0.288245389457062,-0.413617004830971,-0.432320750595382,-0.449612969223172,19
-0.350878240115813,-1.01396366198079,-1.03034274354705,-1.06368614974337,20
-0.0648935725351983,-0.895635928767208,-0.885987981934388,-0.910027899859875,20
0.501286599314685,-0.654829813289089,-0.668686123686506,-0.692071589221683,20
-1.12199479318743,-0.576101298333813,-0.562152107522209,-0.581287691678083,20
-0.996948865662306,0.826461198544534,0.604935592954942,0.567073095646773,20
1.36039843471881,0.443523127052263,0.474146354456631,0.462314094498538,20
2.07362335467694,1.948721735048,2.11694198378381,2.12180174027291,20
-0.522237474131728,0.456269030128767,0.473207827222123,0.464207901628888,20
0.416764814968998,1.21045786425208,1.43115343761555,1.42627230464508,20
-0.979581375728261,-0.880547483926015,-0.881986204150645,-0.909020197935965,20
2.09099084461099,-1.2684841781891,-1.1721270292728,-0.98245871546384,20
-0.054473078574771,-0.394377204265507,-0.429989723028737,-0.448516164079676,20
-1.12199479318743,-1.04898733571736,-1.03365046969847,-1.06676309951171,20
-1.07799715202119,-0.880849332470581,-0.869737170803434,-0.90635337874715,20
-0.523395306794,-0.635500208245268,-0.669078395222475,-0.69279085020191,20
-0.771171496519715,-0.536486181683982,-0.567420856230281,-0.58410748549453,20
-0.00237060877263446,1.63603536788596,0.038819827764208,0.713493849430393,20
0.414449149644458,0.375517498495127,0.474369343747805,0.460712924364559,20
2.09446434259779,1.94105350981901,2.11662292317821,2.12240005064698,20
0.412133484319921,0.411083457877429,0.472667476636233,0.463200391827789,20
1.37660809199058,1.30704061915319,1.43498514950672,1.43045621181798,20
-0.502554318873145,-0.870538782285926,-0.882512255865188,-0.907639738160536,20
-1.07799715202119,-1.20777042768843,-0.867865350965131,-0.716301293227758,20
-0.5118169801713,-0.448062071609868,-0.428667361714597,-0.447443400019977,20
-1.08378631533253,-0.983059030263737,-1.01343938631296,-1.07365682421662,21
-0.860324611514481,-0.874153689026627,-0.888975436228014,-0.914020778204583,21
-0.858008946189942,-0.732656169689117,-0.669629976805883,-0.691197891488903,21
-0.281408280379631,-0.571450560322183,-0.562941228645882,-0.58401339874477,21
2.0713076893524,1.47049214258935,0.304311989488648,0.572191782440422,21
-0.244357635187,0.458221909100076,0.474109679548228,0.461783331833166,21
0.657594008721095,1.94807776898218,2.11384864267563,2.11915221763408,21
-0.519921808807191,0.459224280371296,0.479288520004746,0.468755189781157,21
-0.2825661130419,1.19067224545321,1.42913913162754,1.42569504759165,21
-0.966845216443294,-0.908117075676762,-0.882009174202717,-0.903900187979178,21
-1.12199479318743,-1.33768207979576,-0.644680485566943,-1.0829462541593,21
0.416764814968998,-0.264162128988198,-0.431762975102958,-0.446609133709507,21
-1.12199479318743,-1.01498595129037,-1.03393981404479,-1.06932213450957,21
-0.988844037026418,-0.936499664990295,-0.880282902408395,-0.909659546140492,21
-1.01200069027181,-0.567210825080543,-0.671895202734878,-0.691868390513392,21
-1.07568148669665,-0.552770866682616,-0.561435859491922,-0.57521224274755,21
-0.123943038310953,1.56651427678979,0.616072488110699,0.948618947437798,21
0.421396145618076,0.41750055048816,0.474125698401204,0.461205578684302,21
2.07825468532602,1.94424060266774,2.11406760828062,2.11996689429166,21
0.392450329061335,0.446699577840652,0.479773517400608,0.467126980178231,21
-0.524553139456268,1.25588505789987,1.42977170892715,1.42768917162558,21
-0.499080820886336,-0.859265064142118,-0.885996845663459,-0.90730573592437,21
-0.475924167640941,-0.905741320942215,-0.914035676452473,-0.852316666628635,21
0.401712990359493,-0.47997401998841,-0.423066245830602,-0.449309726238321,21
-0.758435337234747,-1.32610656831086,-1.23177701619495,-1.09886606466386,22
-0.524553139456268,-0.866487582864987,-0.886077667391472,-0.914075681415086,22
-0.763066667883828,-0.692710591255364,-0.662740071595486,-0.692680336838888,22
-0.487502494263637,-0.559135847546062,-0.551127232872264,-0.580521846300052,22
1.84437248754754,1.1221202906847,0.602392662315452,0.945405322858326,22
0.441079300876662,0.418626623187774,0.475691076814503,0.46285674323142,22
2.07246552201467,1.95102075411537,2.11023799875546,2.120571636938,22
0.40750215367084,0.422643772093017,0.490059530900307,0.467851480479467,22
1.38123942263966,1.26684659893463,1.4299635051837,1.42859478474971,22
-1.0698923233853,-0.975886855187166,-0.906121334247878,-0.894639233068924,22
-0.842957121580436,-1.6827679377533,-1.11191495793404,-1.07268903444175,22
-0.421506032514264,-0.330858946160707,-0.437509444633763,-0.448452266212605,22
-0.937899399886551,-1.59793158878354,-1.03134523194699,-1.04784170472714,22
-0.137837030258189,-0.577298336903802,-0.892286474109301,-0.887821778674764,22
-0.874218603461718,0.231139284389076,-0.655671637060334,-0.68931935872386,22
-0.98073920839053,-0.695775972182374,-0.563536184781389,-0.579782179830938,22
1.3337682834866,-1.82492372752117,0.0217812940546915,0.603243669479008,22
-0.656546062955014,0.5881623788591,0.473958643620173,0.461601759087565,22
2.07362335467694,1.55429998082904,2.11358465823155,2.11725319322133,22
0.435290137565312,0.417256169714187,0.474045518053672,0.463633003667477,22
1.35460927140746,1.36268372924478,1.43229504625401,1.42812688568492,22
-0.612548421788764,-0.972199375966591,-0.884567843106441,-0.905882042736497,22
-0.974950045079182,-1.85164319680633,-0.938768232643483,-0.645373783925891,22
0.0798355102485155,0.106530125028005,-0.430964844464258,-0.443455194079414,22
-1.12199479318743,-1.01166274943018,-1.03117346323273,-1.06043142275929,23
-0.753804006585669,-0.851855790711727,-0.881668046555762,-0.911156489648036,23
-0.516448310820382,-0.687486350968451,-0.675391039977224,-0.696013020288256,23
-0.614864087113305,-0.595477068983161,-0.561522747875798,-0.585034562137109,23
-0.55349895601301,1.07067623583042,1.4090775934423,1.0711442718677,23
-0.692438875485374,0.655982525675422,0.468129152757844,0.460256291318199,23
2.07825468532602,1.93736183721228,2.11520701337995,2.11963128326885,23
0.400555157697221,0.465537159470873,0.473806712642871,0.466504936846095,23
1.44028888841542,1.15857659246025,1.43240051449874,1.42552939744001,23
-0.551183290688473,-0.927807039815882,-0.879383434732047,-0.907681171455722,23
-0.529184470105346,-1.01707310810614,-0.915675491883417,-0.964329162368034,23
-0.55581462133755,-0.345793284013676,-0.424393931975476,-0.447735353849273,23
-1.05715616410033,-1.02354415078245,-1.03076296184393,-1.06505211211905,23
-0.978423543065991,-0.870420979721513,-0.878508885719458,-0.904507340454509,23
-0.772329329181984,-0.663907993465916,-0.670319566498357,-0.69422332254182,23
0.441079300876662,-0.564702826025686,-0.563162185744809,-0.585525971265938,23
1.36271410004334,1.35991937705683,1.0074101585156,0.965712824942389,23
0.40402865568403,0.420164069508956,0.472260125481097,0.458828796595737,23
2.06783419136559,1.94473496888526,2.11599146948002,2.12212409082041,23
0.413291316982189,0.427463754458849,0.474179701974022,0.463587542553313,23
1.36618759803015,1.27960176630528,1.43437402327022,1.42994683972872,23
-1.06178749474941,-0.910050093302906,-0.878412587641872,-0.885909979055711,23
-1.12199479318743,-1.10296092910108,-0.910536884156798,-0.842048118438698,23
-0.98073920839053,-0.424950764436958,-0.42727809928528,-0.450632831393575,23
-0.510659147509032,-1.00684350583039,-1.03112639881637,-1.06099663639469,24
-1.12199479318743,-0.868027425349218,-0.88148984067735,-0.910310918389951,24
-0.509501314846763,-0.662108949130067,-0.668066063691823,-0.694966816910789,24
-0.805906476387806,-0.566561035193271,-0.566760171133103,-0.586568582161219,24
-0.0556309112370395,1.20413873382504,0.300971660983514,0.729955325016034,24
-0.760751002559287,0.425062594638753,0.473720207269225,0.459870854221328,24
-0.881165599435336,1.94535770695956,2.11163461907279,2.1188116024848,24
0.657594008721095,0.42253789831857,0.468876723126918,0.46219071666116,24
0.656436176058826,1.24208240972642,1.43431625354349,1.42369125327298,24
-0.627600246398273,-0.875513541576831,-0.883539671735724,-0.904346457249312,24
-0.781591990480142,-1.21714421192509,-1.19908096779873,-1.12401827229593,24
-0.262882957783317,-0.427538226068509,-0.427472639388133,-0.450675057113839,24
-0.187623834735785,-1.57027801962735,-1.02760898522563,-1.04426286293411,24
-0.636862907696428,-0.913064563526573,-0.881723123263404,-0.883002986029449,24
-0.179519006099899,-0.182035828886657,-0.672707158425966,-0.693566126472021,24
0.613596367554849,-0.663713474582578,-0.564386152132715,-0.583138628522835,24
1.76679769917547,0.706823338017126,0.891290101901172,0.830626364377791,24
0.157410298620584,0.827319334250695,0.476044436302107,0.458232735284551,24
2.07825468532602,1.63991967439154,2.11358465823152,2.11743239603876,24
0.578861387686758,0.498360871991094,0.472520822844309,0.463525130222994,24
1.71932656002241,1.28776323729794,1.43236458148843,1.4286211120263,24
-0.458556677706895,-1.02755661515451,-0.883719261215743,-0.903255586929414,24
-1.06178749474941,-1.67330510655544,-0.763741034040146,-0.63408178905823,24
-0.303407100962754,-0.197074489380854,-0.428861170787961,-0.449362154800279,24
0.44571063152574,0.463833880253122,0.528969839361532,0.50330043597363,25
0.431816639578503,-0.507830997821243,-0.485147277181414,-0.50981842653396,25
0.656436176058826,0.632539771076215,0.700644147334916,0.695316621108688,25
-0.996948865662306,-0.948325817016886,-1.00157845066368,-1.0263786059964,25
-1.03747300884175,-0.995182355715024,-0.968201216078635,-0.988442167112921,25
-0.5118169801713,-0.560807509387718,-0.902322409930184,-0.507745176040129,25
-1.07683931935892,-0.948960943131052,-0.982337940046069,-1.01140115126066,25
-0.544236294714854,-0.545651438835242,-0.480766085445819,-0.502481989586052,25
-0.782749823142411,-0.376888762630202,-0.394470659448624,-0.411639524339499,25
0.656436176058826,0.644152800073437,0.710237447772325,0.699691555762181,25
2.39318516946338,2.23658965935886,2.45008617999787,2.46140434411456,25
0.393608161723603,1.27427556028691,1.03053772594892,1.1995438326109,25
0.656436176058826,0.475168149366677,0.502965529366553,0.496610089932655,25
-0.669282222239982,-0.511228360614077,-0.490271324290995,-0.506852915531683,25
-0.512974812833572,0.623295643600262,0.710908331886217,0.697125636597822,25
-1.12199479318743,-0.928212808733913,-0.993237621336886,-1.01658490351824,25
-1.06062966208714,-0.974840559120612,-0.967117981100927,-0.993779650291841,25
0.0844668408975931,-0.0565281256168596,-0.512116693439116,-0.292679160478965,25
-0.979581375728261,-0.910738498480541,-0.984681473240509,-1.01347304826578,25
-0.515290478158109,-0.605058794129569,-0.49234980694263,-0.509836479731421,25
-0.509501314846763,-0.223874055041156,-0.389776885736626,-0.404953004075616,25
0.655278343396558,0.661893822117368,0.711969069725371,0.702188226109862,25
2.40476349608607,2.20745037708021,2.4543423707126,2.46023624320532,25
-0.500238653548605,0.991178801456063,0.503813115463872,0.637230142597689,25
0.436447970227584,0.44620297320022,0.508608385114976,0.4971860892869,26
-0.531500135429886,-0.466954029327028,-0.489966709347934,-0.498339162484736,26
0.656436176058826,0.625746750858294,0.70608494315467,0.696273088407437,26
-0.968003049105563,-0.998716864840438,-0.990685216495036,-1.02182333690476,26
-0.834852292944548,-0.972927169193302,-0.960488399808604,-0.984950216950822,26
-0.510659147509032,-0.251247693518096,-0.887642635911005,-0.280987969237408,26
-0.971476547092373,-1.00848974228549,-0.985636679442569,-1.00999292273629,26
-0.556972453999819,-0.520439280365851,-0.490629112347592,-0.508270937009052,26
-0.640336405683237,-0.346683675801391,-0.389620617009036,-0.410338059585828,26
0.657594008721095,0.648963280713205,0.711788097029866,0.703026431075869,26
2.38971167147657,2.22564137784962,2.45384428413691,2.45952631012954,26
-0.236252806551113,1.48880104367572,0.737697701823848,0.774259584822307,26
0.658751841383367,0.434583136368431,0.51341151865968,0.498201363848588,26
-0.503712151535414,-0.365045159345263,-0.494634089541558,-0.502419978520931,26
0.40981781899538,0.564729615997369,0.705878381054172,0.695736748495928,26
-0.497922988224064,-0.341050543052071,-1.01351218145823,-0.917146797010638,26
-0.995791033000036,-0.925266721797298,-0.963901643063653,-0.993281674278365,26
0.397081659710412,-0.193237282444222,-0.145936220530924,-0.129674486684968,26
-1.12199479318743,-0.992883924376261,-0.985600466281789,-1.01988363085856,26
-0.986528371701879,-0.501260861954431,-0.490504472767159,-0.51034153576312,26
-1.06873449072303,-0.389030741263784,-0.38991038201313,-0.407811696589912,26
-1.12199479318743,0.781096129105286,0.718945742164192,0.704402460469481,26
2.38971167147657,2.24262451087444,2.45121634802959,2.46010785064392,26
-0.568550780622518,0.503760059087771,-0.0013832112601613,0.386491426274923,26
0.656436176058826,0.476839521738197,0.516020318078562,0.50098301815227,27
-0.614864087113305,-0.530803818606968,-0.484810492367594,-0.508061085029435,27
0.794218262868922,0.620122982376579,0.704936177665312,0.696115451221047,27
-0.737594349313892,-0.938922713432775,-0.998648231661352,-1.02436393256396,27
-0.521079641469459,-0.97955428376504,-0.971037861170778,-0.996944005665623,27
-0.973792212416912,-0.540183863211447,-0.309884521420258,-0.460130550506378,27
-1.0849441479948,-0.964452664430301,-0.988453662163996,-1.01956421923941,27
-0.63223157704735,-0.509566176721912,-0.490348673091988,-0.508696377530562,27
-0.75033050859886,-0.376574571831135,-0.392841717160329,-0.410084217929214,27
0.655278343396558,0.639095568618132,0.71486867715001,0.701222944427623,27
2.40823699407288,2.2390742128367,2.45177201017842,2.4608947609878,27
0.0867825062221337,0.613008777313819,-0.177558678719733,0.300633307902429,27
0.658751841383367,0.470076742193836,0.50353413753832,0.497208102727086,27
-0.539604964065773,-0.535875170615521,-0.490033244642909,-0.50269796512681,27
0.395923827048144,0.619871526804549,0.712289721421451,0.696431846036619,27
-0.181834671424436,-0.948852346141901,-0.998714943257649,-1.02623113421315,27
-1.05368266611352,-0.974876762506266,-0.965157644349048,-0.995277279494293,27
-0.767697998532905,-0.327571477802067,-0.797372202224346,-0.368992742122434,27
-0.996948865662306,-0.926254488061985,-0.991396770602612,-1.01354836045423,27
-0.774644994506524,-0.536645882974413,-0.491126227454025,-0.507502790279032,27
-0.552341123350741,-0.37174501042813,-0.38572722742951,-0.412776923035524,27
0.554546901779094,0.640457700297768,0.705847089253396,0.699811554672921,27
2.41171049205969,2.23627322719364,2.45233477084621,2.46097049985224,27
1.17746087408019,1.22646154798211,0.492343306348109,0.566516854468405,27
0.406344321008571,0.372142883303225,0.499039254800181,0.490928118803882,28
-0.343931244142195,-0.469267689953793,-0.480968776825683,-0.49965843159536,28
-0.374034893361208,0.645026933699405,0.705417707436688,0.694813123524164,28
-0.977265710403721,-0.987463403985701,-0.99801678926626,-1.02578509871946,28
-0.985370539039609,-0.930567942444582,-0.966263711694922,-0.992048517258066,28
-0.532657968092155,-0.529281237585215,-0.0624337489119824,-0.409859465234495,28
-1.0965224746175,-0.981077031015737,-0.992351710176686,-1.01743161408022,28
0.316033373351534,-0.519004969282825,-0.489623805701198,-0.508273680839229,28
-0.490975992250446,-0.305670045457337,-0.382622514320567,-0.407721847665201,28
-0.488660326925909,0.651181637131582,0.703759653599455,0.700100347614259,28
2.3885538388143,2.2373113398613,2.45589392648802,2.46209398152103,28
0.553389069116822,1.06544836946695,2.02584353929805,1.11380912065288,28
0.656436176058826,0.445030051919091,0.511447205640428,0.497847389533026,28
-0.357825236089431,-0.496320982094696,-0.492750725879576,-0.509492190998175,28
0.302139381404298,0.616311723822583,0.704895964311425,0.695759922407562,28
-1.0849441479948,-0.958974183183883,-0.990780331938045,-1.02137017182805,28
-1.08610198065707,-0.971930947760913,-0.973375673271212,-0.994086178037878,28
-0.569708613284787,-0.388318254173787,-0.144492182566762,-0.175146183201626,28
-0.940215065211091,-0.963090380548615,-0.985813828671865,-1.01865030661102,28
0.402870823021762,-0.514136538081016,-0.490592372508411,-0.51035528043043,28
0.0786776775862469,-0.370192273212088,-0.386890663938841,-0.40935461128499,28
-0.414559036540646,0.638941624097084,0.713184944139727,0.702703809087505,28
-0.749172675936591,2.24742206094175,2.4526704848529,2.46083089209053,28
1.00031247675293,0.934288633011819,0.248446609537263,0.478248627392588,28
-0.636862907696428,0.455341175720517,0.508306584960465,0.496910379486302,29
-0.606759258477418,-0.540012776129547,-0.487030065198386,-0.506217889888905,29
-0.971476547092373,0.668647598862153,0.706761526218284,0.697474267638232,29
-0.897375256707112,-0.952204286320509,-0.997722028035254,-1.02603557443693,29
-0.613706254451036,-0.9571058276741,-0.962279623122011,-0.993811989672915,29
-0.55349895601301,-0.54502662014002,0.245301728827518,-0.188516112071926,29
2.39086950413884,-0.937584718041404,-0.98722356812523,-1.016117007962,29
-0.471292836991863,-0.542085770964241,-0.489754599799131,-0.503870861721816,29
0.454973292823898,-0.403972122128011,-0.389009691059276,-0.410032686078179,29
-0.968003049105563,0.650767965814378,0.708610385317825,0.700625230025212,29
2.3885538388143,2.21858115590466,2.45363229661479,2.4610633749455,29
-0.607917091139687,1.18407496339169,0.462193359128027,0.546506614429835,29
-0.631073744385082,0.448824209158855,0.510464339262023,0.493547820159974,29
-0.409927705891568,-0.500759335278852,-0.488125319501176,-0.50909961961663,29
0.394765994385875,0.632477174248639,0.704993608375965,0.697882446525386,29
-1.12199479318743,-0.963855947033928,-1.0003979279943,-1.02625091864874,29
-1.00042236364912,-0.94741834775877,-0.965156238605487,-0.994292736219972,29
-0.631073744385082,-0.572806043501716,-0.439305024755283,-0.422132886231752,29
-0.362456566738509,-0.960611443600031,-0.99086180315875,-1.01914216016563,29
-0.547709792701663,-0.506925890028721,-0.490172945545284,-0.510889229014539,29
1.3719767613415,-0.378503518111968,-0.386473741189579,-0.409361356840308,29
0.656436176058826,0.644723059753934,0.718163716884221,0.704758457710832,29
2.09214867727325,2.24536642442514,2.45238915391877,2.46057341843738,29
0.306770712053376,1.31218879441384,0.291237999478512,0.652391412911947,29
0.451499794837089,0.43815744366848,0.5030028327766,0.496322135293368,30
-0.771171496519715,-0.351218522299067,-0.48359179608487,-0.505480291985828,30
0.656436176058826,0.524966446513425,0.702763865139793,0.693512936959636,30
-0.985370539039609,-1.00292006031975,-0.998947104045202,-1.02569933969336,30
-0.613706254451036,-0.935248772494447,-0.967309364144996,-0.995359236361971,30
-0.763066667883828,-0.180294551727912,-0.719462948104464,-0.159941530710305,30
-1.09189114396842,-0.978157156247383,-0.984666761298221,-1.02131604866008,30
-0.165625014152662,-0.503759786101471,-0.490782259529927,-0.508205516940019,30
-0.528026637443077,-0.356962549806085,-0.392263951857515,-0.408325842385973,30
0.41560698230673,0.628051310934013,0.704037275937214,0.698914789271561,30
2.39318516946338,2.26207412567694,2.44745072871312,2.46039750912036,30
-0.157520185516772,0.942798784964058,-0.0952429682254762,0.246577153347735,30
2.06899202402786,0.458098668500248,0.504892603677489,0.495761105071134,30
-0.514132645495841,-0.643119101052172,-0.486989035211194,-0.504389693372496,30
-0.277934782392822,0.703982785417743,0.707979585570482,0.698367735488221,30
0.498970933990148,-0.89905297120787,-0.997338216725096,-1.02240074105049,30
-0.5118169801713,-0.989724784295345,-0.965749876465248,-0.998492506021308,30
0.314875540689266,-0.692113598527328,-0.462205867256959,-0.720423979448371,30
1.35113577342065,-0.945367499893459,-0.990509627011864,-1.01300152677752,30
-0.965687383781024,-0.53040020123401,-0.486867196063653,-0.508557438832205,30
-1.04789350280217,-0.356501505733959,-0.389887979316376,-0.412070111789543,30
0.428343141591694,0.663715746397934,0.704779151968376,0.699881709327352,30
2.41171049205969,2.17828407267226,2.45186292270966,2.45856248491515,30
-0.182992504086708,1.36985867974851,0.585705748913119,0.611646135406788,30
0.554546901779094,0.456054455145347,0.510927070547392,0.497679226888055,31
0.0937295021957519,-0.505118677779466,-0.489790204509721,-0.51051249509246,31
0.0022607218764467,0.625080575648123,0.707104706585555,0.697146540276965,31
0.14467413933562,-0.960616080861275,-0.997327234275576,-1.02812867133215,31
0.0022607218764467,-0.95405697584077,-0.965361215958575,-0.993564376791426,31
-0.504869984197682,-0.379574226831593,-0.353110021150988,-0.198871224952824,31
-1.12199479318743,-0.937700161111816,-0.989786324307445,-1.01819378571469,31
-0.576655609258405,-0.516993617884055,-0.487737726952865,-0.508673049608457,31
-0.467819339005054,-0.298050343646664,-0.383277940722664,-0.399286437085668,31
-0.0614200745483892,0.646453496591166,0.709035539727819,0.700533622348215,31
2.36308152024436,2.23186639559813,2.45195648521577,2.45799185176431,31
0.654120510734286,0.988218696692992,0.32414241862333,0.741437859351945,31
0.40750215367084,0.446141266553044,0.498819242721591,0.496472772275908,31
0.413291316982189,-0.493249419139477,-0.48838858818202,-0.510318751099522,31
0.656436176058826,0.63399594496321,0.705408031728139,0.693372472272128,31
-1.09420680929296,-0.975475423754959,-0.997661447453736,-1.02668832307784,31
-1.05599833143806,-0.880690457159429,-0.962365251945891,-0.99950864398191,31
-0.631073744385082,0.0842538228360717,-0.852940452877787,-0.492250421953407,31
-1.12199479318743,-0.904985111432744,-0.991066815587548,-1.01535791208406,31
-0.521079641469459,-0.440907014642584,-0.491779139966593,-0.508288583583101,31
-0.525710972118537,-0.490766215389289,-0.392226608064503,-0.411908743561139,31
0.656436176058826,0.616502077550685,0.702886154323829,0.702016339483614,31
2.39434300212565,2.24638688590793,2.44914652082229,2.45974009665303,31
0.398239492372684,1.62328309153271,-1.05796331528232,0.826650821482111,31
2.40592132874835,0.453552604708109,0.507317275076174,0.497554909525526,32
0.438763635552122,-0.508754647438899,-0.488724700841027,-0.508293035043795,32
1.53407333405926,0.623903699048634,0.709448758511605,0.696790114938067,32
-0.341615578817654,-0.924585048750175,-0.994322660998579,-1.01881652628709,32
-0.489818159588177,-0.955470478817641,-0.96422321176873,-0.993320520897719,32
0.0902560042089428,-0.411926023987504,0.203569491905357,-0.386200819997872,32
-1.12199479318743,-0.970829683677948,-0.982004456943564,-1.01844288995775,32
-1.04557783747763,-0.510458325517475,-0.48631860590306,-0.506290564578142,32
1.37892375731512,-0.363156332875707,-0.390822542962244,-0.410944148874546,32
0.454973292823898,0.647051272771859,0.706246949250477,0.700004267263322,32
2.0828860159751,2.2347311151809,2.45176901996018,2.45977231997779,32
0.348452687895085,1.27269740309602,1.41525995989779,0.855647605523509,32
-0.501396486210873,0.490555979626939,0.507206397785538,0.501481676740182,32
-0.71212203074396,-0.521537751218924,-0.488804537728524,-0.507705878051807,32
0.350768353219625,0.619394608253187,0.706581457716078,0.694048313158329,32
-0.468977171667323,-0.95422989055592,-0.998532586536375,-1.02627280357596,32
-0.761908835221556,-0.954274187335093,-0.965870952833028,-0.994429018491309,32
-0.260567292458777,-0.498189696048558,-0.540200482486308,-0.456989063388047,32
2.09446434259779,-0.958915283144519,-0.990555862647081,-1.02021146696548,32
-0.493291657574986,-0.532573812048412,-0.48823726876182,-0.508055719730883,32
-1.12199479318743,-0.373674093886675,-0.388186492131186,-0.41017045660761,32
-0.533815800754427,0.670198778130878,0.707110338694386,0.699350084454399,32
2.07362335467694,2.17563773613042,2.44260353741794,2.44134414279229,32
-0.654230397630474,0.917264631967209,1.95679669139411,1.00880237197881,32
0.399397325034953,0.43820323024588,0.505865463721813,0.496393055654284,33
-0.656546062955014,-0.472454312881179,-0.490321579047368,-0.50337979366709,33
-0.551183290688473,0.602092913115688,0.70288278749021,0.69442704793179,33
-0.757277504572478,-0.978547317017808,-0.997187113581122,-1.02744920510913,33
0.655278343396558,-0.940701261881286,-0.965881835517608,-0.99534451333883,33
-0.516448310820382,-0.343363617166596,-0.42653599715995,-0.192431866361266,33
2.39781650011246,-0.966900462430919,-0.990721034013081,-1.01874613917123,33
-0.437715689786041,-0.510588061376657,-0.489754418620443,-0.510042990305952,33
1.36155626738107,-0.375775844064176,-0.389315096162636,-0.410145031472048,33
0.40750215367084,0.643682987549033,0.709540803985826,0.702190691882445,33
2.09099084461099,2.22894210429901,2.44161155361542,2.44163072269974,33
0.657594008721095,0.965828433939248,0.836792422690566,0.873926954356462,33
0.437605802889853,0.44408573873104,0.509045419073933,0.498066362855403,33
-1.05715616410033,-0.527599524539317,-0.484054008200246,-0.494053118754685,33
0.665698837356985,0.630354888962285,0.706894464236512,0.696488459937873,33
-1.06641882539849,-0.971446621000257,-0.998212353364499,-1.02760028968684,33
-1.0583139967626,-0.938569403583113,-0.963384490596844,-0.991473489151148,33
-0.846430619567245,-0.289645992399837,-0.156427163453633,-0.218433687814261,33
-1.09420680929296,-0.955933092232401,-0.990726076970441,-1.01707248615892,33
-0.913584913978888,-0.510134237230968,-0.487792473737194,-0.507151976529436,33
-0.833694460282278,-0.403158688681482,-0.388264537976287,-0.410512393414251,33
-0.7526461739234,0.636255242361091,0.708815142576466,0.700473853253662,33
2.40476349608607,2.24157830725703,2.45294192188121,2.4590639324407,33
-0.817484803010503,1.26260024918646,0.367989961162644,0.690584271061717,33
-0.757663448793233,0.444824197190839,0.50776962598788,0.49572165586764,34
-0.896603368265599,-0.420423579234265,-0.48967644662459,-0.499057956477179,34
-0.442732964655877,0.602829606322427,0.707821628062208,0.696616556350902,34
-0.651142843864423,-0.993900128388113,-0.995219747363115,-1.00965568288631,34
-1.04789350280217,-0.944450218072905,-0.963653349489591,-0.993004380875237,34
-0.526096916339295,0.128051856146413,-0.681201525304581,-0.303529769533565,34
-0.964529551118754,-1.04035243632009,-0.985583516200999,-1.0129285711987,34
0.648717291643695,-0.621518479696837,-0.455598776819989,-0.480881838904767,34
-0.77618877138955,-0.337068963072872,-0.39076343901919,-0.411313413904322,34
-0.419576311410482,0.639964936025253,0.699938288640968,0.696841880887781,34
2.38392250816522,2.22675426460284,2.45377175373237,2.45961691968589,34
-0.419576311410482,1.67836927042377,1.47681607739245,1.16718508759877,34
-0.539990908286532,0.457093498805086,0.514378548487632,0.50144876895164,34
1.45148127081736,-0.506096081097361,-0.493338767903087,-0.509507534996815,34
0.0852387293391066,0.589731469065505,0.703375796997453,0.692452046444231,34
1.3542233271867,-0.957654004426168,-0.997681741442423,-1.02666776739431,34
-0.567778892181005,-0.96441547751389,-0.965335974316915,-0.994345809048072,34
1.65062848872774,-0.388464755869281,-0.185497538583331,-0.340152592583256,34
-0.0737702896125985,-0.957708098383295,-0.98837908823474,-1.01750642592182,34
-0.683562158407973,-0.51798158022831,-0.488881964454643,-0.509874133669676,34
1.5950525209388,-0.32047682112917,-0.389371201631099,-0.407037192679201,34
-0.404138542580218,0.638430534889374,0.712012895836641,0.70148029711533,34
1.18749542381986,2.24310139459201,2.45049073965518,2.45831224903962,34
1.30791002069591,0.760526921842882,0.186555186126799,0.415425891229877,34
0.656436176058826,0.455157292879696,0.512293702283355,0.500038569511093,35
-0.259023515575749,-0.49376613281529,-0.48862348275643,-0.505404001246182,35
0.0265752077841104,0.606856359059806,0.706278028595926,0.694493021815808,35
-0.882709376318362,-0.952197103231581,-0.998114448456207,-1.02382095410363,35
-1.0494372796852,-0.961083279174031,-0.966703737265028,-0.994447514199849,35
-0.518378031924164,-0.540984248070051,-0.885145599865936,-0.550350106855263,35
-1.07259393293059,-0.969961092189131,-0.989538472492634,-1.01753904723603,35
-0.62335485996995,-0.519927169129468,-0.488287677718529,-0.508862818157078,35
-0.615635975554818,-0.361923722805252,-0.39119270186844,-0.410148341249298,35
0.656436176058826,0.640604806564498,0.708519850335168,0.700110429423377,35
2.38701006193127,2.2426553304355,2.45235872914248,2.45983359603026,35
0.432588528020017,1.35673453703012,0.449946064287934,0.819965809424372,35
-1.12199479318743,0.459139020903111,0.506927942721338,0.497796685297728,35
-0.700543704121264,-0.519486408166004,-0.489485507581844,-0.510330963094609,35
0.656436176058826,0.620574893268146,0.705791659040884,0.697310843921395,35
-0.522237474131728,-0.955552138838309,-0.9938654433369,-1.02460905599724,35
0.379714169776367,-0.956187973718498,-0.966156830360779,-0.992596061974106,35
-0.317301092909991,-0.58609015524679,-0.897302030688608,-0.640697654351066,35
-1.12199479318743,-0.96737623673152,-0.96831006529506,-1.02123799504721,35
-1.01547418825862,-0.525980161348968,-0.493292187586146,-0.505714653831376,35
-0.0336320906539164,-0.385919146008611,-0.38922812468549,-0.410657877956311,35
0.394765994385875,0.652211910428739,0.707278432724021,0.700546780095697,35
2.39202733680111,2.24358330914,2.45419954653494,2.46209260056671,35
0.031206538433188,1.14237588165122,1.42302996009154,0.811824221452298,35
0.443394966201203,0.354899409048943,0.501448397640243,0.490472845266088,36
-0.544236294714854,-0.467434368274449,-0.486542246527002,-0.50558229213963,36
0.656436176058826,0.63728778977089,0.704824472347741,0.69538627131248,36
-1.09999597260431,-0.999522639118095,-0.999197735878362,-1.01774600451135,36
-1.05136700078898,-0.917230892350114,-0.959178163043814,-0.989221904175629,36
-0.523395306794,-0.43323821397831,0.0824881229632684,-0.564157197118373,36
-1.08262848267026,-1.02491248562861,-0.970108670641508,-1.00104906780217,36
-0.566235115297978,-0.530267263832586,-0.470064259361322,-0.50107501280441,36
-0.496765155561795,-0.30157962656017,-0.398710954392347,-0.415774885602914,36
0.661067506707904,0.640351102564602,0.700187429572984,0.698358921370646,36
2.38160684284068,2.25448023953299,2.4469023242774,2.46132687293677,36
-0.529184470105346,1.07537054143788,-0.87433851884337,0.289711345704519,36
0.439921468214394,0.484305389206671,0.502940421299539,0.495529063820736,36
-0.973792212416912,-0.289610666041752,-0.482544051895753,-0.497337717739717,36
0.287087556794793,0.286838283329131,0.705772927454955,0.692221447367871,36
-0.988844037026418,-1.01639918430472,-0.998335742313913,-1.02634283489179,36
-1.06873449072303,-0.884381129251185,-0.967273978266804,-0.998423531109527,36
-0.700543704121264,-1.01563575062278,-0.291279350502108,-0.449225902713965,36
-1.08378631533253,-0.437053705521772,-0.991840237354906,-1.01091148819237,36
0.302139381404298,-0.427757415463844,-0.495120941985396,-0.504848432545947,36
0.291718887443871,-0.807817571187355,-0.38186712979097,-0.410620651645889,36
0.652962678072017,0.619518250915267,0.708231136943132,0.699098239876663,36
2.40707916141061,2.24706462070162,2.45367568388423,2.46122651525594,36
-0.952951224496058,0.435801135625182,1.86524996353021,0.761052109322999,36
-0.651914732305937,0.45350029502415,0.501427979094669,0.496128259750994,37
-1.03052601286813,-0.500182410226127,-0.474920778704091,-0.508024936595063,37
0.436447970227584,0.610452509124046,0.697482576715468,0.696961792525433,37
-0.950635559171518,-0.954064133709158,-0.99731913499767,-1.02774740223007,37
-0.617179752437846,-0.95484183271913,-0.966308772263626,-0.994784076656695,37
-0.434242191799232,-0.289159079032685,-0.373073178416526,-0.479049165258396,37
-0.807064309050075,-0.945350155571126,-0.992018784419907,-1.01480200550098,37
-0.308038431611835,-0.518374332986463,-0.482316110208343,-0.512272734693076,37
-0.610232756464227,-0.365108228332026,-0.394778395319405,-0.410658140977566,37
-0.119311707661872,0.638658692476244,0.706264259170858,0.70167580421806,37
2.39897433277473,2.20218540848986,2.43931685687703,2.4417905372071,37
0.0346800364199971,1.39182054970182,0.571704589732319,0.665624897240314,37
0.544126407818667,0.450243121559331,0.514575009695392,0.501181367436147,37
0.21877542972088,-0.4821743866389,-0.486662517231578,-0.50791190856056,37
0.590439714309453,0.605365742102298,0.704222265829083,0.69428367109993,37
-0.884639097422145,-0.983024660890183,-0.997146949685521,-1.02854207645689,37
-0.501396486210873,-0.934626724486153,-0.966066441860025,-0.993835521014905,37
1.077887265125,-0.289658027873139,-0.0329387187527228,-0.388688487796179,37
-1.08725981331934,-0.987876897904137,-0.987666986383121,-1.01699554446283,37
-0.409927705891568,-0.486458054761713,-0.483747497891048,-0.505218325763739,37
0.311402042702457,-0.395785882371709,-0.391416155104009,-0.412257706785893,37
0.659909674045635,0.631970251116393,0.705774929608241,0.700347419041289,37
2.39434300212565,2.24949382580867,2.45160798505482,2.45910393467377,37
-0.147099691556345,1.35839881449409,1.00984340244406,0.898888026517028,37
0.41560698230673,0.458575112002967,0.501421971114838,0.497265011782169,38
0.184040449852789,-0.515227641210055,-0.487178494870083,-0.507675780265923,38
-0.0834188951315123,0.630935215069673,0.709208595709661,0.697481058067436,38
-0.9818970410528,-0.953285870634628,-0.990056790128645,-1.02809920082189,38
0.380872002438639,-0.958392070978109,-0.967546472797665,-0.993838411448856,38
-0.556972453999819,-0.600300699483346,-0.510962482588268,-0.491309606639813,38
-0.895059591382572,-0.953148093560409,-0.987561755521272,-1.02010248648043,38
-0.455083179720086,-0.518362713760978,-0.489260512858847,-0.511104848295901,38
-0.774644994506524,-0.375253781179301,-0.390731555509883,-0.408210473215671,38
0.662225339370176,0.653558156663308,0.70780179574399,0.700627149674042,38
2.3885538388143,2.21499769919045,2.44853554192693,2.45301146072564,38
-0.582444772569754,0.797098930896666,1.15839293449794,0.551184225067819,38
0.364662345166862,0.453135655703705,0.50946754371708,0.498141559833995,38
-0.0811032298069718,-0.523019392081434,-0.484821458843523,-0.507331963849209,38
0.64833134742294,0.627219109925411,0.706267341498308,0.697358813561964,38
-0.932110236575203,-0.926096846719241,-0.999267334191634,-1.02630966579098,38
-0.941372897873361,-1.00496184619257,-0.96885222246501,-0.987495095396954,38
-0.244357635187,-0.436164417618861,-0.563671805782128,-0.328335732919096,38
-0.966845216443294,-0.962224505457728,-0.976559788522324,-1.01254740790426,38
0.441079300876662,-0.520350758863252,-0.491382131370335,-0.50929343799826,38
-0.6380207403587,-0.328326236261986,-0.391664002563407,-0.409094646484993,38
0.644857849436131,0.639603549741615,0.711397722723963,0.701227452016657,38
2.40128999809926,2.23634226092785,2.45436453606136,2.46059654519409,38
0.437605802889853,1.47357690094082,-0.0698658066828819,0.619214134996935,38
0.459604623472976,0.466126414170684,0.513989493335503,0.50289318559762,39
-0.494449490237255,-0.505827435161769,-0.489123794108347,-0.509768489433027,39
0.654120510734286,0.618671266278332,0.706035186235072,0.695517205007723,39
-1.12199479318743,-0.961796922403638,-0.998320056893856,-1.02684013720837,39
-0.540762796728045,-0.955915432845632,-0.967371510024522,-0.995003416057621,39
-1.01663202092089,-0.207209601787888,-0.605791778909282,-0.145326607887187,39
-1.03052601286813,-0.956848247057702,-0.986673573531829,-1.01740957493345,39
-0.959898220469676,-0.529614904739981,-0.490888988266493,-0.511733718017824,39
-1.04210433949082,-0.317999937758212,-0.38922776813757,-0.405183957397253,39
0.649489180085208,0.645229299179666,0.717468197611665,0.705593206909478,39
2.38508034082749,2.24185263586308,2.4519343248623,2.45885969125192,39
0.575387889699949,1.10583268875491,0.0925532144278009,0.391079104243459,39
2.39897433277473,0.454670195870566,0.508468662572412,0.498265065661757,39
-0.634547242371891,-0.507768741018534,-0.48672917016025,-0.508544667640807,39
0.29519238543068,0.62025435724791,0.707098294386647,0.695609465308747,39
-1.09768030727977,-0.948644311049118,-0.996772824446673,-1.02552051408396,39
-1.04326217215309,-0.950913483814508,-0.96516632444295,-0.994678010623921,39
-0.526868804780809,-0.363136751160091,-0.517199848087538,-0.362006359479737,39
-1.12199479318743,-0.963950815867379,-0.990592704339088,-1.01872623638312,39
-0.137837030258189,-0.509322114622439,-0.487871937215331,-0.509465809203434,39
-0.544236294714854,-0.336972002859503,-0.395983242978222,-0.408457529427141,39
0.40402865568403,0.64472274835699,0.708097202635178,0.700993340798159,39
2.3885538388143,2.24314997782657,2.45454526804547,2.46068531558831,39
-0.697070206134455,1.14902241481132,1.48496280303389,0.748810433482007,39
1.51207451347613,0.451607568397029,0.507014902316092,0.497641920837238,40
-0.625284581073732,-0.509410814231216,-0.490155771565943,-0.509654354773914,40
0.654120510734286,0.622840164443199,0.71139982347105,0.697892600855397,40
-1.12199479318743,-0.951184747859346,-0.997466173055981,-1.0254352744061,40
-1.12199479318743,-0.996227368938089,-0.964212745391854,-0.993000854214078,40
-0.525710972118537,-0.465303784482352,-0.496248167121284,-0.355896556776034,40
-1.09999597260431,-0.944747041743446,-0.98569175983232,-1.0172158652681,40
-0.620653250424655,-0.515219055397684,-0.489528784720813,-0.510121200093331,40
-0.532657968092155,-0.359881547266012,-0.390102805311883,-0.407888089543685,40
1.50281185217798,0.637325167694399,0.707721522060244,0.700528961419324,40
2.41171049205969,2.24447587945323,2.45398332404216,2.46176671287814,40
0.511707093275113,0.948055656170917,-0.344428213670919,0.369759431522734,40
0.665698837356985,0.443061674668172,0.512328563648524,0.500341345735015,40
-0.518763976144919,-0.501451251048359,-0.485440093160792,-0.50916589959096,40
-0.519921808807191,0.62440094784834,0.704487468938686,0.694175378039492,40
-1.01200069027181,-0.939682296025089,-0.993261628365725,-1.02113027045576,40
-1.04557783747763,-0.990305524593314,-0.96900799166858,-0.991233403513562,40
-0.341615578817654,-0.374248104379978,-0.382109120465031,-0.284938380290685,40
-0.882323432097606,-0.94268944321795,-0.985846218194017,-1.02250500547861,40
-0.697070206134455,-0.536344637396306,-0.488093724811552,-0.503068264117508,40
0.414449149644458,-0.384821436841332,-0.387061333625134,-0.407366235820061,40
1.36618759803015,0.637398481136791,0.713187615326854,0.701749955973562,40
2.40939482673515,2.24783068794982,2.4523653653884,2.46009946327024,40
0.394765994385875,0.796162410321112,-0.187398768127041,0.410888486498346,40
-1.12199479318743,0.479964335545364,0.512248969014906,0.502920977901965,41
-0.666966556915441,-0.492286151093101,-0.487554064258165,-0.507524471815079,41
-0.528026637443077,0.609473030308264,0.70300399396358,0.695180471716382,41
-0.512974812833572,-0.973835010432019,-0.997397460954785,-1.02914040687118,41
1.55375648931784,-0.943105506278603,-0.964991310962651,-0.992977900457695,41
0.539495077169585,-0.53563235226885,-0.840758660519204,-0.538251042351866,41
2.08867517928645,-0.961219236655179,-0.990595601814133,-1.01956471815799,41
0.539495077169585,-0.504865140775892,-0.488065489160499,-0.511454227339376,41
1.37892375731512,-0.390223569639266,-0.391982285137097,-0.411964579345107,41
0.397081659710412,0.653809297936042,0.707107008387328,0.702287671207165,41
-0.525710972118537,2.21379824857705,2.44405825563271,2.44795352334698,41
-0.529184470105346,1.08391020075668,0.583995584477578,0.669715882458918,41
2.39086950413884,0.44679557557055,0.514343328329369,0.497936735824373,41
-0.51760614348265,-0.494736139578233,-0.48774205124863,-0.509952591634698,41
0.668014502681522,0.623400999396011,0.704359111946765,0.697186785218326,41
-0.641494238345509,-0.97340351460578,-0.997901218656826,-1.02656191365574,41
-0.907795750667539,-0.940263745026512,-0.968041730714443,-0.991736868820577,41
-0.781591990480142,-0.392347198014621,-0.531566925278687,-0.475775001586626,41
-1.0849441479948,-0.976630784292941,-0.967843468965884,-1.01077731003105,41
-1.00505369429819,-0.550996851466596,-0.460169516922869,-0.494290887102255,41
-0.634547242371891,-0.378618442871501,-0.398464706474487,-0.412624562075932,41
0.83126890806155,0.634984005420508,0.705866472025901,0.699676077159564,41
2.07246552201467,2.23998625649478,2.45208406220704,2.45881605270972,41
-0.636862907696428,0.943356038942889,1.60430648168879,0.95093842664152,41
0.252352576926702,0.447596179240171,0.506836326800942,0.497964320411832,42
-0.568550780622518,-0.484526195603891,-0.484863745683374,-0.505800961782641,42
0.519811921911003,0.615971484776081,0.707344026432335,0.696502327655232,42
-1.07105015604757,-0.981139400157834,-1.00110063293144,-1.02411927931281,42
-0.672755720226791,-0.932383100396655,-0.956184031344154,-0.987772406761707,42
-0.525710972118537,-0.17580418783364,-0.671343687071565,-0.422903925461491,42
-1.07336582137211,-0.986147052785558,-0.981914615152566,-1.01647940793707,42
-0.816326970348233,-0.502281636932367,-0.488807631277726,-0.510256566850551,42
-0.772329329181984,-0.388527639966317,-0.391336516440526,-0.411813673659238,42
-0.633389409709619,0.641277976688737,0.706663876556673,0.70096284697083,42
2.39781650011246,2.24565573439769,2.453755229933,2.46104884034114,42
0.519811921911003,1.4536049092633,0.198390526544676,0.611930279705925,42
0.554546901779094,0.462980976193597,0.507030754091945,0.498339878310148,42
-0.928636738588394,-0.573929440466101,-0.485260253603945,-0.50217222966264,42
0.656436176058826,0.644209785172716,0.706179995769727,0.695821198635758,42
-0.999264530986845,-0.940818041532298,-0.994017433514452,-1.02162147834586,42
-0.970318714430103,-0.971627950344739,-0.966451027008664,-0.992866110117314,42
-0.570866445947055,-0.681242056656533,-0.544938026518603,-0.478646778961004,42
-0.971476547092373,-0.948207850107448,-0.988504678168994,-1.01896416637154,42
-0.334668582844036,-0.530777091343181,-0.487914369130492,-0.510797393527264,42
-0.525710972118537,-0.328656124413711,-0.39376998866989,-0.411404489505457,42
0.656436176058826,0.66589046330092,0.712000473989993,0.705019305120283,42
2.39781650011246,2.20946155713793,2.45315249206298,2.4585349315449,42
0.80116525884254,0.952660470752203,0.358168712324817,0.691633513471752,42
0.44802629685028,0.455866948237394,0.510669630662875,0.503354528596218,43
-0.540762796728045,-0.488797036169242,-0.488763402193826,-0.509112050371788,43
0.656436176058826,0.608135315817374,0.704222182682696,0.69433872928585,43
-1.09768030727977,-0.96794401958902,-0.996529466878089,-1.02694112387106,43
-1.0467356701399,-0.94867489349055,-0.964323763837996,-0.993920822124199,43
0.405186488346303,-0.195199620421595,0.161040558469401,-0.162716894157672,43
-1.07683931935892,-0.966357171969576,-0.990534383394135,-1.01943287269583,43
-0.546551960039391,-0.512879021848416,-0.489706789282962,-0.510090597989521,43
-0.474766334978672,-0.375012669136881,-0.390287157219564,-0.410481784262623,43
0.656436176058826,0.644879109643726,0.710773949568265,0.702655881009326,43
2.4036056634238,2.22370893101554,2.44296217294772,2.44399508860928,43
0.405186488346303,0.696824275625862,-0.0705987374768362,0.305738380949512,43
0.413291316982189,0.454961986343132,0.512043687114927,0.50289578564434,43
-0.515290478158109,-0.507786766750589,-0.491135078680428,-0.512214908111889,43
0.658751841383367,0.632564619294323,0.70158353229716,0.690741838453989,43
-0.620653250424655,-0.950360298929856,-0.993712647461785,-1.02386685584948,43
-0.984212706377339,-0.955915795541888,-0.964073948091044,-0.993279613458668,43
-0.531500135429886,-0.545853779623314,0.0779158945959194,-0.350419777201964,43
-1.08957547864388,-0.963454138066816,-0.989943560556675,-1.02005871818831,43
-0.641494238345509,-0.509390767454585,-0.487816854709316,-0.508240772052291,43
-0.548867625363932,-0.389394139595815,-0.390284381925348,-0.410351188934809,43
0.656436176058826,0.635665235981634,0.707380009300805,0.698847207919125,43
2.38392250816522,2.2293054196114,2.44692766565479,2.45261659187908,43
-0.523395306794,1.31976276016692,0.273152072306384,0.734757863903731,43
-1.12199479318743,0.495581836399777,0.506367766208453,0.505888012529156,44
-0.525710972118537,-0.496388400130933,-0.488343611313742,-0.506512145049838,44
-0.510659147509032,0.606698725337758,0.710562558273602,0.694241116481126,44
-0.978423543065991,-0.956227541289914,-0.998241824981976,-1.02294434884646,44
-0.589391768543373,-0.948486190807534,-0.966002792554014,-0.994796698919283,44
-0.399507211931141,-0.394920177053723,-0.561436872286243,-0.383908104862636,44
2.12341015915454,-0.976095634245848,-0.989222478387701,-1.0188355271787,44
-0.24667330051154,-0.515050073144816,-0.490653364754897,-0.509739908963348,44
0.410975651657649,-0.367999270723144,-0.389557630725412,-0.409761474429857,44
0.394765994385875,0.638326798924289,0.712253880206718,0.701644977549809,44
2.39550083478792,2.24335746485678,2.45322674978122,2.46010751392449,44
1.36618759803015,1.16482087147186,0.117624114722206,0.711937911792802,44
1.49123352555528,0.442358689823763,0.511509504437222,0.499460086043734,44
-0.759593169897019,-0.508852684558619,-0.489229012144694,-0.507681387548168,44
-0.433084359136963,0.633341335184308,0.706133731689228,0.696114553305922,44
-0.871902938137178,-0.971606293968542,-0.995840659554218,-1.02458581205621,44
-1.07105015604757,-1.03304906089355,-0.707663465113741,-0.717856147610104,44
-0.971476547092373,-0.5770783963338,-0.00231612902528717,-0.367208157211265,44
-1.12199479318743,-1.12860417859787,-0.778739772572366,-0.793740890676084,44
-1.00505369429819,-0.496196414102621,-0.486768029710051,-0.507105646082255,44
-0.51760614348265,-0.400027977978467,-0.388913719771154,-0.408058755516045,44
0.658751841383367,0.633048441519961,0.706394888665863,0.699610612873168,44
2.39550083478792,2.24607558313381,2.4541499839462,2.46137364848548,44
1.12072707362898,1.16401866380442,1.72863726360159,0.774503310873245,44
0.536021579182776,0.444720675329246,0.512038162518331,0.498349202037096,45
-0.157520185516772,-0.499603720056731,-0.49116120371663,-0.510662131534504,45
0.552231236454553,0.626955732854561,0.704130825960023,0.696026758001231,45
-0.625284581073732,-0.967275018175558,-0.996265442315258,-1.02786336525669,45
-0.966845216443294,-0.963348212612176,-0.980864345150204,-0.986146221442393,45
-0.530342302767618,-0.502210232599573,-0.839807182720801,-0.297071812183244,45
-1.0201055189077,-0.964976228037249,-0.97261626391997,-1.0224804306335,45
-0.195728663371672,-0.502809600046514,-0.495239611617835,-0.508860893903342,45
-0.416874701865186,-0.390214826518493,-0.389940550317513,-0.408450907030623,45
0.656436176058826,0.631640384905481,0.714286352126938,0.702386592209318,45
2.39086950413884,2.24830852792586,2.44966476435358,2.45926885055766,45
0.0763620122617064,0.582328249691333,-0.409776074769607,0.483338120378992,45
0.666856670019254,0.493136231701999,0.512753661702183,0.50276726648084,45
-0.969160881767833,-0.513622009800496,-0.487325367036969,-0.508898141552935,45
0.666856670019254,0.648011637145414,0.701145912590341,0.689876286883982,45
-0.94253073053563,-0.961864755600542,-0.998360958396685,-1.02409377572954,45
-0.515290478158109,-0.969730345239502,-0.96575913369899,-0.992925665172834,45
-0.468977171667323,-0.455798862023254,-0.582469043938617,-0.496887840521624,45
-1.04442000481536,-0.912813456473458,-0.990447001454252,-1.01516927410511,45
-0.493291657574986,-0.566226878608705,-0.489830611203992,-0.509508984572289,45
-0.551183290688473,-0.373985198254032,-0.387941235383433,-0.410921437570834,45
0.361188847180053,0.685850904891646,0.707869947143949,0.701390900996586,45
2.38739600615203,2.19415205910748,2.45379094921648,2.45884217102937,45
-0.502554318873145,1.36770394594567,0.737686968176571,0.739505492246447,45
0.443394966201203,0.466356738040071,0.505643156295848,0.500478427699645,46
-0.0811032298069718,-0.51928860948666,-0.479197590510919,-0.50949190559377,46
0.656436176058826,0.621783861878165,0.705074058942112,0.696558889823413,46
-0.694754540809914,-0.937929489869152,-0.990092527184407,-1.02350798757194,46
-1.03863084150402,-0.996708133366438,-0.982121415532948,-0.995048149849465,46
-0.487502494263637,-0.24206403916997,-0.506380084856582,-0.23060329606666,46
2.08751734662418,-0.944652545445186,-0.993075270896015,-1.0148765835932,46
-0.500238653548605,-0.519666330565995,-0.490961049393964,-0.510404024227503,46
-0.767697998532905,-0.377712260441065,-0.385536827595577,-0.410477073903675,46
0.656436176058826,0.649579680474426,0.71611130892655,0.703308294347113,46
2.39086950413884,2.2376227336451,2.4518501099059,2.46030985830375,46
1.21335368661055,0.770825120061449,-0.167198170526557,0.32537037807727,46
0.656436176058826,0.487262465826015,0.508568545443483,0.496530220001095,46
-0.180676838762167,-0.565214622214196,-0.48341159914845,-0.506098420697691,46
0.104149996156179,0.536667841070274,0.706991953345994,0.696439706318141,46
-0.801275145738726,-0.959251948063048,-0.998074460591108,-1.02279170284445,46
-1.12199479318743,-0.944240741219666,-0.965277474268175,-0.995319816109791,46
-0.457398845044627,-0.971064113621634,-0.112108949876119,-0.66324696162695,46
-0.648441234319127,-0.00475191890658134,-0.993240114050446,-0.975312909890821,46
0.48970827269199,-0.506794831691013,-0.488568892942544,-0.507245653398453,46
-0.186466002073517,-0.491436080612917,-0.387906549130705,-0.412591039043082,46
0.8370580713729,0.657307841972447,0.706397390546741,0.698841852432059,46
2.40592132874835,2.21166130399388,2.45427459048352,2.46067598591786,46
0.17477778855463,1.04510867013672,0.643465510189279,0.669511263877558,46
-0.465503673680514,0.49287109836679,0.509212837957796,0.499236301132462,47
-0.55581462133755,-0.519133629786715,-0.48879450921075,-0.510167536394821,47
0.644857849436131,0.592754882416665,0.70738154199998,0.693905446951151,47
-0.620653250424655,-0.914382881152121,-0.993780049560654,-1.02323212839876,47
-0.964529551118754,-1.008270753736,-0.968889997713599,-0.993997012175995,47
0.282456226145712,-0.611599671336048,-0.932687020943429,-0.635023964507409,47
-0.456241012382355,-0.89049064347349,-0.974796228558873,-1.01512207556215,47
-0.63570507503416,-0.548639102280364,-0.483135269319336,-0.508059295558577,47
0.260457405562589,-0.319524996198856,-0.392757566913547,-0.410536038492092,47
-0.438873522448309,0.66203068439025,0.706498183200739,0.699254536657423,47
2.400132165437,2.21990857650957,2.45441490379472,2.46135013186803,47
0.269720066860748,1.03613016448771,0.576347956749502,1.1982484198524,47
0.412133484319921,0.452674073665137,0.503426053312777,0.496299165233779,47
-0.552341123350741,-0.505779028601964,-0.489914271977342,-0.509367130863824,47
0.656436176058826,0.625751680141185,0.712774998650063,0.69913276390501,47
-1.03863084150402,-0.952887618678834,-0.992292009601502,-1.02291257260334,47
-1.06178749474941,-0.949874917986508,-0.963026886629767,-0.993290443464122,47
-0.274461284406013,-0.428601922383275,-0.528324985360977,-0.462900181558588,47
-1.08957547864388,-0.969843431880454,-0.986962783778313,-1.015374326775,47
-0.566235115297978,-0.511185821307206,-0.488449251145326,-0.507689563319364,47
-0.47939766562775,-0.382729453461562,-0.39065229388558,-0.410945026086561,47
0.656436176058826,0.638506076739065,0.705619047707619,0.698847872231617,47
2.39550083478792,2.24204225358876,2.45193363254288,2.4613782647564,47
0.40750215367084,1.23889213454582,0.704997826068209,0.783122377287622,47
-0.400665044593409,0.454171949830971,0.507963334640044,0.500305228554393,48
-0.0625779072106577,-0.468256075736754,-0.489369192058126,-0.507494645925692,48
0.644857849436131,0.597380917275162,0.709741430715841,0.694637505331125,48
-0.514132645495841,-0.980350114173504,-0.994711564172536,-1.02407777530634,48
-0.937899399886551,-0.938364165961274,-0.96459067479848,-0.994440334244023,48
0.316033373351534,-0.421717335870077,-0.476521590671194,-0.43872837888964,48
-0.613706254451036,-0.969345098053687,-0.99118175653696,-1.02058089106261,48
-1.00505369429819,-0.503803581533449,-0.489545975358887,-0.510322790225408,48
-0.470135004329591,-0.372725991618545,-0.389311347074259,-0.410148188889477,48
0.446868464188012,0.636404673719064,0.713829895196298,0.703886241329434,48
2.38623817348976,2.2433322619552,2.44718264873178,2.44848237094636,48
-0.360140901413972,1.30298356723653,0.496249957599355,0.969066118211448,48
-0.671597887564519,0.474716141352213,0.504552965265986,0.494698859487415,48
-0.319616758234531,-0.504414815957981,-0.489594679956647,-0.510555540538472,48
1.01073297071335,0.523106195901371,0.711337695780004,0.69826417809131,48
-1.00042236364912,-1.44685155173818,-0.902715390344035,-0.982547475033704,48
-0.699385871458992,-0.946912957526919,-0.949653727937086,-0.992636354487607,48
-0.0695249031842759,-1.30578293935999,-0.779661587251468,-0.751547877683486,48
-1.05947182942487,-0.267218601810978,-0.993240114050446,-0.976460865222181,48
-0.985370539039609,-0.469796971634924,-0.487866654342661,-0.50776516243941,48
-0.01973809870668,-0.493645043926585,-0.395536951193721,-0.415277597210968,48
1.60238546113317,0.633774871552037,0.705893047823552,0.699355988740807,48
2.41055265939742,2.2420879045967,2.45453703119166,2.46164505177041,48
0.868319553254182,0.992548163589287,1.69156072830514,1.14185942369852,48
