,0,1,2,3,4,5,6,7,8,9,10,11,12,13,14,15,16,17,18,19,20,21,22,23,24,25,26,27,28,29,30,31,32,33,34,35,36,37,38,39,40,41,42,43,44,45,46,47,48,49,50,51,52,53,54,55,56,57,58,59,60,61,62,63,64,65,66,67,68,69,70,71,72,73,74,75,76,77,78,79,80,81,82,83,84,85,86,87,88,89,90,91,92,93,94,95,96,97,98,99
101,-14.0261042959477,1.51291512372355,-1.6969876853306243,2.35985889094758,-2.098415007828955,0.18010790325852066,0.0804112114633182,-0.0964078645233043,0.19435679136065986,-0.5032880902874466,-44.4858066222941,-2.873546575101649,1.413248259433499,0.7421188771389665,-0.9485070196017193,-0.35957566194644036,-0.002389419386462893,0.002599685605543134,0.0852337071604421,0.7819541184698638,-0.02266997836708451,-0.927143212249993,0.3609642066998222,0.22288665870798452,-0.014495304423871702,0.1613244676298582,-0.0050178462202321444,-0.0016704487232177406,0.008304497256299004,0.02028046267558259,0.05585561959147095,0.36184070349035236,-0.07213576029534918,-0.0019215287798970415,-0.020469219203792854,0.0014061914504547857,0.23211208401911865,-0.04046974559325378,0.023460742369458436,-0.0018027414821376597,0.021669000155575047,0.005985671110649023,-0.04343914542517213,0.022429535262867284,-0.025632637436190264,0.004940221459365773,-0.03822683396393023,0.08719544122621503,0.01800381971119247,-0.0036312588645915286,0.19193371628725964,0.0005965929801494685,0.000887104441230635,0.01361639575947804,-0.022250442580964425,-0.027445922023462854,-0.06434189529552836,0.16632828660313415,0.01724434231044042,-0.0165840762633922,0.003067969960391423,0.01693265650127196,-0.051460040933343,0.06539404497559298,-0.04880159551281249,-0.029778038067752588,-0.014744248609648403,0.05944396820060449,-0.024563267138697054,-0.0019041162017281888,-0.016650973980280703,0.009814428634582706,0.014366818733866832,-0.016517615855150214,0.008586285337155386,0.13440953232411967,0.10990184786915291,0.005100515753742374,0.09153233099380631,-0.017529493804493423,0.053784005257078604,0.011265429024949203,-0.002179348637378814,0.010910363854475857,0.04388973066830437,-0.0024305514102938852,0.00898496052267983,-0.002383543913944783,0.0019320007875023998,0.03905162625337999,-0.017595577347259916,-0.015534789779562796,0.004458126188638334,0.005491150738847539,0.0821169704803475,0.07127721312905488,0.0030364918337557056,-0.0029246865039050107,0.06244780209105816,-0.006329856764246022
102,-1.88923160081495,-24.171834085841276,0.4123175834644468,-0.0031029704094218125,0.031726838668763246,0.16125647303605095,0.13270702758137276,-0.8826882252499375,0.05064203554721114,-1.4154092918649857,-4.893560641138389,0.0,-43.987740770553145,0.11713186781662932,-0.19737852984642695,0.2774479766793896,-0.07056303464504099,0.07123629873161141,-0.8776300272732986,0.09378779110874613,0.3346040937213157,0.737867854203959,0.00048672295802712484,0.0019154200981752467,-0.1272995932822647,0.024134028524037454,0.20508456978203293,0.00747006164137206,0.18619653920481904,0.0003213650790917233,0.0056888958275629065,0.21291190230232182,0.011110617789406169,0.15105422001856716,0.23805848759442205,0.11793690068871188,0.011741613218217428,-0.03698342842240587,0.01642908955256661,0.0027446404567044724,-0.024989663738067214,0.15762846284021115,-0.028471887444737942,0.33993631720524287,0.006601367962052289,-0.0643498122608237,0.12411021833250957,-9.502994047297375e-05,0.0002876420884432296,0.09879854602362115,0.001543372365481771,0.08155936028728084,-0.006530411801425828,-6.404283830871438e-05,-0.037032012804048886,-0.004330997017701538,0.0008271343733617098,0.012250393017884664,-0.004168131116392054,0.837736678591916,0.08199972497162111,0.06937503728095962,0.009519829430042669,0.007359165913044505,0.006047139661753409,0.0022274571049925307,-0.005135495508566512,-0.01973898884284131,0.005928531168522169,0.06310239607957935,-0.004927583113793876,0.013628004710181885,-0.05921016116140865,0.06644281206448421,0.011084809911339533,0.05480153740350313,0.00031645682879472004,0.04930008162911226,0.04414884695834598,0.00521535855036348,0.00178090070968831,0.05591073186821305,-0.013193245380711982,-0.0024810572130697615,0.004514273910543751,-0.015286365392613854,0.004249468725781538,-0.0020171356482875102,0.0038789607399086906,-0.017495591990218662,-0.0009726596636027152,0.005443618895261237,0.005498901813266066,-0.029981291021401235,0.03630710550621141,-0.05399438199142104,-0.005487822757059557,-0.02477980777118849,-0.03915902725676501,-0.0004639944978104271
103,-50.232899772497504,17.0353902629818,-0.3679860517184854,0.08474984276619535,-0.7456781581334491,0.8469156396160606,-1.3476563100062686,1.1093174041826235,-0.04569208712571926,0.6475370712822591,-90.3707077873196,42.738573573090605,0.8949286267358156,-0.3467970175896611,0.08254829379728679,0.4801211042570218,0.25080968259638564,0.14076943669714614,-0.2823075130544425,0.01950778244715512,0.38193786832762355,0.22077979318487984,0.1459213893212128,-0.011490612606557036,0.1405967963851642,0.03272864173396589,0.01811032343704231,-0.006204037610747781,0.008926984978837968,0.019707888556028202,-0.19918826088845543,-0.060651918050159126,0.08351037736028821,0.1017899295232878,0.01630501817316432,-0.05160461212079759,0.08176779609178086,-0.017708896635417415,-0.040830998443551314,-0.011303679349916385,0.0044601246779290005,0.11758831146699622,0.00509449154796672,0.09444816789014765,0.011550682530428718,0.008886584568844813,-0.007440221246369681,-0.00607247958920626,-0.03285079599977425,-0.004564525759999223,0.07683461330475883,-0.007637302885195152,0.14487917149912377,0.008949731940133016,0.04348055422921493,-0.01724615578963251,-0.002856393349123021,0.11261243842790436,-0.03436396995700042,-0.004400716196595572,-0.030505221328079757,0.008652832876827388,-0.007812112497149304,0.007878433238068125,-0.0032457123690271122,0.08462294585054142,0.0042458192250055815,-0.02032409152424286,0.07369887177786305,0.005860924119245069,-0.014669104115392129,-0.0016869418782166912,0.033066271063076025,-0.0012879497850751542,0.02978840689787199,-0.0012130362338668987,0.08058382854019541,0.07075086621096172,-0.015034911346943458,0.004143334998528078,0.06397185871566946,0.056044980401170674,-0.004432623362473104,0.0022230326291335645,-0.024470021950043996,0.001856012930835732,-0.02000120911606884,0.004913542399837064,-0.0034763457548693984,-0.02001113027525281,0.06364725844716923,-0.03097931460404091,-0.013410624427312445,-0.012871376558106773,-0.006262583964680157,0.01769553517444633,-0.001691941446406539,0.056354410695782065,-0.021991704185859717,-0.023310232438169765
104,-14.0261042959477,4.566271827404655,-1.448644606205416,0.18568776778783946,-0.10251844090018347,-0.8522099478628573,0.33949360799641126,0.36581904605726934,0.34371413161591313,-0.011523568054431665,-50.2328997724974,23.810379393552786,0.6468670460508938,-0.5642947182439065,-0.06931816409495317,0.38016248663607505,0.5540032843921361,0.10990056397303027,0.07817353570935304,-0.03960321865258476,0.21502380529178744,0.017171459091483564,0.001143018524220052,0.1234662163317688,0.005442797101883778,0.003333337737162795,-0.03852702921661866,0.012205007412756097,-0.04647410376133165,-0.06661260302598526,-0.03682544955592848,-1.6445789669419797,0.4666973511568582,-0.09669132315219686,-0.02214012068419624,-0.011473120408887483,0.0006090839892460287,0.556591348926846,-0.07198063832625579,0.06783136934306233,0.005547230854446668,-0.24306384615472998,-0.023652871648372598,0.005169799160573231,0.004345426322707867,0.09194123468825044,-0.025112523923167207,-0.016208624054246723,0.08050699848459653,-0.004807877275506356,0.2691462301002976,0.0007646516295916062,-0.013326977203678259,-0.009058885591085475,0.003502603206048005,0.18892933772997345,0.014340731705242304,0.0007398691119987477,0.011485648564698386,-0.01313498711477279,-0.008767506044918716,0.011028069981158684,-0.011867053139366,0.011652960246019362,-0.019281476960880117,0.003296694574667365,0.002899831954907034,-0.0183247912232245,0.06552527048151946,-0.02028991211842479,0.001399852495289844,0.0051923499731771905,0.010340020307519793,0.14465812265378286,0.007706008261039732,0.11692761750393044,0.09692618077909332,-0.0019125795349633212,0.005010406514017719,-0.014164585943168495,-0.02009850147039094,-0.005729908146902364,-0.005683110343199793,0.06050841305921306,0.0026866994265418234,-0.003943314469297743,0.008390611351638433,0.05147755454832237,-0.00779343238092034,-0.018286140881589752,0.012112034580682302,-0.014199418147079257,-0.001283525480251152,-0.0009548980654844608,0.08344469343477146,-0.01438357213507424,0.007133603270292055,0.004541504917267514,0.07335651421901601,0.06451382643346038
105,-43.594028762536,-13.640571517216053,1.6148119431491792,0.022666126619965626,1.5211250941313286,-0.21077198100647443,0.8759291600363608,0.6440052973190493,0.29461517380959434,0.11611946646287374,-44.4858066222941,-2.873546575101649,0.2630937743684142,1.620627395739635,0.9906746357142129,0.44133300138636433,0.8890210767548384,-1.0036050088719726,0.06030543259583776,0.13491737057588082,0.18252109405732297,-0.015872783516558187,-0.04258738945948537,-0.04086151465506416,-0.6410018974803213,-0.0034978500624243125,0.0022123004507991206,0.21752301034788002,0.1610816053001889,-0.0028054865860580314,-0.16071773902484465,0.07606516162014132,0.06142427327076794,-1.3729342081845801,0.3396441823306888,0.21884815063866303,-0.023229573748968835,0.15917883267930666,-0.03029545542962575,-0.004929040791235101,-0.0848605584124198,0.12431248275444817,0.024666204638087552,0.0901261319087181,0.017548347314104484,-0.05087669571207365,0.0780137928084339,0.015440475591660174,0.06185157495698035,-0.013834354044263586,-0.02793302255992658,-0.06695633618436836,0.17046126273037865,-0.012435954536734517,0.032501109936935196,0.012059250876838956,0.010782054188455459,0.009815199290666876,-0.0009072524252165537,-0.005434906274061069,-0.014952429328026318,-0.003353214530928964,0.013342730769159483,-0.02724592860528796,-0.01127579496425224,0.055714745482137173,0.01176473248533827,0.01143866478538258,0.0032304410908198244,-0.012079960017571278,0.12936841892225726,0.01711341381449427,-0.039019257251524664,-0.011532993047972395,0.012826022805640241,0.01023667234668657,0.10747718981243959,0.09005481642132951,0.07678914521627545,0.004798423032670002,0.01197848696735171,0.0441346646552061,-0.020010659825955956,-0.003089487085686897,-0.006134866796213001,0.041387617761547535,-0.008430477199253841,-0.02010523071526893,-0.005669756024151026,-0.004389686203680465,0.00442234300394484,-0.03886439312490397,0.06629290073691751,-0.012506329698937724,-0.003124993997048714,-0.002226299011601124,-0.0016426520105976006,-0.008668964167056536,0.05962402109852327,-0.0014715414699524032
106,-1.88923160081495,-7.136443822859475,-1.2301601443189147,0.8247771275739458,-0.12120272065009041,0.0725282440278846,0.2583690067657177,0.19062057151058132,0.05404045776272082,0.5213172776077151,-4.893560641138389,-3.0533567036811053,1.4317787269853535,-1.4662332659417858,-1.517965331531114,0.1651008430551904,-1.4493809467406407,-0.03710255324858025,-0.6060111397736695,-0.0370364252582821,0.01733866324622968,0.26481867788086966,0.006379952746369474,-0.0170931857780503,0.18042934357058305,-0.069558179586795,0.13402100603219047,0.25270431444616737,-0.38653722441425753,-0.03161364700070701,0.004094602795985197,0.5643469502503353,0.294616169046362,-0.04178083894483997,-0.033563875980525015,0.20421189629132264,-0.31847673378496166,0.00624896143989262,-0.00730051886765859,-0.014724598784397358,-0.019624165664227422,-0.008578650538179883,-0.053649353016693935,0.013725123133554507,0.009206071103287944,-0.0077334546707896745,-0.013975023875164139,-0.0284723053846494,0.11071085419829907,-0.004327289048089711,0.01370438042164146,0.13205146751053176,0.007607849146736012,-0.00812347264117802,-0.010983080748231289,0.018295809305035382,0.02555125683359316,0.0048418047596544556,-0.03636456619270079,-0.005635431348969044,-0.002527569752398068,-0.0015074751033798406,0.006897014461162476,0.08857423366112704,-0.005230921131217592,-0.0017530262742402047,-0.03337913331219511,-0.0008036981710086155,-0.03505103731914261,0.005876740280893175,0.026039646624329116,0.024959428249717863,-0.00503808314422001,0.023259154827723783,-0.01294437596749376,-0.02017330570113096,0.003612089125274248,-0.020549713151920557,-0.019918125200938386,-0.008907966390148125,0.07691863671977206,-0.03292958629582299,0.004592500830735244,0.005208445103215303,0.004666612657669739,0.06687491123883516,0.003447743483126653,-0.015670131511510754,0.003846712601650759,-0.003924096616839012,0.025123085860697003,0.06837240112607357,0.0029481005786574366,0.01966169781151983,0.0010212079385328865,0.05750628686768122,-0.00456073728130553,0.051677836923982756,-0.004070861116626648,0.04680081303623895
107,-44.4858066222941,-2.873546575101699,1.2716590480564625,-0.8866477548891222,-0.010834551688367056,0.5605926559172802,0.40129308376047623,0.4855223898324432,0.0015861132642165654,0.6091838833194754,-14.0261042959477,6.633296397400972,0.25752050962310735,0.3431157863027601,-2.4403166035119823,0.5147697981841288,0.13882128173092123,-0.03845120169770777,-0.06580874566579809,0.46884450620899765,0.7328200777073878,0.29960133044771553,0.24080724207491344,-0.02813115684951606,-0.007271913827606807,0.16790730259602404,0.012924755961035317,-0.007533279298373566,0.28939376476726575,-0.02434391040122763,-0.8854007295692459,-0.3404076028761061,-0.0014127002243918274,-0.03400550907858946,-0.040225533476925035,-0.008675841507830295,-0.030002538501771592,0.012707352712924114,0.22499910795240763,0.06254810193641736,0.009767026151085878,-0.003115625574292291,-0.009795159133703012,-0.023828257861769786,0.008334301373939895,-0.058501279189791866,-0.05087449096325347,0.13211922119947794,-0.04304398116821084,-0.000940159593401102,0.006968483153554417,0.02256411652641621,0.1887501767199311,-0.026559207741280066,0.03850976639406367,0.03825862476528896,-0.024443603143243786,0.11375953941828154,0.09393848339480226,-0.030597020543541076,0.10611752332962365,0.08811276461091899,0.014000147150435627,-0.03867986566828896,0.005578285849766662,0.0002362340137437302,-0.010069766119440993,-0.031381103086399964,0.005837833784233248,0.005380472546302195,0.021661396295515223,0.07381581633472312,0.06376195725205736,0.012808175499618879,-0.0037326758079411423,0.052279100870145534,0.0003112613545773746,-0.018623183114754194,-0.00990358351129339,-0.0224672016843237,0.07888591526307964,0.06850069256963054,-0.009178329565138199,-0.002440827838118914,-0.005835719383933572,-0.029340263062945127,-0.008344029046142287,-0.003916525472448182,0.004062670911867711,-0.0002691798933441847,0.050159661572236613,-0.002752422672587837,-0.020040004892936114,-0.008553667295372214,0.010566951228048405,-0.002039589265364447,0.04414930267207917,-0.022804547872280256,-0.001998386355800408,-0.0132743511363832
108,-4.893560641138389,-3.0533567036811053,-1.4205564046349368,0.8578347760265312,0.26572343282631383,0.0018050584339112663,0.39720206399422264,0.12970505164253276,-1.4966566164178774,-2.2445484463005743,-44.4858066222941,0.0,-37.00946225180394,1.9447853566849131,0.471101947166796,0.3822209991570533,-0.2837176365648279,0.27464458678093406,0.08217960627592569,0.11723389189487798,-0.02827798391113634,-0.8808609746788449,-0.20003248890600867,0.3372653194240869,0.419876495535207,0.0170502539284329,-0.015373186392766747,0.0065111537250159834,0.03670541862801835,0.27165402628269186,0.0008159711225084187,0.017294301211589702,0.24430913137840582,0.4928602216692491,-0.042436132609662836,0.009841875540651294,-0.0021938174353077766,-0.026703325284477497,0.03307637530943322,-0.024568474847295962,0.18920523005915957,0.012713287654131822,-0.011819257756954915,-0.003265554016290917,0.030270552049574295,-0.03093283856487883,0.11812424461449522,0.09631652136651447,-0.01934127251639106,0.0824209560103375,-0.03012884143939709,0.022066601492358118,0.0013578864635260257,0.010152301277682615,0.016847996846175994,-0.02301852030007301,0.009014737416216972,0.17960302190777178,-0.0003019659904987537,0.13757488413726215,0.008996316272833788,-0.02907612624025424,-0.009859222590074213,0.007562170979702354,-0.016219548211283685,0.013786434489152066,0.006173542467708376,-0.0067728144110933974,0.06816136805454742,0.05983270245978978,0.01010743542101522,0.11010866479449333,-0.0021022583419287727,-0.02919337299376501,0.09216553780670456,-0.022438189461420177,0.2648801742420861,0.07850107739343493,-0.042315225958608815,-0.019369231386111574,-0.016751038931149265,-0.01811484131550456,0.0045118411266279745,0.009079981295544326,-0.01528097402389339,-0.0031560662670191975,0.003909294088391357,0.010098646712540016,-0.018133553735540042,0.01097768013216538,-0.014541358584387098,0.0695313852834678,0.004420693165239166,0.007009242735795562,-0.015594557904184403,0.004035175023393022,0.06239447551790156,0.0031253870688873475,0.0058708349204805305,0.005216944472646826
109,-11.0002740485006,-16.2968773570177,0.8643347789764966,-1.195534915451256,-0.37592137236265893,1.2263272196762525,0.17117078293478216,0.3327736329587003,-0.09767344430283875,0.19375905352237566,-50.2328997724974,-24.883550113751298,1.6165846425729593,0.00772888771149087,-0.0054524167879274055,0.5265145567066857,0.33792317280419204,0.3331656052990414,0.8887262034303912,0.010990398604540041,0.014121244637974817,-0.05966931585536073,-0.00437699980714823,0.3504804826935457,-0.018163420438059963,0.03128468967351289,0.009052721143877118,0.2191501582441413,0.02896134866061395,0.01341169439036366,-0.008667784922400612,0.3849609044961596,0.00087747977049632,0.10649917099915285,0.03621783520063526,-0.026408841510636494,0.23311456558848231,0.014768790339635157,0.011900682609931573,0.010694613442883458,0.0016511634779533546,0.034231629215570436,0.03359521995881187,-0.017886247690059975,0.032693301590735135,0.007513429437241509,-0.030744588096175307,0.030863697291264813,0.028193013244577125,0.07992328930949477,-0.013644626804899418,-0.07091561468662433,0.009536682943079244,-0.05520348361975058,0.0032675367826200397,0.16169026941998066,0.009551169865818554,-0.01789111669158827,0.0015461397455782122,-0.04966204858781009,0.06924316757265392,-0.04370411154074283,-0.028766697906293937,-0.03627603422986381,0.01886671398698292,-0.014569321738985841,0.05997956158302964,0.004301682719877489,0.05341315550616099,-0.04371910085854025,0.12599348017562462,-0.045405350232526676,0.10291180885491258,0.08586111904607696,-0.008623198712092939,0.07443385552312964,-0.0009165145473677694,0.005011082104430797,0.004477392169099592,0.0042111448760838825,0.04811743078796149,-0.0026986934794933325,0.002981728851336893,0.04375102619672666,-0.02204351980397523,0.040324300739563945,0.0020361924053901997,0.008355875886418618,-0.002765519849431089,-0.002438913589851252,-0.014446270685601892,0.00430193381077279,-0.00036275424022325087,0.06618103389041718,-0.001013630061465709,-0.0007138366644467709,-0.009922117138646547,0.05891720827880098,0.0031991718832399887,-0.011153035434689818
110,-50.232899772497504,23.810379393552843,0.20378938229432747,-0.0179320292979899,-0.07358592112536388,0.21848157643326438,1.0795374237239512,0.20705185973257345,-0.8045616949762151,-1.0822683765013532,-43.594028762536,0.0,0.0,0.0,23.654339573270637,0.023164467100111552,0.03646333781560246,0.007760527932477668,-2.465797633061512,0.011468466469074942,-0.015192575826941779,-0.01947602731438769,-0.07818222892299742,0.4550425490119774,0.26401061051059505,-0.017417109701175604,0.18376140289821152,-0.05648127853683982,-0.012274569447356831,0.004695615326769598,1.152957864298177,0.009973383915851432,-1.244971754806252,-0.009360140791425539,1.0892884661637257,0.0052172294761514415,0.5083451268961159,0.24289799693476177,0.06381396085034075,0.0675199087065772,-0.01345298864092137,-0.013298871513097055,0.15160094835135518,-0.012481007154967916,0.004488800491019296,0.1187329535168764,0.22826464944027158,0.02757679569614646,0.09621488227923192,0.015197459342106118,0.05973599927305906,-0.07352004103509557,-0.003479797093397463,-0.07566238364370115,0.008420055970101092,0.0553326016712814,-0.07142674438771479,0.1316380939232702,0.006411979762774744,0.11860333626298769,0.07941235793987245,-0.037411665326616994,0.0011512385658481311,-0.0140214463492212,0.0012476865298717,-0.03267998610868328,0.0017371408159464474,-0.009450703240164282,0.07243130775359496,-0.029308081425516885,-0.05471398783462411,-0.03537839952758026,0.10014358204539797,-0.002211064099632898,-0.04339065336621295,-0.0447987601831239,-0.034884173783478856,0.005002132996428904,-0.016665273265060065,-0.021666891937980548,-0.0085869475614474,-0.017421560527127733,-0.007130809953702744,0.011539731000671238,0.0022326101151717292,-0.00871200902538749,-0.006777501074269443,-0.018413886965017445,0.0028876965390587372,0.0675081651598699,-0.021621581791386513,0.08839845040246885,0.006750998945415532,0.07803222827257117,0.004082944536811378,-0.0016413929061407373,-0.003998259972705864,-0.01871006638457695,-0.021768214981480627,0.006894602305260733
111,-19.0043934374881,-12.740706592403,1.052902171205857,-0.9894470606147209,0.008832749841083398,0.5018967351473873,0.027115280189138558,-0.530698159930773,0.44253167471494825,0.03127278038509551,-43.594028762536,-23.388339512391795,-0.3529738155699501,1.013159145678112,1.4090166355979907,0.06973306594715978,0.4339977855815057,0.01671449492064487,-0.4756815618975789,-0.1395234708765951,0.03242368700829357,-0.018357907331939316,0.022514389274969182,-0.02521905441058292,-0.004094283858881886,-0.006825322359824804,-0.07856749648151928,0.011165958807830889,0.03649637870068201,-0.004745667025393807,-0.10461946814583012,-0.21231514288157616,0.24199180132493892,0.015272080442786745,0.04737818107532399,0.27857165511905146,-0.009010770546119429,-0.010596475058076482,-0.07707165253568782,-0.03542100808149384,-0.059457116450391645,-0.04986847952464801,0.021523041417340405,0.3832220303577989,0.018049017784373622,-0.03811327341148263,-0.03567341203071983,0.0038651394850647836,0.25647703597019733,-0.0027886197779211086,0.013715167595780897,-0.057398836062253045,-0.013268813077692732,-0.003123071768297514,0.1659372047809613,0.13012527865002754,-0.02729790571071944,0.0020566643458685974,-0.004222428135650436,-0.005830550159397929,-0.0029213530831161405,0.014032291929926055,0.004747672657408053,0.18595507937019162,-0.030554049036879194,0.14692617723792223,-0.02716216097646096,-0.0023946155160331495,0.008040406889447849,-0.025342963262818596,-0.03730067648781277,0.03397657038040669,-0.004354677689226483,0.10628262690724899,0.08932395678409288,0.2597678399368648,0.02082002758355439,-0.009489156575687607,0.07303732521866091,0.00584802916731636,0.008042450293332448,0.12012556331528979,-0.02378097986625438,-0.003142495575541693,0.006708005378317561,0.00019315710930600805,-0.02192120190884239,0.10057559488797607,-0.0030078249456784167,0.00555750660369253,-0.008385796575254845,-0.008511189006231878,-0.009714010680869856,-0.0029159079698263257,-0.0047270222482896085,-0.009310534134947757,-0.012008258432307573,-0.003779886285295797,-0.025117556405893637,0.006294172453094715
112,-43.594028762536,-23.388339512391795,1.1469487626624586,0.34058591819817374,-0.580181589574241,-0.019388980680912465,1.1049859529225348,0.11383192100088013,-0.05171764292491887,1.067337501078966,-50.2328997724974,2.873546575101649,1.5996158781180043,0.14679684006413507,-1.0447352273199986,0.03009549561306986,0.6734361206211078,0.4225199658177309,0.5142226809010881,0.030567809022400583,0.0933699686751075,0.0034139535490598227,0.508048123927543,0.013807296885527176,-0.02055115045943051,0.0033643961417079704,0.14149292319684625,0.015680422776173764,0.23881517235364225,-0.04510965741195849,0.045599087471351774,0.38483800493882003,0.009024271773459464,-0.09680480168763594,-0.010616968957605777,0.021762391401343895,-0.07305793991899934,-0.022627220667136294,-0.1283033406300757,0.24585659539033444,-0.046293537614626734,0.08123472219855898,-0.027541194359125054,0.0068448785840604515,-0.10101700214265974,0.07285936722206832,-0.04525389660519874,-0.027286013782232166,0.00625301292848697,0.0652325118782251,0.1733705570250832,0.12999277872747106,0.0070382401579432985,-0.018658618128274518,0.003203766587966457,0.006634236911863295,0.10468571825409811,-0.042091026295886236,-0.0006469456350299829,-0.0025551336436760996,0.05649245884783061,-0.03675152356213407,-0.03705395669002898,-0.020854590707968246,0.011015332770089925,0.011320874451610896,-0.013331805745454783,-0.029802804815130424,-0.0039660213641091666,-0.012189794430877754,0.002550530501104025,-0.034337992822131014,-0.016998210580522977,-0.01083180848829135,-0.01456657632391345,0.0015192292546285513,0.006545119925134346,-0.03019049244372729,0.003735300511047035,0.006318386687254707,-0.012311781476545103,-0.026304935735133483,-0.013216780993547617,0.052070061391500166,0.005844654210667877,0.011843873234540947,0.0047961447220576,-0.022429592597531967,-0.0025183706376940423,-0.009698515220842086,0.002174739096769851,0.0025492928087262334,0.005617384606632969,0.09029096850087237,0.07769655893702132,-0.003471740522475786,-0.009525542513646235,0.001454098258895864,0.0022362460690947272,0.06942539552860727
113,-17.884245506376,-26.49546314529605,0.24097230974889283,0.7950794613652238,0.14942412439419528,0.7979129916193249,0.22076353896188627,-0.7943868813216808,0.061495855883603734,-0.397096297675784,-16.162119246533898,-14.1618436878801,0.3115244924744477,0.06644887560164522,-1.0171394428499636,0.5687348941871746,-0.8317677089904817,0.13507312897642043,0.06193558953790479,0.06682051696679825,-0.03906387894193286,0.6143524206599745,0.028330590827527365,0.7811468586259029,-0.02311692195523163,0.030634642414011592,-0.06415928233890456,0.1699106187574504,-0.014003088809492359,0.04376900985252319,0.05326542649923127,0.051202853361399514,0.009213068858374585,-0.19748112677207663,0.02949385678546501,-0.1327699931179378,0.03252086311014579,-0.004082825050754746,-0.014890955953332674,0.01526456383027286,-0.017290292417627362,0.011686509941028905,-0.00681624053221197,0.008846563374138916,-0.01779764280374918,0.12281597046928971,-0.052909658523255576,0.030295409064274414,0.09234577582860926,-0.00956074488795311,0.00320853831711132,-1.817126978732577,-0.01351471022401074,-0.06239808712037109,0.018451297951051493,-0.00887155595360889,0.3141912255529715,0.23016947129085663,-0.01246481341387251,0.0065582759370677035,-0.015002958313133141,0.005834658321888786,0.004992538561353829,0.004407763747235505,-0.005543368640734181,0.021996286228220807,-0.004384174311181016,-0.0172529114861244,0.0771095029256228,0.06755251191560796,-0.045636137339532645,0.012305513346332064,-0.010964325650328122,0.013732109096469047,0.006549695945407219,0.012066135844250536,0.011172420967908048,0.0054801631954929375,0.15726974716752995,-0.012810569725352106,-0.004023990870802506,0.013694058732318104,0.002358020733966017,-0.04141218285497872,0.056891479166505166,0.051046496077160386,-0.009266257826198165,0.046320008910467614,0.0015220450383554088,-0.012684521011847028,0.12947546460994053,-0.00913341880072871,-0.03429831089772817,0.007662699117875399,0.006614177824072448,0.108441214252474,0.09227084496449622,-0.011250946802217499,0.17581378775677936,0.08061581589633104
114,-2.61214098539182,-6.77498913057104,-0.9887105526251392,-0.03945258298329721,0.041527777751909634,0.5709880729403737,-0.5344261849573825,-1.6673282740937254,0.4305918677071723,0.009621934090431064,-43.594028762536,0.0,21.729169809356932,0.6715859966565828,0.14627264647590144,0.09079813307013429,-0.04538496115616997,0.06101686289442687,0.9456707875679953,-1.686174291867212,0.005258796360678214,-0.014630252837748298,0.2427389395551971,0.3846228204824591,0.1610919637574375,-0.03223276889531168,0.014064940307625215,-0.03526121667638238,-0.032734390202974084,-0.013625083505413582,0.018313893572606155,-0.07500794293682478,0.7948982044630365,-0.08917828149604068,-0.4680425767893981,-0.025347702785269655,0.018811050286782982,-0.023291309827172313,-0.01831504555138891,0.12035093838189859,-0.005406216178949957,-0.027710300573482338,-0.04724725632823934,-0.00045441507133142656,0.13965674490961977,-0.014576132141253306,-0.015976470650850283,-0.018316904354244823,-0.01365424351474498,0.006180427262319987,-0.007973132745931921,0.7360790618475326,0.10783769443279101,-0.02862885644128421,-0.029115260932308207,0.012161404806234288,0.01084020407130959,-0.03693959676636305,-0.021852234594846198,0.016035756698415837,-0.012777516017979051,0.3572921305100485,-0.012560992088067824,-0.02179778687829237,-0.010436104444546124,-0.006856255761101604,-0.008107249144770345,-0.022414760108418808,-0.006992955060907913,0.01607259974479658,0.09315982638173548,0.0004984023700571605,0.010136637646943836,-0.010006344753733964,-0.019775860555850455,-0.008601823036458123,0.16496790784712223,-0.02773032927036989,0.0013934981023764337,0.06341883589433372,-0.015980414195562398,0.13463986964516295,-0.007382210865683414,-0.019337406728938245,-0.0190405173962378,0.11419117079395447,-0.014067142855858417,-0.017053680454611864,0.09792734967951655,-0.016456654311167385,0.009098888738444333,0.12673318538020162,0.04365584489950014,0.09860335577659018,0.08592867031044737,0.07520706195486837,-0.01726904757600467,0.06721654746971084,0.0014037084093126428,0.003070248070650511
115,-1.67308660338568,-0.10807249871463487,-1.4683538158934046,-1.820665707402366,-0.7961944683007325,0.5412998278881476,0.8250542217922376,0.05076740931640339,0.2340055067401422,0.3809342252229049,-14.0261042959477,-28.4245337505102,0.6551755402006574,0.36240715011833335,0.5814566774381837,0.19498978783456855,-0.088977656015237,-0.3879964301424769,0.13061325876145435,1.355101258295488,-0.005951651597763202,-0.09978270465256633,0.018620649009158968,-0.007701992111996403,0.02318941127835389,0.017902440584519286,0.014370512340499464,0.000248764362729581,0.4976737227832281,0.015103358219175633,-0.8251395528807315,-0.05855171589472519,-0.0749173830109311,0.06871223585540165,0.2749091956398273,0.13822759980642618,0.05820857027870607,-0.015337855889869058,0.11751041377597349,-0.00925242696960623,0.0002766699274219797,-0.08000735095434586,0.013462017437698426,0.010226230136557157,0.21697406056122048,-0.029210808449527503,0.16539171407869513,-0.0029701615880267374,0.12818347859457924,-0.0031480412761245025,-0.02860495962495435,-0.005432890325950873,0.027908826144061982,0.01045469669920786,0.09053735424188658,0.07607982117993184,-0.007032313357959577,0.0033915545955586074,-0.02800850441917002,-0.02112566096251367,-0.0024023935796594342,-0.009305346029129247,-0.010929324405819951,0.10645645516035884,0.0887658873380297,0.0035356038139516405,-0.054214597002559595,0.07527993609406702,-0.0028842338822167024,-0.013797684674591415,-0.021823674807174287,-0.019915273254344834,0.018171942603857683,0.0655720976589973,-0.023537770154295368,-0.0037373929495496732,0.058807999415162904,0.0029508635548975218,-0.003675108833195155,-0.017498449958920026,-0.002187768482011937,-0.0464077497490345,0.00382760778573666,-0.009061227201321853,0.0036422509954011084,-0.0013940997373285968,-0.012030860527075915,-0.01663105049778546,-0.008627065771662945,0.06975665825301958,-0.002969527563195757,-0.03264290471942766,-0.015057455858566993,-0.04404818556409573,-0.017027080340885847,0.014100867348872503,0.052838863993996066,0.011550925888920593,0.04543316135273501,-0.0024756585008870423
116,-90.3707077873196,42.738573573090605,0.7612800741460605,-0.594202733944155,0.32487703395787915,0.1517594102555979,0.06299039923357541,0.2613217758248253,0.7689966200152829,-0.04927541186378681,-50.232899772497504,23.810379393552843,-0.38947226533774976,0.4239816623977579,0.7456552963512031,-1.0002452334406324,0.36271464556482635,0.02294657571407205,0.3760354216195245,0.16652246220802397,-0.04149426980359072,-0.009368857692923449,-0.05307843627797648,0.01679485879394893,0.021068635195539198,0.13555777583830797,0.09545345546463352,0.04473639910794491,0.26710341069140453,-0.0005505963738920983,0.6455412980747077,-0.009932306794447454,0.4335317488980497,0.03630154871564381,-0.005434625448824004,-0.06144725520242755,-0.007894091504850986,0.006067306484148216,-0.05092471874653737,-0.003243042210807845,-0.004730377912330996,-0.023763269508820795,-0.006939544352449534,0.07381280840766835,0.17786202250564265,-0.014978279405996164,-0.021382573557759743,-0.003012299202660329,0.00028092660565243177,-0.019656885203956254,-0.006781909396643915,0.2842499093731945,-0.03829255022777589,-0.03497552401181481,-0.005834528322065158,-0.03065505707934635,-0.016911216869791246,0.025981226304208516,-0.004006018818569657,0.007617454798079737,-0.0057811953777541225,0.021128072379305918,0.14620984987448837,-0.0036254668811547264,0.03601343813354574,0.03459497053011118,-0.007403492523136601,0.012887269751164276,-0.0012412600811221308,-0.007437915094118952,-0.021223204384452243,-0.0220687391631067,-0.021794757932729003,0.003899640596329579,-0.002050991216512643,-0.018001397052423873,0.0241285228460546,0.022060393455922145,-0.01590037502135,0.0019536682478696332,-0.011147153653207953,-0.006721774234657363,0.033700041466399266,-0.006447471872130128,-0.0156450396535045,0.011106586797140217,-0.008453142030288241,0.00022498337015730563,-0.014810611297316534,-0.018504031309443114,0.010214652667585478,0.00452171305862592,-0.0163435949235059,0.020513842321777997,-0.015949868538085776,0.003022926134537196,-0.0010018908817166494,-0.01300217121036984,0.011310736507611274,0.018974476273150742
117,-4.893560641138389,2.0670245699963163,-1.15225855011093,0.43353756419682676,0.43843109537166425,-0.29013760293117097,-0.09235166627793046,-0.13906741128752909,-0.0383489650892217,0.22873226371619276,-50.2328997724974,15.614253167504646,-0.9070933651828204,0.25921982726134407,0.47272129510613603,0.12457880735150784,0.4467457007019246,0.5239765970320958,-0.06923280535649545,0.07032809636753146,0.8019062015691483,0.05978362861452802,0.006900449874206571,0.34801956913843957,0.03222554804703792,0.009740679618518544,-0.062149783740489184,0.02288073838514404,0.0074134776138223835,-1.3907920142991135,-0.06516809436504079,-0.4105598247618379,-0.04330704263903862,0.5996118768936498,-0.043264583575176485,0.0466620298863466,0.4276476017147677,0.011147256313924325,0.022472538570931566,0.00017834136013450408,-0.00533337623447272,-0.0019339060707138644,-0.001197318361025046,0.11973621802780121,-0.0040835005848452455,-0.024879576056868635,0.010461037369413617,0.00832309661209324,0.2194600417998953,0.022280973812023985,0.009223087057287693,-0.004145133347375207,-0.03997932534004467,0.030094602381380176,-0.03135642581679432,0.2423615937021455,-0.00572575057033875,0.01306628623631545,-0.02877291223442746,-0.028440204979039097,-0.004808100253928138,0.001496309667531781,0.019035475623065512,-0.022271869493749374,-0.0001458684706688862,0.006037499502693167,0.17456334006179075,0.04723633723114773,-0.003205499778696219,-0.003143378686686904,-0.026169820993840354,0.007513222668621755,0.007870772274674476,0.005905950492042178,0.0006357743572500962,0.013171301997816798,-0.0028346966891750203,-0.022168517942522614,-0.018190768204654373,0.02232786752877436,-0.01904859353593369,-0.026008436122976875,-0.002899969690933868,-0.023749371245922912,-0.0008256913814985722,-0.0004819144177437007,0.13610221009677392,0.01264494192147081,-0.002584219533496024,0.0027929782784454904,-0.00042885843028495074,-0.017427104091014556,-0.0017004458565434422,-0.0008426022351626372,-0.0017659255880344005,0.02138692668521558,0.01263846373950639,0.00816910150540906,-0.018156277263359777,-0.016978313588886573
118,-50.2328997724974,17.03539026298175,0.24197746319796443,-1.1562704488233304,0.919462916517626,0.35665485458929735,0.006780256408456475,0.20183139613472467,0.1281873339376145,-0.005855325511933018,-43.594028762536,21.417258630695123,-0.6512471203831205,-0.11921679920548983,0.7430795601627959,0.8752539687608021,0.0342059185494271,0.4977356074409387,-0.06530779421625743,0.8755887372485531,0.09391857650191848,-0.174350367879063,0.4714078592244241,0.7797363064695546,-0.32991328533045305,0.02670727726279959,-0.014394226371601978,0.08442177182669552,-0.009572986681361903,-0.007160675657835305,0.2704479544471001,-0.039944026937299704,0.004006198076026812,0.028194340787245697,0.3142134538488812,0.20709808997418055,-0.0047482257177776654,-0.08340869753436331,0.025920343117734612,0.129314991829784,0.012131520187317696,0.0028082377637465017,0.2823821481861014,-0.07831354284929559,0.007146370452095097,0.0487628533258635,-0.015318373617187686,0.0052251963864605455,0.004528776883716432,-0.0037005742630450145,0.021988928657326823,-0.026355388644626054,0.02478330418157615,0.023646816940004367,-0.053073284463768466,-0.010321961149542647,0.0023231248514903324,0.02582062285691311,-0.042392133693768486,0.07735989436857182,0.08172506588453365,-0.05961491707640976,0.0036253495839804473,0.003278939437795919,0.006649585563023697,-0.054411099147937625,-0.01547940808796755,-0.0023566620459764265,-0.041191988902305576,0.006384877335604823,-0.03904505652877299,0.06771513809291352,-0.022957294760541647,0.017805300311667493,0.004780305155526535,0.01667097773522741,0.003472354598109472,0.05278234070927157,-0.006317721461400538,0.002389865291855718,0.07212818839366952,-0.0019659618605827878,-0.014547801363424484,0.003567054794989949,0.005110656120909201,0.004407377812837801,-0.0015458956916856725,0.0038927823868622168,-0.009428156573904278,0.06556353860579622,0.0020044990915652292,-0.010077408895486695,-0.00474285162813605,0.04886692146061211,-0.02498745685329018,0.011765448534626355,0.0424296461973146,0.0013463873254311517,-0.014907975901694348,-0.016260103760080913
119,-2.61214098539182,-48.69392950730409,0.5955871849759159,0.4706470673586738,0.4311916944865888,0.5602147680838485,-0.21610749035897164,0.2787842711890129,0.012534280757505581,0.49696381167654446,-43.594028762536,0.0,19.711949644392202,1.8910289037767747,-0.8160984046483573,0.8595586280764778,0.24393344697654895,-0.028322959522463775,0.5100839425997155,0.07931512771860616,-0.03223989238969871,-0.02829427557714359,0.2708750664978121,0.3095694606947359,-0.005266817157025427,0.010604316177007245,-0.0582651660704494,-0.06733630940685642,0.001402137115626867,-0.000254869144544867,0.06089982825424367,-1.2191914341928294,-0.0343082150469739,0.11593117363548378,-0.013715093454242433,-0.03856198292205115,0.2502870891465776,0.013846706020656907,0.05335228749648091,0.00960307381772571,0.17821512705845377,0.005351199236383164,-0.020838422398094636,0.007042877669877851,0.005934516884675917,0.1358170561389349,-0.020323791200638652,-0.0017580364100949764,-0.0004399290381312815,0.108621523606514,-0.05567736391964395,0.1512675757392683,0.006917118625918581,-0.016921938649226753,0.006758498992686879,-0.036495670968667904,0.12320568775449137,0.025152163332502697,-0.03795711137613278,-0.020685547548257355,0.0027234614542541117,0.08992521889482963,-0.047506452343884176,0.0019730108272665303,-0.0016297795552376593,-0.04446985520074387,0.002342529325815468,-0.0007845062947801351,0.0755137385234117,0.06533940753100675,0.005583428730478318,-0.021418876633814143,-0.009510398314788143,0.02701735975801034,0.08640981395441116,-0.006930199886977406,-0.012813110336661993,0.0758172167424973,-0.02856823084613458,0.017193196886966855,-0.017453155238305817,0.001543738748650235,-0.0014566189807124763,-0.039414513316766264,-0.014763147078070249,0.0017925447773877497,-0.019514035758941617,-0.01265679606491188,0.002006687131448609,0.06121930609468462,0.062187209459894977,0.055134999874302704,0.04926867648330924,0.009357304237717301,-0.014392337172652425,-0.0063953394194094584,-0.006062058928443914,-0.018512331581491903,-0.008463192353800886,0.010840983004634541
120,-43.594028762536,12.85489162808,-1.0721612452902587,-1.0272277945226258,0.37327523287378006,0.4919024011196558,-0.8385954410206484,-0.09108989136161372,0.1722511694355513,0.447902174554059,-16.162119246533898,-1.4211370954771034,-1.8620836765772384,-1.3862793520887955,1.028554709407539,0.5339434945690451,-0.656453903058458,0.08291494573937108,-0.017853866306493216,0.5752456828412363,-0.0034072766480402195,-0.0037512279437496854,0.01876153727760209,0.9639937854107248,-0.0036875260965887335,0.7214241019003931,0.01830524264174682,-0.006477881713008227,-0.02426369422223984,0.006631525703629848,0.086717343577279,-0.006453940798182511,0.059421545012589894,0.001789131778840436,-0.0036915109574978122,-0.09475505136372964,-0.06680924959979095,0.08096448595330896,0.05387277023263892,-0.06744938898660124,0.11866744780294702,0.09479085833184331,-0.02742516247745108,-0.008272294752365572,-0.02021192907813929,0.08492715224540182,-0.027704134036571126,-0.002941186964125996,-0.021427839044196206,0.07467314829123106,0.002284334668879895,-1.5634483187121053,0.02119144528570671,0.04176576853337277,-0.04484647541630382,0.03653829965395705,0.3065247627151746,-0.03939901430213677,-0.026718215354955,0.02375170570304319,-0.0023020267308356927,0.0033203738187017814,-0.0018939170061179926,-0.009991141111484358,-0.021466879077222223,0.005788520562726496,-0.001191680734423578,0.00836203477450348,-0.0013170572653229025,0.0094402812543527,0.021442673400058565,-0.032468673296089046,-0.004426597995657255,0.21406449454859588,0.0035914266431146258,0.16166876802783614,0.12990939311150385,0.010131352689034645,-0.008018246116409666,-0.004832765121528748,-0.02311156654630664,-0.011230109789098774,-0.020682985930660536,0.0032723158662942495,0.002767249619507542,0.05895315075622798,-0.01974667144613007,0.05300037310401162,0.0072777279563758235,-0.029507473753421554,-0.025692781705953127,0.010195925296693942,-0.001758025249048778,0.10912150549769484,0.01595326312051426,0.01278049760032729,0.010826085976531619,0.0914822652719498,0.07909078117843005,-0.00770678598337371
122,-16.162119246533898,-17.03539026298175,0.6799594804240312,0.4356614956177376,0.32798111743016956,0.713489588622604,-0.7686425289541331,0.4076985837831666,-0.008748523771896494,-1.1058444521440662,-90.3707077873196,23.38833951239181,0.5899258253560143,0.2816053924273992,0.579562064199334,0.8251543409017404,0.07378226102788132,0.043584203662484444,-0.04112962731735903,0.016484393269299957,-1.2080775301878863,0.0703952328005043,0.046707330434251626,-0.0021459117319670984,-0.005249549966911959,0.4662518292804041,0.025888571767802626,0.02161091735312043,0.2687429047475316,-0.02118943724286293,-0.9540614178478284,0.08785936368674285,0.0245938168530537,-0.04651011111272807,0.02064856343875654,0.24344334885994057,0.17411357083949341,-0.06591355076734251,0.130548412775499,0.012863515606486353,-0.055732091117189686,-0.05167611315493881,0.1837514347823641,0.1379994187032385,-0.011311757200987427,0.014526854028069247,0.11009735031481571,-0.015206177881244676,-0.033298288907667395,-0.009734340890445947,-0.0392420077714305,0.0073525914913953605,0.0059656857070953286,0.017374743061867925,-0.00042260518742967546,0.08890571496382638,0.0744483379774199,-0.04259372087324298,-0.05330593965212449,0.0651106834163322,-0.01272526484147729,-0.005088984948466879,-0.033616244442685295,-0.03254832213414738,-0.005768206286510202,0.09740823155266498,-0.008144824784798166,0.009151598724001564,0.010096783024871242,0.008790385575115661,0.0070033066694877855,0.053013191651415825,-0.002299191546974222,0.047370080668102776,-0.002823486468261527,0.003647265807029565,-0.031436775875652856,0.04165650571424284,0.8586008543425836,-2.9403072764777605e-05,0.0827229278155126,-0.0040812919723292596,0.07083923830521077,-0.0033432008441818817,0.005706778059086981,0.00641008498874155,-0.0027348617719958057,-0.010226208501283751,0.004967634869804227,0.061955023101851525,-0.014049006324984514,-0.03550612085856275,-0.014589701800061805,-0.0034051010373202517,-0.003005953945934378,0.004702001798471855,-0.02567171055770201,0.1702531045573592,0.006217328552157508,0.006667433936093037
123,-1.88923160081495,-49.055384199592524,0.7400562057612422,0.36915485212533616,-0.016325980701206527,-0.007613762002737778,0.18380533307353475,0.2422133677488152,0.28024441387305393,0.43509812625630495,-90.3707077873196,38.17230174568596,0.7846532357858407,-0.23646738274480927,-0.6169570641505554,0.050483744691281585,0.19893585330851393,-0.0045770981637834884,0.9987907308784674,0.479811172003231,-0.03608638184548574,-0.07803844309817487,0.006406922125612946,0.00668158449077999,0.057739842739824354,0.3612899219182999,0.1720021323247567,-0.019577686563483798,-0.022661255396591695,0.22489836459525214,0.8869330666483939,0.1539117088897901,-0.06150878638946522,-0.0804940665288647,0.12304481114697374,0.03352980990478138,-0.010527710464986587,0.10013245171833773,-0.007809038017140432,-0.05430657268387806,0.0034058956535873985,0.1324433860577663,0.013313961373524252,-0.02009057199583275,0.10650892281935986,0.08671036965858225,0.015511630826587776,0.007496246344219679,0.0047818546488370695,-0.020736713973881438,0.05918276498252495,-0.0027235342878783077,-0.007641407205760675,-0.035123886970685136,-0.05302049647106344,0.011356579828933955,-0.00932053630353602,-0.02564904382813693,0.09698192458659505,0.00022375542238323165,-0.001296304254123526,0.07649552858755859,0.006130081527976061,-0.04608676977099768,-0.01764744224918513,-0.016609571952122093,-0.015632003242652903,-0.0004234305371955127,0.001926016290837218,0.005840392201850536,-0.022224974447993318,-0.023406597522217076,-0.018744353450861784,-0.008564888484257738,-0.008728774166013809,-0.030439930449532193,-0.0033224596573395715,-0.006980798207487371,0.0029146173988094937,-0.014315583296700796,0.0709593810516258,0.004433290776144537,-0.03200953455281352,-0.032085122805848965,-0.011562656365295965,-0.0036705722411193298,0.004495129850698276,0.00022223616742284014,0.06473957428285382,-0.006748868835429245,-0.004527662412426525,-0.011221756887825118,-0.005258146946144404,0.011490750525914084,-0.009663791128348476,-0.02102233977984358,-0.00907391738521901,0.010527910682365305,-0.019532451177263987,0.0042665287765992765
124,-70.8751717969681,35.05783014791117,0.21262709559334386,0.41680771529248517,-1.3413239254177591,0.6650773023809315,0.036248912724993435,0.6184250768629977,0.059631033754992235,0.2795616879731593,-1.88923160081495,-24.171834085841223,-0.8229173049504379,0.7385712736650447,-0.5444812878719973,0.40791096802125304,0.645490275158129,0.0004376519011612956,-0.017532827278306296,0.4380997336325947,0.19311435602340987,0.027906337322358477,0.026882019614457575,0.008021229278630776,0.024230217234488927,0.9562288467286038,0.08104222475415757,-0.047620083702189175,0.021571787316479574,0.022983023647365916,-0.07182588591132899,0.3347563936627722,-0.675350989061897,-0.0030552271759551886,0.03783211202136749,0.4092352563239956,-0.011345373308139561,-0.03499296269638286,-0.03226145923916279,0.02703347820964863,0.011073622804394195,-0.03302064360539647,0.07984387352598632,-0.048829147202625434,0.01208777776431181,0.016289851909511155,-0.02809785715260793,0.00916589821739243,0.007392711793221339,0.06649905459395411,0.2842466941109092,-0.0019523810800434194,0.0020057943624646746,-0.007371576705251959,0.011571901763921977,0.0032753066790341956,0.002392448961618221,0.003301534913137394,-0.005064867198452783,0.1776929944642065,-0.026595194742978334,-0.0246480852103641,-0.03295634144848658,0.00910660873360222,0.006964908406536685,-0.03251093205198563,-0.030538972082917892,-0.02839362088043429,-0.007086135765459689,0.0658212613564435,0.0009422840560896484,0.13710765193416807,-0.005787310657638489,0.00015834266517777973,-0.005415530046228509,-0.004158227067879369,-0.03348825219517737,-0.0073504053352349,-0.031123246897261314,-0.022024551889188615,0.058129061440776564,0.05165511259515876,0.005200095932635117,0.04637372580091759,0.006086845060845003,0.004021209604007384,-0.022099875662506818,0.005914085762441013,0.04056055342751974,0.005010606760090318,-0.018097520075217366,0.006258169548459036,0.005981744315498527,0.0010434843216764467,-0.01655370986205351,0.11524420240098499,0.09763440206095608,-0.003410466530552561,0.08418550091634747,0.07347432602426363
125,-17.884245506376,0.0,11.416489336820163,-1.1693885884581987,0.004126270792772724,0.2760084005283857,1.2470953596847751,-1.3232438302620682,0.2717158981665776,-0.9612679089913494,-44.4858066222941,14.1618436878801,-0.7754175955919465,0.925916643785892,-1.2284967321319407,-0.17609341207583906,0.08753114164343279,0.9870454614269386,1.104795841307249,0.09220946575715128,0.0803531887281086,0.006687437741225655,0.04744522862852851,0.044812658183607024,-0.0593904052708063,-0.023684203367595913,-2.4946607009877524,0.10557520963420064,0.2110597530531222,0.1644114220831705,-1.9636222260676595,0.3836738262803778,0.015494800776154005,-0.10739547513036563,-0.00770626000032848,0.221071716181531,-0.007455105498829995,0.153785232006459,0.1155653717743903,0.09068514210272549,0.005340113253621437,-0.014109473308459797,-0.014080199625738699,-0.02309564805188402,-0.026680484033593355,0.007727610901548998,0.0073115558052058716,0.1329931647517082,0.10712415616188853,0.0882132330739025,0.0031599491247868428,-0.09054166538920594,-0.03964557176150452,0.07527929468696337,-0.05458958320113694,0.004168596177671802,-0.030675996490789892,0.0065543486948440866,0.005734956558191284,0.08200767059298797,-0.015408113634120313,0.0070172228535867465,0.012508890341479395,-0.019817151581032033,0.015046413919367674,0.009201199609810681,0.015067838565667069,0.0008014092222091845,0.0063895775578139,0.014459841171298726,0.06946810487338939,0.0018252585757484174,0.0012000814507524757,0.06080660932157844,-0.04118233569131924,-0.008022231096410717,-0.029556176508022336,0.5605564589332193,-0.034126207750304616,0.05595258868076325,0.051000489008951266,-0.029090992859459597,-0.020828633517173012,0.012550508765852397,-0.01810033605165895,-0.019089432826384645,-0.023313410752683117,0.0011609317512863704,-0.007897593777114964,-0.007922946001917008,0.007721592358619689,0.002333271044992258,-0.002752135796014965,-0.011012733278275566,-0.020558300549180286,0.002479176155887393,0.0027375909609237137,-0.009856632796441112,-0.0054522797410340995,0.002664304866791145
126,-50.2328997724974,-5.684341886080802e-14,1.9067834470758354,2.123598173745107,0.07627035775378921,0.44286950951335724,-0.2006816102905813,1.43097249933621,-0.045255005048066566,0.6485070436796974,-90.3707077873196,42.738573573090605,0.24371815620897208,0.4414771751815927,-0.24362076384825576,-0.13997778441499942,0.785257634042277,0.12498457674008334,-0.1348244411331505,0.8232254913948553,-1.2230208282818893,0.4942776734132449,-0.0029426258002667183,0.03912917528800264,-0.07015839785784816,0.008293145922049106,-0.037454108416809295,-0.009927971315769002,0.03667880512413224,-0.04552580923351135,0.05145836336188703,0.7489979447623745,-0.011475652164156025,0.09596129459661551,-0.04089232943612364,0.0017644788936995726,0.004135663709676218,0.006498532219941899,-0.03995475999687981,-0.018372104146439305,0.054053873837478505,-0.042028764161980536,0.420716209808603,-0.009417294378582075,0.002415529760606161,0.02025850084789016,-0.008779194505536492,0.030232516309101176,-0.005557765902081624,0.011426992602515451,-0.04964942729841626,-0.020337704456966477,0.006859654808962223,-0.016340769319871162,0.03332784846937642,-0.01631285853282649,0.006811660083849702,0.01312927348508075,-0.018588999631682035,0.09499280165297819,-0.024041038942552495,-0.029380668699382162,0.017515914080263872,-0.02252357368954938,0.002069652595585003,0.016665031193007884,-0.0038628784150664397,-0.024693294305191293,0.017904524371241237,0.025170928943477056,0.0014053078332012525,0.024861115843788917,-0.014422727612462327,-0.01735142450296845,0.08230537743216071,0.008454867541385358,-0.012562369913257099,0.1362754568345954,0.002010594164842616,0.130003635806339,0.00033430180395832565,-0.021800168397324127,0.015209250814380848,0.2343957789735116,0.011003677919773969,-0.005572573897842215,-0.020995559828119514,-0.003373763573045252,0.010866428581959187,0.01098723069312424,0.11140698241723679,-0.001553759139330646,0.013176222216058964,0.003087219878033398,0.011375320357467134,-0.013370357073070216,-0.0011256301591337503,-0.002172521125582083,-0.01101843692513027,0.010921051247401392
127,-1.67308660338568,-21.40636000945421,0.1504989455306281,0.5474752947577571,-0.4399271801412934,0.010724669935783152,0.12486722371911042,-1.2156239750892492,-0.9309172500682386,-0.023609124302579165,-14.0261042959477,-1.9290706052141502,1.3240920183296545,-1.0437441981630964,-1.0541274735851645,-0.5108259725124382,0.4464021374665954,0.019174143968338164,-0.015175671216351452,0.12237892277689055,0.16186818325235475,-0.08777781046230548,-1.1890601775486154,0.02274600794423154,0.06870168753758044,-0.051508829253644306,0.052797817830286586,0.00829773570417719,-0.01292493331319805,0.0006890868359518132,-0.6132979124489906,-0.026907493391423176,0.03350804939386054,-0.07684691513118747,-0.07643968055995254,0.0020948034193482568,-0.0006605153716533474,0.806826943543392,0.006266718529683968,0.05710081662965871,-0.0026637436583392127,-0.009510516936611091,0.4719078534762131,0.02966926417797633,-0.03577634797973461,0.006968590648308348,0.2723988820188499,0.017791875147341263,0.19025653783800545,0.1459859837975208,-0.04460581566597732,0.018207565470908904,-0.004700015741490482,0.19204690240450173,0.14627848594460136,-0.0006780879086688285,0.02623366760348622,0.008341765923256472,-0.018308660742837657,-0.0007471789851422606,0.11631562070162182,-0.0038351293602105208,-0.024817731296412404,-0.030744131790448437,0.00844604597149795,0.021076438600552833,-0.0016106226171321847,-0.0005083355230837694,0.015140413414253345,-0.007665948974546755,-0.00027170285100680536,-0.03841510862825537,-0.01845492556325945,-0.008869985547943493,-0.0017219323445745172,0.0015515123542924614,0.030001664378158877,-0.008917299105064447,-0.015278109510974192,-0.008141089966518855,-0.011455289385915113,-0.0015351589411695121,-0.026828161914961957,0.012907214341477596,0.010939761696905914,-0.009538633016392795,0.09856915004563271,0.08457661349630063,-0.024521696220608735,-0.0008226872278749298,-0.011009268787924853,-0.0011728119866973863,0.009068978219345547,0.0018513728051472444,-0.029287283269448183,0.10491409702445442,-0.0029650793064067704,0.09132330875576478,0.0008506604729913159,-0.02037082759238551
128,-17.884245506376,-12.854891628079997,0.5864886753849357,-1.0451156786319573,0.026592531528628643,-0.3514961708182214,0.016785912072181865,0.30995046131224835,0.05670902537381095,0.7194687680786387,-19.0043934374881,1.4211370954770999,-1.5473061559901964,0.5029086132458158,-1.167472841214138,-1.0526435308912,0.4458161101153313,0.008335923034799908,0.2642285352894196,-0.04857095879807716,-1.0015252148471074,-0.017237548081985632,0.014807030084605266,0.3054204711346806,0.18696783644147286,-0.02178613058567258,-0.08084516748586301,-0.039673709267829316,0.050571597370804744,0.007583091725818114,-0.025709800265150684,0.034658450027460375,0.02204125935961987,0.09558737824892583,-0.02508258124329854,-0.07676785299907296,0.4253664414883387,0.017245136938287664,-0.014360712903270456,-0.0002632028695613853,0.05381139279827529,-0.0035652424484262646,0.013932878245921987,0.005234173832367406,0.048228665844563645,0.0036740930932144533,-0.06556105556395342,0.13076801999289378,-0.01070808794896827,-0.03310785936336136,-0.0071140224550857445,-0.05181653148081544,0.2847801188288699,-0.040798435636924646,-0.03699563567952491,0.024192052156237764,-0.004633155884588236,0.14928316745222125,-0.031151956448101092,0.020978229524853287,-0.011012683530701506,-0.028701876158233497,-0.0129242012102605,-0.02491705511366571,-0.03405545124215292,0.005934188551744712,-0.001637409801499401,-0.009892325309314165,0.04063581925770832,0.005264337081319181,0.018426449645731813,-0.02415003159522988,-0.02622885117075202,0.1936259602762549,-0.02262817112003468,-0.004156269858409278,0.00829536082653537,0.011921800185136278,-0.022009915957062143,-0.004360861497564095,-0.00571612263007415,-0.018652360741589935,-0.008924338026602086,0.0018441064709304178,-0.0009090140050281859,-0.015734273156223,-0.007424625867466728,-0.022264502415178633,0.006882914430659692,0.04148069443751656,-0.020250209943096675,0.0009415291218796695,0.009354766105727053,0.15105708017258035,-0.001294096386983301,0.009439154430710417,-0.00426096607048182,0.011748951965422472,0.006511358088985952,0.006539805600039417
129,-11.0002740485006,-29.937448874233752,0.2584523250732945,0.11289902967482801,0.656488451950859,0.6094726575103324,-0.09604525622542931,0.39883989114702834,-0.12893614935732334,0.44847403691709015,-16.162119246533898,-17.03539026298175,0.7277567421124892,-1.0495164152662173,0.030774538504237198,-0.1256982837138062,0.01862790928445987,0.6074170430384871,0.4026137311906699,0.2167202572452669,-1.172290207177792,-0.11378208549431612,-0.05443224420545589,-0.006340523707462187,-0.013551893023350692,0.09430697728989812,0.003217681236385661,0.07296090149343781,-0.019868555820949707,0.0033435544823491314,0.00430246522823613,-0.11689011492317691,-0.015010861818065588,-0.07935499125896284,0.007454449391206125,0.0037236671566807933,-0.005819719876044644,0.5246254873521821,0.24700286433980156,0.29242026693941625,0.04894506723422731,0.8900563156936869,0.004890470121696688,0.002324761590859148,-0.021955057741059436,0.0647265078593251,0.11569217017179634,0.0407727839396117,0.09523432852748237,0.0005822542509522355,0.16726716697578303,0.010638142503762688,-0.002633847943083273,0.0070069248193423,-0.034132694624533944,0.13024673372481654,-0.002321614280195644,0.007682724711250227,0.006508506343124415,0.10446537313394533,0.015606935987106385,0.02752190630378437,0.07568992535338026,0.00956036836458626,0.0669164970507461,0.00657172844831504,-0.03593785520107806,-0.043428881522822094,-0.03148119639729141,-0.005860795119672857,0.004106411411352512,0.0874035120400889,0.0023525841207812648,0.0017724903251517266,0.004077256052261949,0.003544341070572772,0.0768831097929541,-0.0041363791078214765,-0.003575047501317624,-0.030098390344859283,0.06157044870540229,-0.010064355284568283,0.05572547964172814,-0.00043656371909826797,0.005819158889055397,0.050210983177511936,0.04534628557708231,0.04117863603290495,-0.021664258135978498,-0.011578474251637272,0.06755223699928559,-0.0031820900871682503,0.0012570375010996226,0.0955101827416256,-0.021299128332344264,-0.023064352080174544,0.06034973307476754,-0.002199681588436371,0.00309732537888686,-0.02085989897838947
130,-50.232899772497504,15.614253167504703,0.24741748577709755,0.10678405323676221,1.0964349092959218,0.4971249699244905,0.4396625576021287,-0.15288184688394169,-0.631108240948618,-1.3904677563158148,-43.594028762536,19.350234060698806,-0.8475551781369279,-0.3677445631949894,0.40596065707478024,0.7186212731853872,1.304176261149803,0.05164152733199705,-0.9604593820798184,-0.06702172565868025,0.4635123612199076,-0.07053981434277068,0.05384046418021515,-0.06041872683180871,0.40986883634335003,0.250116483133336,0.8048667597260877,-0.05265056727849693,0.16344898118537365,0.0013178781968328779,-0.0008444331358642421,0.02877314244208906,-0.020170604294762917,0.49563460802561077,-0.04567898509216761,-0.02677944483542083,-0.7415455884776772,-0.0035313721053975844,0.4073051584239771,0.006638511958199977,-0.03541493297226905,-0.004222276431271266,0.12722281661814816,0.11458276563868941,0.0016546751452871655,0.017960174942801554,-0.03802234921037595,0.10358681697805006,0.08512464707838396,0.07147184050500055,0.07536682150975182,-0.017808692258135417,0.2074809973656937,0.15499455467269785,0.010009072310812495,0.03532301670787241,-0.00358571276093822,0.11278179155067725,0.026932594934871323,0.02896182824762558,-0.006093379689803724,-0.03441439625804654,-0.0303462449322236,-0.006501025707214114,0.032184140974717224,0.01851286802075347,-0.02337898390266213,0.01400214822625212,-0.006992906455643655,-0.005283058472080326,0.025297205033703918,0.07627807243256957,-0.012648960293778377,-0.021014002967562395,-0.01075572991665752,-0.0056784719813327555,0.01601094408704823,-0.02518090192152611,0.014330245692014354,-0.027218914849088005,-0.006954302049351879,-0.007064712163476039,0.012359568278056177,0.012590040786439022,-0.007713882503901259,-0.021306830592218717,0.07146269735243993,-0.0005613465192351175,2.489698315200073e-05,0.061587193692875575,0.0125330978966115,-0.008029554108749726,-0.02016882127927344,-0.023462682488262665,0.07468370801257529,0.01953228654282957,0.0038490171492112646,-0.0015694415378368909,0.019811141442005242,-0.00397599565223522
131,-19.0043934374881,-15.6142531675047,0.5672867730504964,1.2210864859930197,-0.5334938514032582,0.1901466568437431,0.22938146814531568,0.2401820228674859,-0.12623911956342782,0.03190470759810182,-0.7595115011457572,-2.067024569996316,-1.5604169172776596,-1.393306990920946,-0.9380647967761839,-0.10830177437219529,1.0820510968938097,-0.8988998123160676,0.06548799325540489,0.2995759601170225,0.1735449713588697,0.1194381817888166,-0.0004186292144839898,-0.7591711518845874,0.035500835532333075,-0.0035837796481442696,0.03713639929633861,-1.7321817968184692,0.04078110811329039,0.36790872759453386,-0.06831474800053583,-0.02415671718026252,0.01194405276889765,-1.273631626962434,0.00028481193462648324,0.025186638573305276,0.1792516144934686,0.09811041381536789,-0.027638792321406758,0.20993605252198222,-0.016725660191567737,-0.01480963248175382,0.26457002612193037,0.2556000100970355,0.18369017613251093,0.010717813051876912,0.13956593390550442,0.011426740311107852,-0.01528708328008166,-0.0382000967745153,0.05359500303028941,-0.020714263328551197,0.14179165490932477,0.010090265624958655,-0.035297225431732526,0.009096897927073383,-0.007887379171859332,0.11687187701607238,-0.004553562207245787,0.026388703257510304,0.0002829997816570784,-0.03923125118265647,-0.03698417228183404,-0.007735263742163934,0.008982547594937829,0.11498182866759987,-0.008530269006589708,0.0010026934768319617,-0.03140403261794966,0.09677340354778852,-0.02557874085873857,0.08910377388372281,-0.030576049135011107,-0.015059188397271717,-0.024569932340487988,0.07938956862937885,-0.0073878310950937776,-0.022774803969439317,-0.02304490359198952,-0.014500690618378331,-0.007855449747678267,-0.019930198634561025,0.0066558664240967125,-0.02582188669972818,0.08468389145754629,0.07339771399887729,0.007402399553776362,0.006344975653831186,-0.007251787609589999,0.0058035519573852445,-0.021193095861188782,-0.016708931569514363,-0.021364503093663778,-0.0009268060512446219,0.0747283434124737,-0.011241963063307825,-0.014235612597534808,-0.010183037855580723,0.06832205570454142,0.01650924091686834
132,-70.8751717969681,26.495463145296053,1.0025911272558024,1.0162670644524312,0.49734023410006234,0.0009974328602753435,-0.6836563159601969,-0.021846991951306183,0.19152679747661283,0.2406207155234077,-100.0,0.0,33.178066818335076,1.734921177951801,0.5201217721160483,0.34905087771245685,-0.00023204000967336214,0.02225945061828289,0.0646203091350066,0.20675950827735812,-0.01386128574160117,-0.27737240294401294,-0.042785779405856594,0.016704634808112573,0.0363732093586463,0.38724675614435394,0.008832167637094046,-0.003578923976913062,-0.0019358846924470985,0.1439497350440353,-0.18370565143782935,0.13827992443800707,0.00764424147997729,0.26559662889973445,-0.013437995386074209,0.38670246144362697,-0.0360599892291692,-0.003478410504812901,-0.0018114810886513538,-0.03162141634845772,0.12124666837169773,0.24287757396972598,-0.01119621189434894,0.015100863283846744,-0.0004985962448846304,-0.015793833071038876,0.0618494169046897,-0.017973153272362485,0.011490919793927745,0.0006966809266429341,0.2915412293448064,-0.02778935013462036,-0.01706550875732582,0.012918119467600256,0.009290052795416795,0.007412719448044572,0.13604494175961235,0.008464626465742253,0.00711844949572793,-0.0005796991817509645,0.009843457877697026,0.1547041104308602,0.03771538092956894,-0.0010610637224090502,-0.012009250333429589,0.11446930734629057,0.09643677020598496,-0.01993590705089099,0.08347206298999832,-0.009205718646133065,0.004709689204854681,-0.020865351161069023,0.004391363610036015,0.00015166793284007718,-0.019907680232163494,-0.02037927845922316,0.11385156576298927,-0.04386902690368277,0.09400776474965777,-7.896109555674546e-05,0.0006098304533281862,0.018654665128270853,0.06907396674310529,0.014870595822836008,-0.017747220451111656,0.05822255576115176,0.012529385271102367,-0.011097148272358415,0.050247062267532394,0.010688770206217946,0.07990087980796035,0.004695212067921506,-0.016943632006480858,0.004377943023994163,-0.00039574921401994145,0.06997748257828329,-0.017236273729878016,0.0036131171223660885,0.06226319553998727,0.0025184489826123035
133,-43.594028762536,-23.388339512391795,-0.2468755613143815,1.1036455951255606,-0.012257925864019303,0.47217645920058793,-0.16855535960628187,-0.23837165440440342,-0.9138953719043285,0.32089246685046824,-100.0,41.918940376733055,0.43030599680236464,-0.24754620669543947,1.0905385551433526,0.38936000105703533,0.03032823304936652,0.9148791694985796,0.6074783055780394,0.39387584245895324,1.0570442951588732,-0.014630672843533317,-0.03918204813239179,0.2158552956186095,0.0073430192241324965,0.020945397335600302,0.005271191527246699,-0.012617969633338194,0.8959378651656287,-0.006280360394304213,0.018586040738335474,-0.029871320614508035,0.22028518014755538,0.0385198296777198,0.008653707618614278,0.019070880921847583,0.012030140085662722,0.008632341908983487,-0.0204901290454547,0.3251836476710728,-0.02372451545812493,0.025757652451955604,0.11226530254636158,0.016771874819010546,0.08374162300924803,-0.0019086758971121331,0.011552054726623018,-0.06385113020804933,0.06770822456759862,-0.002166598112452539,0.46037564715455936,-0.024084297457096282,0.16707690161380095,0.008961443475737796,0.10192377853168288,0.008701524038077862,-0.012051364427524192,0.12452803306781002,-0.011534928132369782,-0.009153579079521912,0.059533963375715926,0.05211639553624092,-0.008670988877361507,-0.033421195740352516,-0.05041483590215767,0.006310960439286251,0.006568108481476376,-0.036103678854090715,0.04394406563515485,-0.00176463975012775,0.10225576651807788,-0.007946588202119034,0.08495153135377409,0.07189384571486213,0.003687699534862053,-0.023032031313111156,-0.0074449519206713066,-0.017437667289548098,-0.018453982574785255,0.004240132972213935,-0.041245080147392255,-0.005305716294953522,0.23053416214285805,-0.019351075275258145,-0.032059263141407834,0.007699405534950854,-0.011533841636880537,-0.031113689340960926,-0.02174679708886207,-0.010104026484501483,0.00851868247459843,-0.019369312302677688,0.007301255236075346,-0.005716768683148965,0.06779292990822827,0.05953712830390545,-0.019777914612377545,0.005587281342638167,-0.015213039011696017,-0.014990466510556466
134,-1.88923160081495,-21.298287510739573,-0.3727296235144271,0.4590836219725619,-1.0638968136039189,-0.14859391083259066,0.17850097107535978,0.5524338516915884,0.3780523165373637,0.18253557759395633,-90.3707077873196,23.38833951239181,1.0541662890536931,0.40097707125998727,-0.04261511396180995,0.1732467977048212,0.4935349529288898,0.5099687272927516,-0.15450198478253072,-0.031486311495445785,-0.06793793671055492,0.03591031340357759,-0.016080732150684396,0.010984076726686054,-0.05154744974676262,0.040432456037408415,-0.02766484310509887,-0.012291194641413483,0.4248219237580965,-0.03947718540296896,-0.04256650955554819,0.0141238091243861,-0.5094767876844832,0.6698370716617592,-0.0647110994691753,0.22791463266239376,0.0007595047043544856,-0.01528465291502834,0.04668314836634013,0.02788116353584924,0.027886241034191295,0.2593031345793788,-0.012868732651796666,0.005918290720686836,-0.038113545603011945,-0.03443289427905272,0.02367576878720068,-0.009305933335690297,0.008543389312810512,0.012194383294309497,0.0032135060610372634,-0.025689443279988566,-0.033899391688849145,0.019203150654285295,0.015247028676645236,0.14538040437694,-0.012309249912369924,-0.0033657194089947717,-0.01886722673211072,0.0036094394306151467,-0.027489819320962616,0.0028909287819509633,-0.004429877985531405,0.010642448814921712,-0.00017400628142105745,-0.006543670971392079,-0.0044680256830100795,0.021605825589859573,-0.019461955948267384,-0.020815914702486116,-0.016851156477471485,0.004425897869429762,-0.016673906266441052,0.03619943279824733,-0.032185413958782494,0.004257409627185071,-0.014988838026745999,0.11202864255973966,-0.01962629836645291,-0.007522515857479706,-0.0036792400071474773,-0.004767900467869068,-0.003614460271481157,-0.018248503945495598,0.19943277715051355,-0.014781906299003,0.017650296626189554,-0.0034752318645976943,0.0013310396330171725,0.008732258068419485,-0.0125826929606907,-0.02431591049756232,0.011279143771711853,0.0308567483513027,-0.012613702193523868,0.009530466955741002,-0.006056923771185996,-0.010546788659060558,0.031061170248009917,-0.01212428145323674
135,-19.0043934374881,-15.6142531675047,1.2781753197270804,0.08470204883923038,-0.5627571267798559,-1.072501033195143,0.43693570040104857,0.013564880214198882,-0.14127072308175914,0.37838675370459074,-70.8751717969681,28.424533750510204,-0.26190289982515735,-0.14481169561568805,-0.5078570882276364,0.1004804500114509,0.0699298472401293,1.014458431553712,1.060538520071224,0.3761129189087673,0.042680745884639215,0.018915992465205922,0.04031846153548824,0.029900897355112088,0.024801094252180356,0.022250739854313584,-0.02536582033739454,0.40786757870481705,0.1233522443642292,0.3297230974187273,0.6796079564652776,-0.05074615376132241,-0.07850467888468438,0.20939792469969465,0.09334919001194875,-0.02776702108257645,-0.009768363972387617,0.1640041460163011,-0.03247190935226407,-0.003831272406914249,0.004550260635800496,0.22143502413979377,0.16199183383768845,-0.06834860104926488,-0.017181913177005015,-0.048404745738934496,-0.021748357386224826,0.011812269194672848,-0.012946208702950934,0.009158717723960152,0.012667911383442448,0.03933864062030579,0.05976783681105413,-0.032824244440811556,-0.023574369300153775,0.009693610539017544,0.1176142385241008,0.030199518048313223,-0.03471996014216039,0.08899818758535427,-0.013372179021431063,0.13566315922984362,0.0069069069938982874,-0.014047776048392469,0.00022041563577096523,0.008883714195822068,0.006390453663383477,0.00047132822502604643,0.0009501359663239284,0.005636485404780622,-0.004170715525009583,-0.031177333870833657,0.07857412482619441,-0.036507369040126525,-0.009911967592488025,-0.032968942755985386,0.005785199582180878,-0.016146465623609774,0.022751593837032624,-0.002971367297986638,0.007280618490579566,-0.014648206195701396,-0.016647452670286778,0.0013172561450763842,0.0015278242783036133,0.005368810294480275,0.10677645554612303,0.09115864884010438,0.005291857437242954,0.0792492114469927,0.021225760066364785,-0.014830119152213772,-0.02069102667621492,0.06376741980178657,-0.027026387530806106,0.004446298320849612,0.018290311368066137,-0.006537705903143398,0.00381715552964651,0.01760352961809919
139,-1.67308660338568,-7.244516321574109,-1.1218421128553093,-0.9122194473431944,0.4064581477838516,0.10886165889826249,-1.3783653648059528,0.0448584719970902,0.4603275161028106,-0.030845852111771488,-0.7595115011457572,-21.41725863069512,-0.3757992112148262,0.5986558663627615,-0.7021008509090403,0.6319466332486148,0.00623446716955145,-0.037020956092351565,0.051352769754792416,0.03566978053766534,0.035645883477546825,0.38237603287027344,-0.03903929113895077,-0.027821541477088263,-0.4986747068099702,-0.01049854436653852,0.030234053057318244,-0.02517440392789072,-0.0085370653935804,-0.024205965193769607,-0.6129365460833444,0.023648338493657134,-0.04993409672215188,0.3029100006583665,0.9179344027575018,0.3519317279250219,-0.09172479071641382,0.05156661817194941,-0.004919838117699915,0.22836429237835165,0.2630095617432793,-0.021724727474077055,-0.0016366983166785642,0.18660511038080685,0.00967249545205029,0.013435387720545325,-0.0022638295670703856,-0.023598727478177373,0.01010204456843751,-0.02051932814450297,0.014185883123671805,-0.009796057981178996,0.19057136937322228,0.14460660232462041,0.007420136252596882,0.11389210585913201,-0.023521598564670065,-0.024419633633658178,-0.02177556929464386,0.006728806631513956,0.23986300689950868,-0.009243014864955712,0.010129552032142053,0.0005276817593293792,-0.016536960929504962,0.009538952125045658,0.0013830276914461037,-0.01581310927490054,0.14562541571050325,0.11878139877715665,-0.02142183460024627,-0.00940127423883691,0.019727945741188524,0.09100681503212704,0.004740396773969591,-0.007003292050457466,0.004303490633296825,0.015771070254510855,0.003574463838062189,0.07234592573824883,0.09913034200849014,-0.0009725013448725339,0.005421864396728808,0.0046308870914257075,-0.0007260206671711456,0.08463568003916255,0.07342193858266222,-0.016502161501579238,-0.01558079684071767,-0.010150901695115122,-0.02724553852034939,0.06375691936884298,-0.04377959918340668,-0.008257418208651557,-0.005547217577045099,-0.00536206847382259,0.05843322610539681,0.009674912096516386,-0.016990752959552324,0.01085508181966588
140,-90.3707077873196,36.243231140471806,0.29331514631221667,0.39534514285797795,-0.05137104851407226,0.04442363402973021,0.4797948488113394,0.037106514673967195,0.41998828427006396,0.010030461575090022,-1.67308660338568,-8.66565341705121,-1.319960014405349,0.24282221932005432,-0.883429177434227,0.4267833337157463,0.4365338890217139,-0.032217588781799256,0.028949202961304765,0.12408422343049164,-0.0033134093822848043,0.0009656281818796741,-0.7723233834705038,-0.09069733908932975,0.8003898548194682,-0.06394903476535263,0.042216444023647215,0.1706614843802512,0.008979353840376708,0.02772320979185916,0.2685054674135763,0.16908343546699767,-0.33969766693746417,0.1186973999036578,-0.015176125675499707,-0.03599069551928602,0.01117565237680651,0.34398633833691095,0.715601182751801,0.03806049459773447,-0.05625941708138149,-0.003819328277221812,0.11576005885798102,0.02035852068225441,-0.004841975193002876,0.08592603669882326,-0.004961884084542942,0.07310571733131521,0.06264581818265502,0.0071462986913792825,-0.06408988794717096,-0.008180806279850295,0.09804166050801078,-0.006170204391297215,-0.05603003731266276,-0.006893682179508032,0.08336508254499608,0.020077273589410513,-0.021601255635940175,-0.003924051120900496,0.0017521056024434878,0.052059262568235454,0.0385320944931955,0.006439997369151018,0.006863676228294202,-0.006348752611504693,0.0433627614330121,0.00600368402035556,0.00064029770016788,0.00015726546341537917,-0.019047861964740842,0.07299651138584862,0.014148760700453247,-0.03190954646994815,0.06305021719990433,-0.03852942615810795,0.01100289055955428,0.008319952219494366,0.006265908797208262,-0.014985268396700335,0.006143977614293306,-0.0003148720813499484,-0.0005300322421434023,0.03777616762509983,-0.0505434167953045,-0.0061369409592080815,-0.00035302996793756813,-0.005536050036559215,-0.012200991570711528,0.005957721536570371,-0.003199074039150984,0.009665377709525858,0.005348528679695919,0.004493046804480946,-0.01461561428532343,0.008710753644073477,-0.002682291755627869,-0.01379745166745805,-0.00196275394082826,0.05877972962350575
141,-90.3707077873196,42.738573573090605,0.9948264263283455,0.037018285210641766,-0.5296254846218678,0.31166335942609225,0.19937007166367715,0.5215727949670982,0.037553221715635465,-0.35628396387938877,-2.61214098539182,-23.81037939355279,0.2923327493178296,-0.3817680582453241,0.2900656798668815,-0.13806704699842243,-0.7648308512724786,0.13992202717507674,-0.017653813796934814,-1.255810491949888,0.08496203116373069,-7.684640665039932e-05,0.0261456435405234,-0.05264258081185069,0.008498226922329266,0.01790483117618452,-0.07385491794835608,-0.03630503394988516,-0.008486589358616237,-0.012791172251049199,-0.08365432160413366,0.38345409212168446,0.16013665601572102,0.6073969670600572,0.05221675433140521,-0.012462094715373406,0.15125935895349985,-0.010076374056044668,0.0057000841696975835,-0.0060496700113051305,-0.01316106164207076,-0.04364853947797609,0.011750170481597766,-0.020770890637452855,0.020596670336648915,-0.008671282179824047,0.03731281414346499,0.3516497453861156,0.013061620272220964,0.00995112671621412,-0.007490322906737901,-0.002239228904662327,-0.03419180026979696,0.28492095877360724,-0.0072552231152471225,-0.027309930450532094,0.032766753656442826,0.0006580078017279223,0.02565854200615242,-0.002494882724815628,0.06010439301371773,0.006071600961791379,0.06984943142809152,-0.010225275262966571,0.003940550029625789,0.006071920898407246,0.0035899301289993857,-0.018363463950292203,-0.02768665110388735,0.002954514444169387,0.0023433957242922077,0.026465800438787546,0.0220381042764215,0.003777558292852423,-0.005069632160916604,-0.006076974102204036,0.005866677242980289,-0.028328044747247594,-0.004360493260314069,-0.005065381964821647,0.0012880731382058919,0.007993360040141062,-0.007905241535728025,0.06867555002511927,-0.014657512964062147,0.006980815473779822,0.00040988601730568286,0.015051438434431907,-0.022649108081502556,0.004335194124884256,0.0207935991914725,-0.024716833055685505,-0.022219689844180213,0.18439660721204065,0.004928303087247343,0.01604306331034344,-0.003451594022924387,-0.021082019891611736,-0.0034240850703570747,-0.0027133273088926213
142,-16.162119246533898,7.2445163215741095,-1.514078248252294,0.32703566450554067,-0.9373922198231537,0.08689521009011858,0.05446751970422736,0.03648934301514628,0.9508467026491236,0.028097259613299674,-43.594028762536,12.85489162808,0.43036253939894853,1.2376341270519617,-0.8997108028439063,1.1112659875451085,-1.032629442899261,0.14596648569686,-0.006864509789322237,0.02319448496606169,0.09931941671662625,-0.0852653089604205,0.062398881800764805,0.35774117689642027,0.015267450618613232,-0.0112580857757828,0.0018309993167545113,0.028829214987293322,-0.07055856207942113,-0.012866530508503615,0.02530399646135073,0.17177561596440316,-0.012389190321765442,-0.014366208187957752,0.03057077593990798,0.47556240167779285,-0.019979754400170968,0.29100753302192106,-0.804032982551091,-0.061382632925319314,0.01519404268551694,-0.015240224081558118,0.13663007508468283,-0.013123497542872453,0.01609744723136919,0.02378699669651707,-0.04841322552911054,-0.044433395908445306,0.22723384141711023,0.011224568355416964,-0.006426361620663068,0.03227813353696152,-0.028815032021716647,-0.008395151037267568,0.018612992452308297,-0.045232858048534164,-0.012951324468898684,-0.0044745254115857724,0.16425426000008958,-0.007851268984475746,-0.03936423360983654,-0.008910045064565275,-0.0064189201914243155,0.0004722774652010653,0.018330973168717624,0.17499147514902091,-0.008971920288239232,-0.007581044654601743,-0.02882400216981118,-0.007822064552416852,-0.01165730143996635,-0.010301713773277155,-0.004106734635890674,0.013671802791917653,-0.004622697316486624,-0.002800769535097114,-0.014205257390361714,0.012517017868247549,-0.008591342193031037,0.03828676936503905,-0.006048584203044993,-0.018686087046805522,0.00014990888927579604,-0.00633257079554328,-0.021782997973310403,0.1530533526891853,0.009113692823866537,-0.006239803870553229,-0.0009598429469943603,0.009042742351744626,0.03932810676409848,0.0031738731557789945,0.11292696701138238,0.007751213872671803,-0.0156192458615666,-0.003458762075637445,0.02935440418947577,-0.00833015052156405,-0.023364481479974275,0.09095968641124319
143,-19.0043934374881,1.4211370954770999,1.8584599088782663,-0.8677450108385665,-1.4338551187882727,-1.310258768133238,0.4896393961357571,-0.011254403666595802,-0.007739214746342815,0.5090315867609161,-43.594028762536,-23.388339512391795,0.2529639830157605,0.7009752616724727,0.8250031416284944,0.3670803670013656,-0.6570549539196694,0.3799278692427126,0.029706904438389525,0.010700240671444844,-0.07810551697205736,0.27721649826555184,-0.014879954703518883,-0.007014901211841562,-0.05390460304856126,0.38061447334807796,-0.047567311915804766,0.19995966836379697,-0.014473816517784344,0.026028938425093517,0.032429379945477343,-0.013528770676309088,-0.06883122379017736,-0.17724518072638595,0.13708922906078502,0.20612710751663021,0.7128604531902879,0.11126268532705219,-0.029159401994802825,-0.0022762789192564696,0.13732039260591167,0.01436779724981005,0.10515006465040999,-0.014675190888425282,-0.03601463434849794,-0.03973775213078223,-0.0355318176790983,-0.008335400790953074,0.024574681121102976,-0.00721269066859459,-0.013218915989072877,-0.03236477334771082,0.005263941737172248,0.24513899930541772,-0.03311434325111806,-0.01232182844632046,0.0018193879707256722,-0.028639628639097747,-0.04506972934949793,0.10825800898857185,-0.008604807451500274,-0.00429311342790073,0.09885859821851795,0.17814980661371194,-0.0036707035402623878,0.08298806316335283,-0.0013966755019496624,-0.002564354842481742,-0.007144262586701422,0.010265013090233699,0.08991545743829654,-0.010405957809174082,0.017522702618423924,-0.022213220800967326,0.019043314813169343,0.0677791657106892,0.059307677763854816,-0.0007950605800878877,-0.01385367987103625,-0.0037868590046886696,-0.007713701254436378,-0.0176399543716681,-0.0022833413995840823,-0.0058879172821804104,0.009485881587880274,0.008454934666155045,0.0750878878276946,0.006887177574072312,-0.0021769645219988365,-0.003931706756197917,-0.02044655129280537,0.00026512234935402446,0.055214593321286864,-0.012775413729473106,0.00015884922676209778,0.00026383345822963977,0.0031906121081247824,-0.013055556568791093,0.01116018247098205,-0.018994701824950333
144,-70.8751717969681,29.937448874233752,-0.02127694013334537,0.7338529368977372,0.6602576829417663,-0.44947657314809164,0.3449051908452734,0.07153393854436918,0.027003576010535546,0.01895352527759689,-50.232899772497504,-24.883550113751255,0.7582732702239516,-0.08121165738745839,1.486443721765411,-0.03140072332996735,1.6309641234416346,-0.014826056836897708,1.05104998160826,0.21699831655318813,0.31465024314882384,0.19544672484708148,0.000803500762986617,-0.05352553898194978,-0.051444431312530514,0.1514544424226767,0.11342274949497644,-0.028774810582191,0.06202392671915202,-0.015205720923507384,0.0033795026114987747,0.0400278444200301,0.3804881040233301,0.016145484435926852,0.0144595246285594,0.9211331007561412,0.23902725255544754,0.16509145895126176,-0.04354078328519351,0.0037654781763681883,-0.008085892504115788,-0.03256309094051413,0.0069435854312895895,0.09102810747988821,0.07551421864897279,-0.007420197104115775,0.0013508779659599374,0.006478370735880978,-0.00651531398803018,-0.03970145953386095,-0.11978333571953659,0.12317927936848383,-0.025991061043459385,0.0035243379792851623,0.10052322478061337,-0.03007677245618612,0.08390667193150048,-0.008039592488319487,-0.006660442639456483,-0.005726190018854271,-0.018578803704987434,0.7545974953679997,-0.02917924158325147,0.0005685559435610272,0.012680969876086134,-0.01992529780430785,-0.0026632880984080246,0.014181902976659777,-0.02556083120828756,0.014845474913643297,-0.02633322364442625,0.009512125529442722,0.07452448405660195,-0.0050978954258344075,0.0643582156556548,0.0010306545215655188,0.00564685836408213,-0.025879568044447243,-0.02015856693267115,0.001593556188472088,-0.014730484130071608,-0.0021997101177268358,0.05857841548027021,-0.02491637896649923,0.013017642471329638,-0.021428851311662278,0.01313526838182566,0.04814468795416382,0.010963042967007008,0.041812278503657874,-0.024240632405904572,0.005447644562265347,0.0017331655245228558,0.004422746255759918,0.061556339999838006,-0.0042813200408089135,-0.01789141509333181,-0.018641670276724254,0.0016688581604978776,-0.0468587729168457
145,-17.884245506376,6.495342432618806,0.548240592024266,-0.03548424328754374,0.051846516283242605,1.4491922204496592,0.4316246638664505,-1.877097125514644,-0.6397784963144552,0.5957886846838607,-44.4858066222941,-2.873546575101649,1.9347318901129034,-0.514918417730877,0.3528733612377247,-0.9448480593712598,0.3560429698884069,0.01845695482630258,0.005910593049916729,0.6820766684522781,-0.02390168435366391,0.003570793047823706,-0.014338875828199038,-0.002129863103844609,0.32554591628637053,-0.007082064344435646,-0.007575172076610459,0.004508313476092152,0.006739131972563817,0.23872093311712844,-0.13483724794651897,-0.0034659422953081664,0.012727887041391425,0.3268217239531001,0.03408678100444057,-0.10057117835110763,0.0037955336747282353,0.2191105784445997,0.0007506945629394968,0.13949466292282087,-0.03583301906279546,0.02482275227755959,0.01840038493615792,-1.0469384994044202,-0.005578123908200339,-0.03419060026790999,-0.010299095893730792,-0.004434204361413618,-0.005308146198076735,-0.008584359798784358,0.26500807015482974,0.16014879125182824,0.12249227773881688,-0.06153921413296204,0.01469301297593903,-0.056047038146453954,-0.0073892871422218676,-0.00489473284394748,0.0001147220564287621,-0.009475958572859655,0.027969784132499065,0.007234587185807273,0.04210992320685092,0.005685772488642271,0.04125373395330745,0.03919200932974931,0.10876067489486863,-0.008577126019031156,0.0025747974928159167,0.09337591163949899,0.1059187947450646,-0.01109964030540389,0.08969338786846537,-0.010948738364640165,0.006359249049448429,-0.011891761892995012,-0.002426642334583895,-0.007963673969872187,-0.00017607911624301087,0.011417434801873794,0.011887319420161413,0.08005701221098249,0.017190518133097576,0.01696860002472711,-0.013666078476925692,0.00043285475349877367,0.06151861850452023,0.054996177583412464,0.007201179947488673,-0.014787690276513055,0.00598592945655467,0.009500939291081978,-0.010582345018941619,0.008495296255622453,0.007635745522889981,-0.00036968905987405654,0.08003034884205928,-0.009588714938173037,-0.010529022088321849,-0.010391642901781073
146,-100.0,0.0,55.89192050231073,1.1011119425660345,0.3035578133679127,0.20993622516404042,0.44541288344703833,-0.08983438267227895,0.3917234965628682,0.2416127206735137,-14.0261042959477,-14.783962233294147,0.2369654856652711,0.9556990227493715,-1.6827378087732012,0.5338706408111383,0.4102799259997568,0.009746069364744092,0.3234580184204685,-0.035268856305548435,0.014868601970882148,0.15153215041836687,0.16046072878282858,0.007969405488837775,-0.041949303525093296,-0.027233240266905656,0.030204412065566774,-0.03039151303747245,-0.6130534784110856,0.35834570056062665,0.44548422110248964,-0.052461056126352434,0.029484137002841415,0.0029071534181920877,0.25497252414992344,-0.053079073911119434,7.681019067898309e-05,-0.8979740049712912,0.15570910707257024,0.734874509506525,0.13380076238863903,-0.04780750715761428,-0.013992202372617446,0.010943853869972875,0.020418198980926325,-0.026184609134167258,0.014595389880764392,-0.017187269957115503,0.11042435858614086,-0.017010787282384587,0.0020313080739643996,0.15682248678033606,0.12084923379165269,-0.0027171978775232253,-0.0011058269026123918,-0.018838036418042714,-0.006705133657900486,-0.039415050124664175,0.01284803802616763,0.01388327934966846,-0.013171907182090825,-0.012089514594509687,0.00835872809500443,-0.013715546231465758,-0.010304332661208782,0.008033492599455516,-0.02601735744887601,0.09600804403462937,0.00653372209089742,-0.007798884279732077,-0.018343020763305073,-0.03602972290631601,0.01863562408663677,0.01943200113140864,0.009731736741353317,0.018829629054088137,-0.0016832336349241334,0.017967381663379856,-0.027354367719608863,0.01783787699847339,-0.029078089751085612,-0.009411871651850756,-0.025437270524469646,0.08197612057904524,0.07099374966116767,-0.010107652684540724,-0.008334318026659293,0.010900243791239994,-0.02375310986770085,-0.005089042181534886,0.06035008522963148,-0.01429879910930576,0.05477473264294086,-0.020848606657694946,0.049801620308102645,0.005968782800680762,0.004808732869630265,-0.02561744176721059,-0.0021353604526757487,-0.012159965785984883
147,-2.61214098539182,-23.81037939355279,-0.37143723944142926,-0.7309753841499456,0.1614112540504803,0.0622724263907376,0.29516629274672135,-0.02926775195374498,0.4567959713859422,0.03169657801077577,-4.893560641138389,-19.350234060698803,-1.0550394936123697,-0.0033690096365427274,0.8300633814974332,-0.5134108628334741,0.5567631623936513,0.4097860506361265,0.15277162960198698,0.01479449292555618,-0.037963248089516455,0.022466536463963682,0.04600094044586789,0.24592994844386906,-0.48475058925542447,0.022516811823634325,0.1991533532120865,-0.02620535873673291,0.19435281026054463,-0.020626402902782615,0.30080596638749335,-0.10445078270090713,0.19521776891914633,-0.08679619611001521,-0.024565613054905233,0.029030682022882864,-0.03142010470656165,0.006922581924686172,0.15435397401440532,0.11742397590926146,-0.011189418305938725,-0.0013799216293560734,-0.017328286857433817,-0.019046140671588163,0.020795280883073586,0.1797944129431841,-0.018281282040271574,-0.015279117452713376,0.14365414105544616,0.11407167151802855,-0.0580461858702237,-0.006611123436262467,0.08626448846074619,0.0003161371836691018,0.012051517277129643,0.00023836871891475334,0.0028669514416109765,0.00809793489098487,0.0075287321982851485,0.7265962772493333,0.09326988271057357,-0.004158258029626882,-0.03683175187843779,0.07831628069163821,0.010233394049517121,-0.0029840062124648348,0.007842864774420115,-0.016786001755148217,-0.001924670422197683,0.00943301925325954,-0.0011502460210556648,-0.031874863584989255,-0.030678867556223288,0.011900471550782554,0.06254758424636542,-0.0002627835787223365,0.007497486551895787,0.009953002996277993,-0.016193934171094826,0.010804644801062246,0.06854458778789074,-0.002019911377970529,0.05986685376040923,0.005652679762523052,-0.0020729039844900043,-0.015556399683101185,-0.0015707138229037743,0.0070529976217291734,0.0060930782651979765,-0.039343050233489496,0.005872828783350929,-0.04327815890534681,0.005227616997547736,-0.00838094564956049,0.052526739095252184,0.009509985564012946,0.009473018204582129,0.042782294930377995,0.0078117023154481435,-0.013828245391024119
148,-90.3707077873196,23.38833951239181,0.9516598126751699,-0.2571426753150759,0.8468291792911131,0.853768408750501,0.06174529589550237,0.0518385268070114,0.01830621544541161,0.004384897653585074,-2.61214098539182,-48.69392950730409,0.5978920202964659,0.3991182957983594,-0.14618613429496574,0.6115222151825135,-0.08373061576176855,0.39111824936055695,0.20851656132075513,-0.01580453449067601,0.15029333598058603,-0.017100073558363404,0.1226339634152751,-0.0066435915281405356,1.6932211082955089,0.08977533655654346,-0.13202019859212277,0.8910499852537036,0.012494137928560356,-0.030252338400639456,0.13708042612112026,0.3140651968066217,0.008438185383932567,0.0012619687269626867,-0.11090669101349682,0.1131096680416479,-0.007640029222999223,0.301802612479534,-0.02552190407106325,-0.0038597297321789417,-0.005734402744138584,0.015221401908066201,0.3489663824359024,-0.06399214249891605,0.01800728073378688,0.4027869362502785,-0.005739401492038887,0.06155258847187528,0.053746170160285045,0.002108064829633563,-0.027172677588306993,0.005028357682621089,0.5742663617625391,0.0047477292161000745,0.010015750697522391,0.006558212012052755,0.003795527900235969,0.10658646792557547,0.004006434878680382,0.8849420035390645,-0.04519498344213546,0.012417212146563217,-0.003115428520402752,-0.011920576843643005,0.04642656628131192,0.010157096252756737,-0.04018347463655392,0.001551331680304191,-0.009441504645571808,-0.020816005279909344,0.002308099434679807,-0.0035296582335540283,0.08740756885053869,0.0011696337002908286,-0.0034125023544787775,0.07492114870139543,-0.0043667771327000615,-0.014324999473470212,0.0017606663742274486,-0.0027452666219192484,0.011537741063524232,-0.002103619654684599,0.039075066720237084,0.0010617176281718932,-0.010697702341026627,0.0009677685679236742,0.03668845434483892,0.00042835171594260424,0.03382040386370999,0.006809225112171191,-0.05110280297168934,0.0019276914155725855,0.06655398839527082,-0.02053041571154557,-0.012955331183343355,0.0017104924841763874,-0.03133301002066147,0.05992089704398773,0.0016302696178073922,0.0014720302580310957
149,-14.0261042959477,4.566271827404655,0.6037529403452526,-1.6298327760868359,-1.8326190627531238,0.0022973964180007314,-1.1284594549530642,-0.9145185838354839,-0.07807110741006829,-0.041745650600391926,-16.162119246533898,7.136443822859473,-0.5792017725411756,-1.2255940373194996,-1.0831291236018896,0.7337701169742232,0.08542805008502274,0.09754750455740302,0.30876180915401485,-0.003124554524787271,-0.0005944561235283197,0.027894985997966082,-0.03604269222643253,0.11947448856645049,0.17737319928607964,0.32215586767601856,-0.005599707815942823,0.03537985780048902,-0.030221615372886146,0.07522502281498089,0.5125069310730428,0.0070512260371236035,-0.007715630672943119,0.02523617561330027,0.2634957347189879,0.01261944503481649,-0.02086431003663225,0.00194321851619067,0.17705253251895936,-0.018881188531447157,0.1808370401099162,-0.00973143311864888,-0.15610690552775555,-0.0030627522062680046,-0.019115890064738794,0.046840677919997686,-0.0316906834987839,0.04429770450290493,0.016275501349162003,0.03862846372656881,0.1361067772125215,0.005582703612639406,0.5445993421675245,-0.02283982248953287,-0.0423499652586079,0.1092251633481569,-0.016038622002026437,0.022943058547226794,-0.04441358461496803,0.005360246583186179,0.10092690468869847,-0.016349379348680415,-0.01780125469482552,-0.006590947319325857,-0.015208629829044473,-0.00242711762613651,-0.00268442192900864,0.09259488522744475,0.07955505784826689,0.019847747568626506,-0.04097727305099719,-0.011130549887209962,-0.0028802464484161683,-0.009981177085859327,0.005824442622941239,-0.0013431360487257682,0.013952289356431391,0.010045124557909402,-0.011003503518074997,-0.01003604694372029,0.008952471364877784,-0.007284830339541193,-0.0012362798904055894,0.007524832669952186,-0.025464101470806355,0.00674899473940449,-0.003886512487092708,-0.006178392308900937,0.06672641739238783,0.05945612140554202,0.008484633531114033,0.0978920308553779,0.08350149056108336,-0.011037148614730485,0.07333752409362937,0.0031559114960598156,-0.010826500319174648,0.0031410871009059926,-0.023744508539671916,-0.009641697224770263
150,-1.67308660338568,-0.10807249871463487,-1.3172655870097052,-1.7462967072632711,-1.3231646793837322,0.18283811084093293,-1.2007212507064327,-1.6168438611362113,0.3267963561458995,0.031244625440284834,-70.8751717969681,-9.74776799517575,0.2397949804125531,0.9896174598101063,0.011844012610468024,1.288915516675608,0.024051744367477756,0.1563769560795092,0.08561607792201117,0.1144800127636727,0.057790642634271694,-0.016381929532574724,0.5036101657043788,0.023042429676997156,-0.09458050950860442,0.257929577333329,-0.020899465398799055,-0.021933586979310804,0.18911060427376647,-0.01079707312127387,0.6127450444467755,-0.04851651878765484,0.09921787338145238,0.07688200159143155,-0.06343492955483265,0.06609530811261477,-0.061896326623420705,-0.06269415959439684,-0.03921912200008415,-0.03468237770198401,0.008707746513744508,0.14148250380714145,-0.01787329785431835,0.014881624273464372,0.008517426724421018,-0.01939786293598522,-0.00022261947000890014,0.006626797175883589,0.11711437483886189,0.09553351571780455,0.002417198636158205,0.0005050304063294181,-0.40846503159220493,-0.02874895306958658,-0.03525981877487949,-0.022432933919208864,0.0022509840556660804,0.018352007412087867,-0.021568494856576526,-0.028528555291264857,0.0029177574138219697,-0.018370227736461464,0.0036262717913085464,-0.0005319354036891766,0.002942060534779023,-0.015300125948501053,0.000544440406597263,0.08281506594985877,0.00019288935243522154,0.00043180994215316626,-0.02180360483384941,0.002241365594285172,-0.01787982747051209,0.020451621100787132,-0.015877143338610678,0.02044818693215511,-0.01783644005713647,-0.021793446814960316,-0.010673361350575353,0.06931641635268315,0.0005728735365361504,0.0006592131742476082,0.0019826489985500517,0.0026257022421934326,0.0021350824247084108,0.0006211990630811681,-0.017352055414951773,0.07299790186034483,-0.041327518174567146,-0.01325717613513222,0.05675914249610692,0.06124032632817378,-0.011816213389541308,0.055275517555435805,-0.007188630634213565,0.01299970451337129,-0.005613757012927448,0.012593208111850829,-0.012852217535407107,0.01256574929904497
151,-50.232899772497504,4.973799150320701e-14,1.624063470789559,0.2953564463640589,0.9406895589679847,0.9760975737740178,1.1693872995535455,0.09945719522957785,0.8240082943844672,0.1920798883104442,-4.893560641138389,2.0670245699963163,-1.1569358000690388,0.06271400898275675,0.3628808619228786,-0.1119013518437979,0.20225379068776908,0.06193987896703379,-0.3463022687636568,0.4436536228690484,0.07468357011541404,-0.11174137301205,-0.05528718327140192,-0.005689642104854092,0.016245958609651223,0.02512366057459081,-0.05579619963054139,0.10206100029112508,0.005638623569802714,-0.04945363679318837,0.6571102889204987,-0.03229605803116298,-0.029141789742625157,0.2863917103357976,-0.0002671452989481682,-0.017232727172243723,0.5682951792507878,-0.028049980520474804,0.004390248672312469,0.0023065937118286195,0.07610290765177297,-0.04360043920134549,0.07689285161049542,-1.47146261632912,-0.02460825052616733,-0.002896357529019511,0.04823006749082914,-0.0312899728048589,0.009791124476614899,-0.002664039373016347,0.20743018298966986,-0.02152534421797747,-0.006119050490033251,0.00381791799620973,-0.008474708449691004,-0.5010507044109231,0.007746417867052491,-0.019728531439732744,-0.007141181617360104,0.03014099685915328,-7.98616776372385e-05,0.022877944190556665,-0.025781879591439738,0.3522628513454533,-0.01694688784302234,0.030386031210273945,0.01153422120137626,0.012027724554176555,0.0039058189195735893,-0.022532817125760274,0.006682538742862121,0.002237357579671251,-0.00932773601717174,-0.009525917442642307,-0.01666019517245687,0.0076468167000662834,-0.005636188540585951,-0.01388380975657566,0.0418018260046642,-0.02564360267152943,0.012874911300190583,-0.020735445713632394,0.22116154500453833,0.17521144016434942,0.01744311427202644,0.0006988364559443738,-0.018808502331794208,-0.0018868047756557815,-0.0174096866651009,0.0007013473076182275,-0.01414944940911711,0.12791998108678015,-0.002747008071650403,-0.004326555288360345,-0.020940099120632327,-0.003896740901675577,-0.0035715428779273806,-0.003666873968467932,-0.018613742629050134,0.006932827087559157
152,-14.0261042959477,-14.783962233294147,-1.130521660164093,-1.4189240395063933,1.419470216357316,0.5667157482700103,0.8055674855186515,1.0673555132837058,-0.7390066325346135,0.0011565941353999798,-100.0,49.055384199592524,0.2584287724304817,0.0023166416552257846,-0.07939880752100509,0.36474641563014587,0.1846973851317677,-0.0200665417269609,0.7391783687756786,-0.08132570549561369,-0.026954064035591085,0.022031238125041708,-0.02722603801845469,0.008374127374406348,-0.022105657427118897,0.32432365593074675,0.06166769821447504,-0.0016611854088638411,0.05935886753102548,-0.03536010768235964,-0.06586115570432227,0.00023417263011726863,0.0018399258006959185,-0.05297527591103468,0.003018407127693773,0.0019789502710771106,-0.023723458423346888,-0.09659782637249414,0.18449285488144818,0.0012337595602188757,0.5456046383835034,-0.003180197274726404,0.010376483698447236,0.059044337898144006,-0.001243197483443037,-0.006487281009389556,0.008598056521454678,0.007849902157060107,-0.008833657685995977,0.12255046057929042,-0.025528839553947913,0.14127308799986182,0.10962541724778463,0.0881355672008961,-0.0023316857640690303,-0.0023580595829196527,0.12058297368449294,0.004895198535183992,-0.029073088475699116,-0.027457915492765994,-0.010599531133291373,0.04126191576743388,-0.02094644805208723,-0.01032650674219493,0.09618597079506364,0.031147223134956548,0.07463030251142433,-0.003913319266146242,0.0651501041867959,0.0023467083482349993,-0.0008699595430842338,-0.0008977134813482196,-0.0011444929374246904,0.0036692302451881986,-0.02562068074644519,-0.0004340181866798465,-0.0004778430462661909,0.08371668214787209,-0.024376097582390788,0.002811994433130599,-0.010853964661279303,0.019374936527253528,0.05414082666069997,0.04850460270867085,-0.011386540447779314,0.044482540867852416,-0.016238966015662104,0.01197676865456998,0.03851271567465275,-0.011070507700674193,0.07280686065672914,0.0018351215875736862,-0.024593409071344663,0.0018106650551006492,0.0016257129164350265,0.24683457017542865,-0.0007406250015613153,-0.023087214310417603,0.06518670562543538,-0.0007359128196827158
